ISO3,Disease,Participants,DALYs,PBR,log_pbr,income_group,rd_expenditure,total_publications,total_citations,researchers_per_million,doctors_per_10k,hospital_beds,sanitation,uhc_index,gdp_per_capita,hdi,democracy_index,trust_scientists,altruism
AGO,HIV/AIDS and sexually transmitted infections,3976.0,845583.6119730306,0.1058701593991854,-2.2454473961541637,L,-0.8144684575382685,24.12,437.72,35.450738799999996,1.5514,24281.724,-1.2878847399390634,-1.568937891385122,9754.451718302276,-1.174392950125981,-1.2330271067596574,-1.16608350471377,-0.3677773910794196
ARG,HIV/AIDS and sexually transmitted infections,1035.386452631579,105574.96411947857,0.2208133285601881,-1.5103923154492656,UM,-0.1971266896177451,2264.52,74790.52,1070.2597744000002,44.25206,181393.79928400004,-0.1479497937403469,0.7764603378206705,25990.3505237228,0.6905695827419523,0.8295144996597187,0.3344486229405448,-0.4775553563135469
AUS,HIV/AIDS and sexually transmitted infections,9130.912635,7949.0490824922545,2.886564732689063,1.060070585600836,H,1.686037901709881,22961.92,947877.52,4359.00251,33.058800000000005,85850.1701944,1.456383302363544,1.3180591461304236,54212.04883866928,1.2635086634330837,1.1629095068767166,0.669592854497853,2.2668937745396383
AUT,HIV/AIDS and sexually transmitted infections,211.66253571428572,2958.974582536065,0.0669130934932438,-2.7042111771948796,H,2.655772449106955,5286.92,240017.96,4695.050182000001,48.396800000000006,63505.0815056,1.6309661067007597,0.8590771051899555,60268.85667814417,1.1438676880877248,1.1294922917011208,0.9514186855801358,1.3042254640249829
BDI,HIV/AIDS and sexually transmitted infections,581.0,389247.2740628998,0.0336073524993765,-3.392712901890168,L,-0.6220351334192457,17.6,368.2,20.6824158,0.5528,8759.857224799998,-1.2878847399390634,-1.4450127403311952,1019.3543992426344,-2.0178246707283605,-1.2653563195806996,-1.16608350471377,-2.4408920422315954
BEL,HIV/AIDS and sexually transmitted infections,962.97709,5321.553527658093,0.3044269305268127,-1.1892913379921604,H,2.2618360855426443,7814.2,391540.56,4406.680888,31.26,65894.4112724,1.0201304133783438,1.1229917787307244,56940.3921111463,1.2300686392682318,1.2583428562619086,1.24847834536957,-0.013110118784546
BEN,HIV/AIDS and sexually transmitted infections,3901.9375571428577,180791.5843897623,0.485943584613004,-0.7216421645540421,L,-0.5072401214689258,99.28,2101.76,,0.7802,4799.8084716,-1.4796755259063692,-1.9682522670033291,3038.469075736016,-1.505573041299367,0.05470139430926,-3.009376778278969,-1.0897786239654117
BFA,HIV/AIDS and sexually transmitted infections,2144.097125,411365.0961505409,0.1173547745909339,-2.1424684626847874,L,-0.5476922417657978,159.56,3312.8,46.57809999999999,0.665,4295.738,-1.3435486109526469,-1.8580965771776168,2061.603181376113,-2.060182034670506,-0.1773539650263939,-0.9528099028136646,-1.0855563945333295
BGD,HIV/AIDS and sexually transmitted infections,5234.5,267141.01525889436,0.441182604959959,-0.8182737529400891,L,-0.5977808384269677,1578.28,27412.72,,4.420799999999999,98716.98583,-1.0628404320668117,-1.4312432791029814,5113.32897934955,-0.8813592568887959,-0.8733646141255625,-0.2672876109918965,-1.2797789484090936
BGR,HIV/AIDS and sexually transmitted infections,1650.1651,4870.953293615398,0.5216683776510934,-0.650704015756547,LM,-0.0529334492358485,540.64,14482.68,1794.3050359999995,39.0588,51813.283158,0.3708480312202768,0.1866684152121687,22821.77151822954,0.4636728261863637,0.4064370126458878,0.3725331947084208,-1.5500016320623302
BHS,HIV/AIDS and sexually transmitted infections,23052.0681,8102.718707888637,7.287473821394917,1.9861583316254217,H,-0.8138068089056336,36.96,823.12,,22.5584,1058.0563458,1.2020927093083464,0.8774363868275739,33575.55781679383,0.4698654232539282,0.8215876253622518,0.943801771226561,0.8017801616072459
BLR,HIV/AIDS and sexually transmitted infections,335.26079999999996,19286.098006255823,0.1059863389584519,-2.2443507235943367,LM,-0.0607532128429428,198.64,3022.28,1472.9208640000004,39.4592,100249.4446188,0.8904415654722012,0.624996264310316,22194.85517432224,0.4379116223852935,-1.3315690343007185,0.0602397062118369,-1.030667411916266
BOL,HIV/AIDS and sexually transmitted infections,878.8254999999999,93478.7317274988,0.2116769587102938,-1.5526467054299424,LM,-0.6163180276179551,58.8,2683.08,100.5244707968,9.19619999988,12581.1942184,-0.2250687763546017,-0.5178690176314497,9949.461080913694,-0.2566500647128187,0.2946836279423804,-0.4196258980634005,-0.2453327375490466
BRA,HIV/AIDS and sexually transmitted infections,29734.191954545455,856893.6057805748,0.7812912982961229,-0.2467944182681314,UM,0.5891447452387177,13637.08,322292.68,714.2783391999999,20.265399999999996,489032.7424200001,-0.3604685310344718,0.8039992602770988,17255.480171781295,0.1272909534762228,0.9720428081063328,-0.0844816665060912,-0.4606664385852196
BWA,HIV/AIDS and sexually transmitted infections,86587.12085,457135.897873921,4.264731763720694,1.4503816313311129,UM,-0.2097087846620601,121.56,3325.96,173.69786240000005,3.6592,4949.3935444,0.1460837543893123,-0.5706519523396035,16066.874131336312,-0.3802543021814212,0.4232233346875828,-1.9734764261927416,-0.4015552265360742
CAF,HIV/AIDS and sexually transmitted infections,1725.5,510851.7206281597,0.0760508113695087,-2.576222109046037,L,-0.5072401214689258,18.04,297.52,,0.6061000000000001,4812.727568,-1.2883629177770182,-2.025625022120888,1211.117442736569,-2.2795238228036654,-0.9414424757391032,-1.16608350471377,-0.1693326077715739
CAN,HIV/AIDS and sexually transmitted infections,5804.810643478261,23374.536471995863,1.8350807146237091,0.6070939160468659,H,1.489609040499211,29544.04,1275399.56,4570.958856,22.546620000000004,99529.369204,0.875489649203869,1.3731369910432796,54193.397774207595,1.2082706975904025,1.0116771795936688,0.9361848568729852,2.102226826688448
CHE,HIV/AIDS and sexually transmitted infections,2987.2606055555557,4282.512214681078,0.9443657448101342,-0.0572311572749578,H,2.83128423767282,11251.64,585294.32,4556.711074,40.1264,40273.9280124,1.5890091833903168,1.1229917787307244,75268.81661408668,1.322462187516304,1.262539436772333,0.9361848568729852,1.3760033643703735
CHL,HIV/AIDS and sexually transmitted infections,533.3479692307692,29385.819550326032,0.1686078379867085,-1.7801204383779647,UM,-0.4130662354494351,1847.84,56678.32,427.5335204,18.3712,38510.5147576,1.0855542670616256,0.5905726112397812,25118.03849731798,0.6531662964538584,1.18093926018076,0.2963640511726688,0.316223776917836
CHN,HIV/AIDS and sexually transmitted infections,49790.02854117647,1367685.83997585,0.819671383743228,-0.1988395706421379,LM,1.4510467220526826,70455.56,1591215.32,1135.717754,17.930799999999998,4576265.56984,-0.4306275453050752,0.5951624316491857,12907.16100572696,-0.0636887400874875,-1.873083349053176,1.4389012042089502,-1.7653353330985035
CIV,HIV/AIDS and sexually transmitted infections,9926.682066666666,1738556.4803384717,0.1285579850729588,-2.05129744783768,L,-0.7664348184326426,112.92,2443.28,63.99303,1.6373999999999995,8218.7208,-1.1558010247055155,-1.642375017935597,5070.246318122955,-1.4575184880550616,-0.449976269296144,-2.10296397020352,-1.246001112952439
CMR,HIV/AIDS and sexually transmitted infections,3817.934408333333,1690036.623523862,0.0508646541244031,-2.978390433780018,L,-0.5072401214689258,322.64,7905.04,,1.2016,62153.52664999999,-1.2878847399390634,-1.422063638284172,4525.251514428976,-1.2093191975870483,-1.0312803844437304,-2.64376488930736,-0.295999490734029
COD,HIV/AIDS and sexually transmitted infections,40255.192833333334,2085738.8669327484,0.4345559752129724,-0.8334075041165394,L,-0.4953296767226226,140.12,2689.56,10.10515,1.2394,48492.72640000001,-1.2770076933611387,-1.7525307077613093,1285.819981235234,-1.6878830989684863,-1.0872347912493805,-1.16608350471377,-1.3642235370507303
COL,HIV/AIDS and sexually transmitted infections,7278.210725,158889.90466735046,1.0313642410828652,0.0308921276116452,LM,-0.5575000287062973,1535.84,34683.2,70.2291404,18.6208,74993.781868,-1.260564016157332,0.6410606357432325,15052.503408239549,0.096080264255694,0.2129280224430147,-0.0768647521525165,0.088223387585417
CRI,HIV/AIDS and sexually transmitted infections,39.312733333333334,10655.828039028514,0.0124279745214767,-4.387001024744674,UM,-0.3306758499618466,168.72,5317.68,325.1844104,21.7234,5792.390856399999,-1.0313112732057932,0.957758243992156,20060.82964907356,0.3494813362604607,1.2672023040061362,0.1364088497475889,0.3880016772632269
CYP,HIV/AIDS and sexually transmitted infections,476.0,400.51469869364666,0.1504783659295185,-1.8938695005751185,H,-0.2176931910684379,465.16,12374.08,1138.2687364,24.4508,2915.2800792,0.8165243500751518,0.4207492560918083,42427.20460720808,0.8961638053851175,0.9855651230843652,0.1135581066868635,0.4302239715840451
CZE,HIV/AIDS and sexually transmitted infections,231.5984222222222,1777.8599977459169,0.0732154456467535,-2.614212300295005,UM,1.1611697366947522,2464.28,83101.08,3115.7949599999997,38.12964,73756.44399880001,1.2863611701080897,0.9462836929686442,40335.77650259335,0.948181620752665,1.142082033232391,1.3551151463196212,-0.7013335162138837
DEU,HIV/AIDS and sexually transmitted infections,4187.924065,35997.02036048968,1.3239327099540057,0.2806141861511364,H,2.728296832832491,34293.0,1532108.0,4359.623428000001,39.07,677483.163832,1.515365013659394,1.1138121379119152,57073.37934866153,1.3090861778503635,1.228189648149975,1.4998365190375504,0.8735580619526369
DNK,HIV/AIDS and sexually transmitted infections,1869.3387176470587,2105.2401504423015,0.5909559571435105,-0.525996865361145,H,2.688188615952814,7153.56,338384.52,6645.832076,37.828,17918.6769232,1.518770655459118,0.8980905786698948,63245.14222976299,1.2768846730990249,1.3472481915197752,1.0732893152373375,1.0128916332113371
DOM,HIV/AIDS and sexually transmitted infections,996.3563125,127232.7128609012,0.1763192127157775,-1.7354025044065178,LM,-0.6163180276179551,76.56,1606.92,23.9788592,15.9652,13655.559303199998,-0.1924475372210277,0.4207492560918083,16818.470743654518,-0.0089461820102115,0.2587795502420891,0.288747136819093,0.3120015474857542
ECU,HIV/AIDS and sexually transmitted infections,469.58212,70272.28927584235,0.1484494749733594,-1.9074432537845116,LM,-0.465617549869982,328.24,6772.68,240.1625596,15.6632,22522.0236884,-0.2250687763546017,0.487301652028176,12441.051274374971,0.0782455847011063,0.2217874701872428,-0.983277560227966,-1.0180007236200206
EGY,HIV/AIDS and sexually transmitted infections,280.0,56403.83029965887,0.0885166858408932,-2.424451237495425,LM,-0.1462666824577513,5285.44,71870.08,621.9283252000001,6.3452,133970.47101199997,-0.6458053506197035,0.4850067418234732,13357.879306684385,-0.2197421861901304,-1.449850433131551,-0.5491134420741792,-1.030667411916266
ESP,HIV/AIDS and sexually transmitted infections,24987.576365,66398.95480763758,7.899348025092978,2.0667814935245294,H,0.7212703352108207,17886.52,638478.0,2728.3601160000003,37.743199999999995,142394.354176,1.3191574531884838,0.8797312970322765,43711.9780393328,0.9521448828759064,1.1705255233585974,1.2256276023088415,-0.4944442740418742
EST,HIV/AIDS and sexually transmitted infections,1005.815,2067.8688574825537,0.3179693227466358,-1.145768921125356,UM,0.9088682387994828,389.56,18838.48,3225.7261000000003,32.8172,6929.693693999999,1.3200029007099876,0.551559137759841,34147.59681739785,0.88303549960188,1.222438778561617,1.126607715712365,-1.0222229530521023
ETH,HIV/AIDS and sexually transmitted infections,12986.972809090908,2019482.6393932516,0.1447943300586839,-1.9323718957574356,L,-0.4948360047777304,1176.0,22007.16,52.3478988,0.5660000000000001,26162.863530400005,-1.6890782080036626,-2.3698615528262392,1821.9964066710625,-1.9155229671721832,-1.2364465427311138,0.3192147942333942,-0.6886668279176381
FIN,HIV/AIDS and sexually transmitted infections,121.2235888888889,1013.789076094026,0.0383225369077977,-3.261456215821146,H,3.215384091565292,4334.96,206147.32,7524.242588000001,34.032000000000004,27518.692702,1.2316545120575315,1.0449648317708449,53891.28379728628,1.2513711731806567,1.1834261227054552,1.3017967458445934,0.4555573481765362
FRA,HIV/AIDS and sexually transmitted infections,45007.42565416667,52372.56663296269,14.22824341834725,2.6552296651693146,H,1.9322709532508728,21434.08,1005259.36,4058.14122,32.8628,422344.22919199994,1.2577313164408972,0.9003854888745976,50206.07391192202,1.0217496739153389,1.1953941486055528,1.3017967458445934,-0.5915555509797563
GAB,HIV/AIDS and sexually transmitted infections,631.1822999999999,89019.53411748544,0.1596442361391301,-1.8347448262608672,UM,-0.1834849309493806,51.88,1594.76,,3.39772,3474.87075,0.1460837543893123,-0.9332477646825736,19483.622283180644,-0.1801095649577127,-0.8352845317161619,-1.9734764261927416,-0.7055557456459655
GBR,HIV/AIDS and sexually transmitted infections,32436.305300000004,30767.771194598776,10.25412230742643,2.327680776284549,H,1.7873119443352363,50955.64,2309909.96,4100.1239000000005,26.6688,191846.488844,1.5557859539332275,1.1138121379119152,48709.53277199082,1.1844911248509518,1.127160858084218,1.2027768592481172,1.8531152901956205
GEO,HIV/AIDS and sexually transmitted infections,285.7715,2533.0103423384753,0.0903412360277886,-2.4040505815970925,L,-0.5943974545469862,150.76,4053.08,1033.0797744,49.87840000000001,15784.702178799998,-0.7122671795473384,0.193553145826276,13219.248340109913,0.3465088896680306,-0.0837857625347237,0.2582794794047928,-1.347334619322403
GHA,HIV/AIDS and sexually transmitted infections,8688.41364,1059859.5428457337,0.1845762944696456,-1.6896382041461018,L,-0.4399609701012515,789.04,17859.36,54.02035479999999,1.2055999999999998,18842.2045884,-1.482073723356602,-1.3371519607101856,5281.493507040973,-1.00991757201145,0.5940397043526083,-0.937576074106514,0.3837794478311452
GIN,HIV/AIDS and sexually transmitted infections,226.3584,286266.31528146955,0.0178036937925837,-4.0277878032644745,L,-0.5072401214689258,43.6,796.44,,1.4486,3053.1244680000004,-1.2878847399390634,-1.9797268180268408,3050.643557435063,-1.7703684919084552,-1.1091502672482598,-2.171516199385697,0.5231130190898454
GMB,HIV/AIDS and sexually transmitted infections,336.0,65650.9260726154,0.1062200230090718,-2.242148507593497,L,-0.7940840376880294,100.12,4097.76,62.712215400000005,0.9686,2436.9764118,-0.6645454941030067,-1.0548780055317974,2685.014329065316,-1.5952418468377114,-0.8657485976436823,-1.16608350471377,1.059336156964237
GNB,HIV/AIDS and sexually transmitted infections,2555.0,70205.75132208965,0.8077147582981508,-0.2135339241645631,L,-0.5072401214689258,20.92,718.84,,1.5402000000000005,1526.3769999999995,-1.3833148866787637,-1.5482836995428009,2281.855422997779,-1.647507366087962,-0.5252038606681847,-1.16608350471377,-0.5704444038193469
GRC,HIV/AIDS and sexually transmitted infections,137.363275,2425.825790006495,0.0434247923544686,-3.1364944918856024,H,0.2951881062187891,4336.72,150813.44,2715.1557740000003,56.946000000000005,48714.6293188,1.127178183699807,0.4230441662965101,34962.40147931398,0.9199433781245676,1.1296477206089144,0.4563192525977476,-1.8624466100363852
GTM,HIV/AIDS and sexually transmitted infections,62.15883333333333,39759.67457844326,0.0196503354371539,-3.9291521024984983,LM,-0.8004733066932486,99.44,2566.92,23.9059628,8.4648,8965.4912772,-0.4238102430226781,-0.4077133278057371,10493.190490144729,-0.6571872430429359,-0.0018747281275638,-0.5262626990134538,0.7131133435335272
HND,HIV/AIDS and sexually transmitted infections,2800.0,16565.50921970537,0.8851668584089324,-0.1219678139294694,LM,-0.8047306822554082,47.52,1026.36,69.9383956,4.2728,5237.808084400001,-0.4238102430226781,-0.2562492542953826,5659.597256564474,-0.7763328106228904,-0.3759921091864512,-0.5262626990134538,0.1220012230420717
HRV,HIV/AIDS and sexually transmitted infections,168.7216,1005.2328348897792,0.0533381316491887,-2.930916322481374,UM,0.3697420586569883,1030.28,27929.72,1797.05422,30.722800000000003,24049.1890904,0.8242599381710966,0.4895965622328778,30424.392753499713,0.696019068161409,0.7939212797750141,0.9514186855801358,-1.3431123898903212
HTI,HIV/AIDS and sexually transmitted infections,35618.89142,517823.395562028,1.5487541356298375,0.4374572810413308,L,-0.5771758690325169,45.92,956.52,,1.833,24589.3873284,-1.0628404320668117,-1.4909109444252424,3257.3885005278403,-1.2038697121675912,-0.7086099718644819,-0.4462850983009133,0.3753349889669817
HUN,HIV/AIDS and sexually transmitted infections,539.1064833333334,6353.8365599780445,0.1704282829285907,-1.7693820247464505,UM,0.6803707045015658,2102.56,78112.24,2685.499484,32.2488,71875.4526304,0.7481050872363765,0.7351519541360284,30921.08529583642,0.6828907623781721,0.4529102560761359,1.2637121740767174,-1.0686674768050024
IDN,HIV/AIDS and sexually transmitted infections,4407.4771222222225,612405.4748276703,0.1620446700251365,-1.81982153138874,L,-0.6656954802255216,3763.72,23272.12,210.39034100799995,3.1054000000000004,225577.216428,-0.3561563550969788,-0.5224588380408542,10027.896402198325,-0.31758521985766,0.27851902153186,-0.4196258980634005,1.2662253991362464
IND,HIV/AIDS and sexually transmitted infections,88787.166,5882695.314296007,0.3398267697591998,-1.0792898655950545,L,0.0720960873777242,20999.84,361898.64,187.8770994,7.322399999999999,2253635.67836,-0.61746182271422,-0.6119603360242456,5997.703428215718,-0.7773236261537012,0.1022626400940626,-0.6633671573778073,-0.9968895764596114
IRL,HIV/AIDS and sexually transmitted infections,130.8986125,1166.2093603505089,0.0413811119988261,-3.184689107217902,H,0.7307749947545085,3862.56,148567.64,4045.541872,34.0572,16883.00737,0.6240834065073566,0.7856399786394805,78796.19120554483,1.188206683091492,1.2448205412838769,1.0656724008837637,2.102226826688448
IRN,HIV/AIDS and sexually transmitted infections,494.0,45629.944625405624,0.1561687243050045,-1.8567542588882504,LM,-0.1557949356736106,7732.64,138160.44,1107.6320056,11.578600000000002,135331.79713999998,-0.2543426108629983,0.5836878806256739,15041.31246333119,0.2729408365053547,-1.5152860033126028,0.5477222248406503,0.1431123702024811
ISR,HIV/AIDS and sexually transmitted infections,1660.6993916666668,2828.9242629525565,0.5249985940297174,-0.6443406469440794,H,4.973907159605384,5799.44,244241.44,,35.7984,25646.0703424,1.2440864165759786,0.9325142317404296,39990.70193898606,0.9964838778796736,0.658542701086899,0.9285679425194104,0.4006683655594721
ITA,HIV/AIDS and sexually transmitted infections,2868.016818181818,53488.33470552561,0.906669084576422,-0.0979667122300012,H,0.7472433779301987,27038.92,1044767.56,1939.442776,40.6904,211767.055088,0.8954470267798256,0.8728465664181693,49972.48038745556,0.995988470114268,1.086438484242328,1.24847834536957,0.1051123053137447
JAM,HIV/AIDS and sexually transmitted infections,11169.25,26729.489710236154,3.5309464047442742,1.2615687704368042,LM,-0.7789225387882717,118.64,3659.12,,5.4326,4748.064388399999,0.2852990076084474,0.2945291948331793,10285.854351618776,-0.1511282106815095,0.7853726898463729,-0.5110288703063032,0.4386684304482085
JPN,HIV/AIDS and sexually transmitted infections,1860.4527555555553,24974.868609781577,0.5881468288761973,-0.5307616508699938,H,3.232001217456847,32291.16,953951.56,5272.902023999999,22.9328,1709055.64024,1.5721622277790648,0.9554633337874534,42257.92967148511,1.1347026444277288,1.026598354741841,0.7000605119121542,-1.334667931026157
KAZ,HIV/AIDS and sexually transmitted infections,5463.0,19553.01023306897,1.7270237669599993,0.5464053513532453,LM,-0.6258432033983137,310.16,6497.16,535.2867768,36.1964,113626.77276320002,-0.2543426108629983,0.9095651296934067,27333.243732460403,0.3777195788885594,-1.2653563195806996,0.0602397062118369,-1.0180007236200206
KEN,HIV/AIDS and sexually transmitted infections,189934.94713599997,4365423.104955619,0.9796304731953768,-0.0205696387149619,L,-0.2059053308362432,958.72,28060.28,148.20428219999997,1.6988,59290.953204,-0.8837322135441875,-1.0617627361459043,4610.232110620364,-0.9873765186855128,-0.3242342828912252,-1.0670636181172928,1.22822533424751
KHM,HIV/AIDS and sexually transmitted infections,3347.32065,138541.52512306476,0.5440027576022641,-0.6087825809264258,L,-0.7358589580161591,118.96,3149.44,25.740740800000005,1.9989999999999997,10587.494602,-0.8422434767823592,-1.0525830953270952,4524.759432725333,-1.1194026881660022,-1.150183498905737,0.3344486229405448,-1.495112649445267
KOR,HIV/AIDS and sexually transmitted infections,297.066225,27670.472964276425,0.0939118489723753,-2.3652922364226283,UM,3.817072996717791,15668.2,409587.4,6080.884064,20.5616,475607.754164,1.4261136430282402,1.0633241134084632,41569.26564396438,1.04181368841425,0.8637088593742831,1.019970914762314,-0.3466662439190105
LAO,HIV/AIDS and sexually transmitted infections,85.93480000000001,22091.542095169003,0.0271666560514285,-3.605396907576685,L,-0.8083007638890943,45.76,1306.44,15.628840000000002,3.2056000000000004,8415.247565200001,-0.1978663155550326,-0.875875009565015,5919.878821376147,-1.0081836448325314,-1.815574653169591,0.288747136819093,0.6371132137560546
LBR,HIV/AIDS and sexually transmitted infections,20266.333333333332,160893.14175506125,2.836099073178076,1.0424330681482452,L,-0.5072401214689258,28.6,743.24,,0.6732,4521.4085844,-1.2878847399390634,-1.6194259158885735,1595.545288408795,-1.5679944197404252,-0.0674657272164091,-1.16608350471377,0.7975579321751641
LSO,HIV/AIDS and sexually transmitted infections,26299.794675,557778.9399775683,1.0616319836398371,0.0598167507669127,L,-0.8014752684016613,24.64,516.4,17.112728,1.8528,2528.5819,-0.833959060508108,-1.0479932749176906,2572.4743171143664,-1.4245738716556144,0.0138235915595765,-1.16608350471377,-0.3931107676719107
LTU,HIV/AIDS and sexually transmitted infections,985.4639666666668,4945.2615677566255,0.3115357298034065,-1.1662091463820778,LM,0.2701680426927716,521.2,14151.84,2906.158892,41.2456,21687.603698,1.2541591137972343,0.4322238071153193,31533.10830529218,0.7931189901808314,0.969866803397224,0.5020207387191984,-1.7611131036664214
LUX,HIV/AIDS and sexually transmitted infections,7.43935,221.26133913137488,0.0023518093100373,-6.048327296880347,H,0.8674798087515446,309.2,12400.72,4689.78792,27.3772,2757.048789200001,1.411644006868198,0.948578603173346,129290.29825284838,1.0811986057639649,1.1709918100819778,1.0656724008837637,0.6371132137560546
LVA,HIV/AIDS and sexually transmitted infections,48.8803,6821.276572431969,0.0154525791389593,-4.1693324231547635,LM,-0.1041619792970423,209.6,6386.2,1829.198268,31.3912,13563.396933200002,1.1296947912680313,0.5056609336657943,27594.885351783112,0.7148445632468075,0.9765502464323438,0.6162744540228264,-1.1066675416937388
MAR,HIV/AIDS and sexually transmitted infections,567.8359888888889,179320.9882136553,0.0712977031563903,-2.640750918738591,LM,-0.0600153976816673,625.52,9553.64,870.8234672000002,6.5986,26635.4212752,-1.511975471024861,-0.1460935644696705,7496.17141389544,-0.6170592140451139,-1.214531066732234,0.0678566205654127,-0.3002217201661107
MDA,HIV/AIDS and sexually transmitted infections,7.4893,11270.972903926864,0.0023676000545292,-6.04166368050624,L,-0.4348873047725504,57.52,1025.16,791.1779167999999,30.582399999999996,20742.6071924,1.3067507525185311,0.2601055417626437,10541.106021422418,0.1054930117983935,-0.0054495930068134,-0.4729442985384272,-0.8280003991763384
MDG,HIV/AIDS and sexually transmitted infections,1794.1969428571429,297319.6206004736,0.1358721010280668,-1.9959676734302336,L,-0.7500759406701825,57.36,1179.48,38.3749292,1.6177999999999997,7315.641778800001,-1.582183667795631,-2.1908585568594567,1642.483307567602,-1.508545487891799,-0.5452541897735428,-1.16608350471377,-1.752668644802258
MEX,HIV/AIDS and sexually transmitted infections,17945.902294736843,328714.18656274205,1.2292227797978978,0.2063902185055842,UM,-0.4004159239181893,3497.52,89418.84,303.6330748,21.1272,118420.111624,-0.4816462417038926,0.5010711132563898,20862.6077118635,0.1892169241518748,0.3029213600554353,0.3572993660012702,-0.4184441442644015
MLI,HIV/AIDS and sexually transmitted infections,357.69626666666665,461640.5616073403,0.0174459328025509,-4.048075699431889,L,-0.4925217732812587,105.44,2811.88,33.941968599999996,1.0396,4003.253818400001,-1.3782146655675636,-1.7410561567377976,2679.265335748308,-2.0579526997261826,-0.2889519208221068,-1.265103391310248,-0.882889381793402
MMR,HIV/AIDS and sexually transmitted infections,1505.0,499146.98745380505,0.0678878092700207,-2.689751509002478,L,-0.7407849064408301,75.2,1745.6,24.3904088,5.7177999999999995,45057.8505552,0.2543526959842814,-1.038813634098881,4160.257687868157,-1.2278969887897442,-1.4243600922534216,1.278946002783869,1.6377815891594465
MNG,HIV/AIDS and sexually transmitted infections,898.8683800000001,6630.753875693304,0.2841601785884737,-1.2581819998998267,L,-0.606735919280835,64.88,1420.4,370.69395800000007,31.70519999999999,21939.410153999997,0.0555595620579777,0.1338854805040156,11806.669179457976,-0.0914315749501805,0.3153556726789135,0.6848266832050036,0.2106680411157903
MOZ,HIV/AIDS and sexually transmitted infections,12685.336192857145,3287118.925428489,0.0868901032835602,-2.4429960581780077,L,-0.441411211580922,132.04,5272.52,32.79408900000001,0.6626000000000001,20040.8482376,-1.140076444058883,-1.598771724046252,1300.3855616581347,-1.8850553895997628,-0.6008977387636056,-1.16608350471377,-1.0897786239654117
MUS,HIV/AIDS and sexually transmitted infections,344.2299,3924.126037133175,0.1088217496976503,-2.2179521700566234,UM,-0.4724135532672008,60.76,1839.4,332.87009,15.0266,4492.2485772,0.1460837543893123,0.4276339867059147,20233.68591839637,0.2134919046567313,0.4642565663450595,-0.1530338956882685,0.7637800967185095
MWI,HIV/AIDS and sexually transmitted infections,573308.8816421053,1992290.199791882,6.479176636196494,1.8685949833805215,L,-0.5072401214689258,332.88,9001.64,42.9861488,0.3731999999999999,17978.519106400003,-0.9663518487866488,-1.369280703576018,1500.3485355091457,-1.5744347206906932,-0.2205632013929792,-1.16608350471377,0.4893351836331908
MYS,HIV/AIDS and sexually transmitted infections,2253.536,108972.32539218712,0.4656204330402069,-0.7643630216421169,UM,0.3205595102977949,2605.48,55587.32,1096.0548646,13.974800000000002,56728.86625879999,0.9490977587343962,0.7007283010654937,26017.720142413487,0.3222339091631748,-0.8323313824680858,-1.50122773627108,0.172667976227054
NAM,HIV/AIDS and sexually transmitted infections,10385.3631,307025.48782729945,0.7616071346542546,-0.2723112975250606,LM,-0.4431584255864033,64.68,1245.32,168.65080719999995,4.247199999999999,5608.9638,-0.3877370729215434,-0.4077133278057371,10254.713643524048,-0.7473514563466852,0.3315202790894335,-2.415257458700104,-0.4311108325606471
NER,HIV/AIDS and sexually transmitted infections,23630.0,150239.78985480755,3.5412982339665984,1.264496216493769,L,-0.5072401214689258,34.96,660.08,19.779595,0.321,6958.332784000001,-1.6347626647580045,-2.0095606506879715,1463.401968659742,-2.3358764561185086,-0.1737791001471439,-1.16608350471377,-0.9968895764596114
NGA,HIV/AIDS and sexually transmitted infections,13855.700235294118,5053095.657046952,0.0617383058501013,-2.7846887394763034,L,-0.5965390932024645,2139.6,34309.04,30.4566354,3.4715999999999996,70528.5225,-0.960798900109685,-1.5551684301569078,7594.354887665404,-1.3435747020118616,-0.3508126261239092,-2.2553022572750243,0.8017801616072459
NLD,HIV/AIDS and sexually transmitted infections,8426.232768421052,6589.593432155279,2.6637935670877373,0.9797550138813278,H,1.6760164894550469,16957.44,859167.12,4281.813516,31.9052,62550.2333876,1.5517671302296476,0.9715277052203698,62999.86555815831,1.2560775469520056,1.1470557582817829,1.012354000408737,1.8024485370106376
NOR,HIV/AIDS and sexually transmitted infections,621.955111111111,1455.4983532329452,0.1966193042048573,-1.6264350274180748,H,1.346422634431936,4862.76,209808.6,5739.830929999999,41.2756,20221.0005844,0.8433966781901925,1.0793884848413795,85207.42722944335,1.3868651970189827,1.2600525742476367,0.981886342994438,1.0213360920755006
NPL,HIV/AIDS and sexually transmitted infections,924.0,115468.16569686362,0.1801745529389765,-1.713773659241506,L,-0.5849687050789807,901.52,11567.88,59.65797,5.1694,8137.124040399999,-0.842358014740521,-1.4518974709453023,3508.52037662225,-1.082247105760611,-0.3497246237693546,-0.015929437323915,-0.3762218499435834
NZL,HIV/AIDS and sexually transmitted infections,59.7017,1214.5893240043592,0.0188735593680973,-3.9694636101809344,H,0.7569952581257706,3266.96,128033.0,4179.645111999999,28.086,11776.8108888,1.1486204745742885,1.2560965706034597,43747.40306150099,1.2322979742125555,1.2142010464485624,1.0352047434694611,2.2668937745396383
PAK,HIV/AIDS and sexually transmitted infections,1295.0,584352.9178292096,0.0498974440838623,-2.9975851073135775,L,-0.5323366079765423,2507.96,50960.8,218.36298560000003,8.3796,102724.429004,-0.61746182271422,-1.0938914790117371,4604.534345725936,-1.3683450902821224,-0.741250042501111,0.2163864504601283,-1.1700009831749665
PAN,HIV/AIDS and sexually transmitted infections,12.731366666666666,29631.34689532144,0.0040247799412805,-5.512803516224387,UM,-0.6140284156054884,76.24,4280.52,118.2820104,14.8664,7854.0216504,-0.7564787574548428,0.6731893786090654,25958.763735724344,0.3569124527415395,0.6501495400660523,0.2468541078744295,-0.0088878893524642
PER,HIV/AIDS and sexually transmitted infections,16812.03491111111,113276.3065634669,3.3416807099010484,1.2064768794814968,LM,-0.6981916603943965,622.88,16100.88,,14.3462,48266.29250039999,-0.6962755389557354,0.1453600315275267,12528.092016874456,0.0827042545897528,0.7769795288255256,-0.6024318425492058,-0.6380000747326562
PHL,HIV/AIDS and sexually transmitted infections,4671.6861,328664.9922684467,0.3200397739142496,-1.139278751801968,LM,-0.6155235363528765,608.6,15265.12,115.4890196,8.777199999999999,99546.5422768,0.039412942133762,-0.0910157195568143,7275.56410305801,-0.306190841253341,-0.3525223441096372,0.517254567426349,0.2740014825970179
PNG,HIV/AIDS and sexually transmitted infections,126.0,87605.60586923972,0.032383396421471,-3.42980069110891,LM,-0.8153788655405375,49.68,1633.88,33.15884,0.5425999999999999,2306.65758,-1.3995141534759064,-2.1702043650171357,3770.9375784213335,-1.2950247410021507,-0.3334045884510399,0.0602397062118369,-0.5387776830787335
POL,HIV/AIDS and sexually transmitted infections,803.369025,12224.83574051489,0.2539698700008203,-1.3705002670694777,UM,0.3119632071327089,6545.88,171263.2,2251.738904,25.763999999999996,247467.471128,1.4163487598517872,0.6640097377902562,29884.23115253326,0.8156600435067692,0.9036540886772048,0.7762296554479063,-0.7562224988309474
PRI,HIV/AIDS and sexually transmitted infections,732.2390722222221,19987.187841192124,0.2314834854154341,-1.4632035466058708,UM,-0.2912377446624314,,,293.1154456,,,-0.7259081394261464,0.6146691683891559,41285.88234229262,0.3102202708520987,0.9021775140531676,0.2963640511726688,0.2866681708932631
PRT,HIV/AIDS and sexually transmitted infections,355.58888666666667,32103.76340064638,0.1124126777485225,-2.1854896025447297,H,0.7576933230784961,4251.6,127431.44,3690.75784,44.1928,36170.0584736,0.7436194726614643,1.0449648317708449,37093.18332037167,0.7200463447835633,1.2093827503069654,0.631508282729977,-1.208001048063703
ROU,HIV/AIDS and sexually transmitted infections,352.64642222222227,16588.412598927833,0.1114824734598551,-2.193798192962563,LM,-0.2801164056690808,1687.2,36692.92,931.5613616,26.8992,142187.626808,0.4608248454821719,0.3771459622024635,27423.4610312035,0.4874523989258137,0.3750403732716061,0.1897272502226155,-1.414890290235712
RUS,HIV/AIDS and sexually transmitted infections,6812.30812,898484.6034183034,0.1707133135664121,-1.7677110822542828,LM,0.5238738769881611,6103.04,95354.44,3038.264508,45.41480000000001,1224673.333888,0.0957556262539488,0.6043420724679949,32776.237809188046,0.5134613066095881,-1.1015342507663797,-0.0844816665060912,-1.31777901329783
RWA,HIV/AIDS and sexually transmitted infections,1627.816725,405679.8336477846,0.0903453564167807,-2.4040049785127,L,0.0225057788146977,175.0,3518.68,35.758095000000004,0.71254,7801.1199232,-1.2878847399390634,-1.288958846411436,2101.280425014305,-1.447114924981552,-1.4361726892457254,-1.16608350471377,-1.7315574976418489
SAU,HIV/AIDS and sexually transmitted infections,1676.0,39511.65218359421,0.529835590961918,-0.6351696526907751,UM,-0.3195537416096209,4051.96,88253.56,589.8781,22.165199999999995,63306.122842,1.087822954732511,0.8820262072369784,58198.93178177366,0.5981760344938795,-2.148347944755415,0.0678566205654127,-0.2326660492528014
SDN,HIV/AIDS and sexually transmitted infections,80.0,361933.1532091209,0.0049767447753905,-5.30097193171244,L,-0.5384291609089094,243.48,4856.4,,2.8784000000000005,27173.1927936,-0.6309188242347716,-1.467961842378219,3739.5830431078225,-1.5043345218858548,-1.4787602099811368,0.2582794794047928,0.1346679113383176
SEN,HIV/AIDS and sexually transmitted infections,1071.2248,146853.79984806807,0.1642400916769047,-1.8063650634629016,L,-0.2795214348056261,181.24,3415.92,435.4852584,1.1557000000000002,10467.9669544,-1.1288642282346195,-1.5046804056534564,3670.3894565647,-1.5296003179215203,0.447470244303365,-0.6405164143170818,-0.5408887977947744
SGP,HIV/AIDS and sexually transmitted infections,1066.512942857143,2633.8097064141907,0.3371578253861865,-1.0871744744111205,H,1.8002535864272085,3571.44,149622.84,6402.609976000002,20.4104,12778.507642,1.640414410801008,1.2813405828551865,102904.17860234065,1.2278393043239095,-0.6695973160083207,0.943801771226561,-0.0975547074261829
SVN,HIV/AIDS and sexually transmitted infections,337.7276,381.9781052785823,0.1067661709607102,-2.2370204956960538,H,1.5688212044735264,826.24,27272.8,3843.0390280000006,27.227199999999996,9423.0723276,0.4858611588299455,0.9302193215357276,39279.976435910976,1.0529603631358675,0.9916268504883106,0.905717199458686,0.160001287930808
SWE,HIV/AIDS and sexually transmitted infections,3736.9680076923073,2248.6767994261054,1.1813715111941738,0.166684525856715,H,3.5012809270090774,10995.76,518697.44,6472.473894,38.8488,24547.856226400003,1.473524592750634,0.8613720153946574,57211.250518340894,1.2753984498028084,1.3132092607130048,1.522687262098276,0.4513351187444545
SWZ,HIV/AIDS and sexually transmitted infections,25211.21643,353472.1199931366,1.60591437173027,0.473699523338708,LM,-0.5128156652371876,34.64,799.72,137.91577,2.0267999999999997,2282.5798,-0.028791635644825,-0.0336429644392553,8537.423289132,-0.9754867323157868,-1.7215401639545402,-2.415257458700104,0.0206677166721078
TGO,HIV/AIDS and sexually transmitted infections,741.75675,300105.373044627,0.0556508093375867,-2.8884789822501378,L,-0.626932102659619,46.28,612.76,34.797166399999995,0.57384,4291.0282384,-1.5715448481507583,-1.8948151404528544,2355.809945046898,-1.3804825805345506,-0.706900253878754,-1.16608350471377,-1.4191125196677938
THA,HIV/AIDS and sexually transmitted infections,103530.80213333332,940952.7961086488,2.47733928923923,0.9071891535812558,LM,-0.0890658759016732,2742.76,67800.16,897.2197834,4.1786,146109.074908,-1.0712678786124514,0.67777919901847,17420.47860657954,0.1337312544264902,-0.8848663533022793,0.6924435975585773,0.886224750248882
TJK,HIV/AIDS and sexually transmitted infections,420.0,9348.055153389516,0.1327750287613398,-2.0190237835257716,L,-0.7365211195547108,18.4,289.32,,18.592,40056.2483756,-0.61746182271422,0.3037088356519885,2959.7547758882215,-0.5425003453516286,-1.4186092226650628,0.8752495420443837,0.2191124999799538
TUR,HIV/AIDS and sexually transmitted infections,504.0,40439.44800857741,0.1593300345136078,-1.836714778426402,UM,0.2945397931399904,9173.76,161346.6,1180.9438388,17.195600000000002,205899.00472800003,0.2173835384083884,0.4092747050682964,24132.177663504997,0.2788857296902191,-0.4148493361348195,-1.417441678381752,-1.495112649445267
TWN,HIV/AIDS and sexually transmitted infections,22165.41039,11145.600746896938,7.007173814378931,1.9469358820083449,H,0.164071915090892,7309.68,202897.52,,,,0.9879854174359308,0.9554633337874534,49027.62762815805,1.1454777633252913,0.9052083777551394,0.1744934215154649,-0.1271103134507558
TZA,HIV/AIDS and sexually transmitted infections,186507.63766818185,4092747.0346805025,1.026042777028984,0.0257191850250065,L,-0.3009049953817357,574.24,14129.28,27.44056920000001,0.5366,34089.553026400004,-1.2874065621011082,-1.598771724046252,2943.8138350321356,-1.3787486533556326,-0.5241158583136302,0.7305281693264534,0.0628900109929266
UGA,HIV/AIDS and sexually transmitted infections,229414.79063181815,2954480.726138413,1.748332381767284,0.5586681286294564,L,-0.5072401214689258,836.28,21372.24,30.2253728,1.1968,14749.42476,-1.2844238342586884,-1.3876399852136367,2351.4495322320777,-1.2984925953599873,-1.0811730638454349,-2.148665456324972,0.1177789936099899
UKR,HIV/AIDS and sexually transmitted infections,6392.054942857142,389045.7555260986,0.3699334190818072,-0.9944052064380576,L,0.0263689861798188,1320.52,13619.72,1140.1403976,32.0196,359398.68044400006,1.3067507525185311,0.654830096971447,15902.135507178204,0.2677390549686009,-0.4111190423477763,-0.0235463516774898,-1.1193342299899844
URY,HIV/AIDS and sexually transmitted infections,42.09215,10037.839573706477,0.0133066343497062,-4.318741322246445,UM,-0.3238726658817929,296.0,10230.92,615.0790922,41.8794,6442.1798528,-0.4592438262531174,0.9210396807169186,25109.14942301282,0.4971128503512155,1.2160661933420849,0.4715530813048982,-0.5408887977947744
USA,HIV/AIDS and sexually transmitted infections,241660.565376,576234.6127889537,9.442569592542068,2.24522920475,H,2.8302856098528664,196098.56,8732175.16,3937.0878280000006,28.6468,934111.267824,1.531247288427929,1.1413510603683428,63579.52211583438,1.1916745374493285,1.1408386019700445,0.86763262769081,2.296449380564211
UZB,HIV/AIDS and sexually transmitted infections,1276.9428,33795.9775844199,0.403681230944252,-0.9071049730726816,L,-0.6105929717749546,93.32,757.28,548.7124468000001,25.948799999999995,145820.8233,0.7352887163765999,0.845307643961741,6771.372711363738,-0.2682921471998427,-1.5342483300634064,1.4465181185625238,0.3795572183990635
VEN,HIV/AIDS and sexually transmitted infections,2031.3034,107123.0428505426,0.4269486490625699,-0.8510681110457471,UM,-0.341527656895934,225.92,8078.48,205.77687919999997,17.6204,27298.575182399996,-0.9929102806348242,0.3817357826118681,,0.0571907546713842,-0.8264250839719341,-0.2825214396990471,-0.9588895115708752
VNM,HIV/AIDS and sexually transmitted infections,8238.91105,468165.40058103285,0.3962362898021485,-0.9257193171098176,L,-0.4934521846142816,927.6,19423.76,525.8847767999999,7.8774,187418.696472,-0.514446394638925,0.0030755988359821,8760.437449736877,-0.1976965406295996,-1.6107193526977948,0.3268317085869689,-1.174223212607048
ZAF,HIV/AIDS and sexually transmitted infections,529918.0965739131,9908909.655297766,1.2041112963755958,0.1857500863102463,UM,0.0291253425765472,4149.12,125429.28,404.9987222,7.338399999999999,123314.596444,0.1460837543893123,-0.0382327848486599,13658.44123280344,-0.2863745306371325,0.7082799515808104,-2.2553022572750243,-0.1271103134507558
ZMB,HIV/AIDS and sexually transmitted infections,191831.80967727271,2076993.222073784,2.079549647235374,0.7321561632399954,L,-0.5940702205720861,246.32,6149.96,41.90146,1.4438000000000002,26718.732488,-1.2878847399390634,-0.9814408789813224,3255.1775640080373,-1.212043940296777,-0.3951098648450484,-0.937576074106514,0.4006683655594721
ZWE,HIV/AIDS and sexually transmitted infections,75422.62485714286,3024048.378374515,0.5615606352336068,-0.5770177153270313,L,-0.5072401214689258,244.4,5941.76,95.1253,1.26488,25704.12307,-0.9015173122490596,-1.0938914790117371,4759.5101951403985,-1.2489518188194657,-1.1296668830769985,-0.6862179004385326,-0.6844445984855564
AFG,Neglected tropical diseases and malaria,7111.080266666667,121188.29139039878,2.7396656455675816,1.0078395358627263,L,-0.5977808384269677,64.9,1727.86,,2.4104,13906.3606524,-1.2536259804415315,-1.562053160771015,2426.9467970680007,-1.6626173029328206,-1.168834967840953,0.2163864504601283,-0.2073326726603103
AGO,Neglected tropical diseases and malaria,786.908,1167990.0940020203,0.0314562861365493,-3.4588385876900505,L,-0.8144684575382685,24.12,437.72,35.450738799999996,1.5514,24281.724,-1.2878847399390634,-1.568937891385122,9754.451718302276,-1.174392950125981,-1.2330271067596574,-1.16608350471377,-0.3677773910794196
ARG,Neglected tropical diseases and malaria,779.3557857142857,38788.000835492065,0.4521220482526869,-0.7937809996631527,UM,-0.1971266896177451,2264.52,74790.52,1070.2597744000002,44.25206,181393.79928400004,-0.1479497937403469,0.7764603378206705,25990.3505237228,0.6905695827419523,0.8295144996597187,0.3344486229405448,-0.4775553563135469
AUS,Neglected tropical diseases and malaria,458.6339307692308,1194.595020349019,0.2660639928239192,-1.3239808403711504,H,1.686037901709881,22961.92,947877.52,4359.00251,33.058800000000005,85850.1701944,1.456383302363544,1.3180591461304236,54212.04883866928,1.2635086634330837,1.1629095068767166,0.669592854497853,2.2668937745396383
AUT,Neglected tropical diseases and malaria,32.85874,2185.648072114107,0.0190621037324906,-3.9595285491201406,H,2.655772449106955,5286.92,240017.96,4695.050182000001,48.396800000000006,63505.0815056,1.6309661067007597,0.8590771051899555,60268.85667814417,1.1438676880877248,1.1294922917011208,0.9514186855801358,1.3042254640249829
BEL,Neglected tropical diseases and malaria,480.71975,633.2690810059232,0.2788764797663266,-1.276950462517909,H,2.2618360855426443,7814.2,391540.56,4406.680888,31.26,65894.4112724,1.0201304133783438,1.1229917787307244,56940.3921111463,1.2300686392682318,1.2583428562619086,1.24847834536957,-0.013110118784546
BEN,Neglected tropical diseases and malaria,35824.84301333334,1066951.897758364,1.567696906306373,0.4496139824576355,L,-0.5072401214689258,99.28,2101.76,,0.7802,4799.8084716,-1.4796755259063692,-1.9682522670033291,3038.469075736016,-1.505573041299367,0.05470139430926,-3.009376778278969,-1.0897786239654117
BFA,Neglected tropical diseases and malaria,27067.767404761908,2826787.330914608,0.4470766059265367,-0.8050029538591666,L,-0.5476922417657978,159.56,3312.8,46.57809999999999,0.665,4295.738,-1.3435486109526469,-1.8580965771776168,2061.603181376113,-2.060182034670506,-0.1773539650263939,-0.9528099028136646,-1.0855563945333295
BGD,Neglected tropical diseases and malaria,8242.59523,704066.9087625742,0.5466038497034285,-0.6040126678958349,L,-0.5977808384269677,1578.28,27412.72,,4.420799999999999,98716.98583,-1.0628404320668117,-1.4312432791029814,5113.32897934955,-0.8813592568887959,-0.8733646141255625,-0.2672876109918965,-1.2797789484090936
BGR,Neglected tropical diseases and malaria,3.2113,2171.5243944666454,0.0018629482967437,-6.280241460415987,LM,-0.0529334492358485,540.64,14482.68,1794.3050359999995,39.0588,51813.283158,0.3708480312202768,0.1866684152121687,22821.77151822954,0.4636728261863637,0.4064370126458878,0.3725331947084208,-1.5500016320623302
BLR,Neglected tropical diseases and malaria,892.0,4550.648959281893,0.5174695234626066,-0.6587853228136543,LM,-0.0607532128429428,198.64,3022.28,1472.9208640000004,39.4592,100249.4446188,0.8904415654722012,0.624996264310316,22194.85517432224,0.4379116223852935,-1.3315690343007185,0.0602397062118369,-1.030667411916266
BOL,Neglected tropical diseases and malaria,1392.10068,42924.632404299366,0.807589322299967,-0.2136892316968936,LM,-0.6163180276179551,58.8,2683.08,100.5244707968,9.19619999988,12581.1942184,-0.2250687763546017,-0.5178690176314497,9949.461080913694,-0.2566500647128187,0.2946836279423804,-0.4196258980634005,-0.2453327375490466
BRA,Neglected tropical diseases and malaria,25079.44527142857,743079.4459003313,1.5758153373943995,0.4547791587675781,UM,0.5891447452387177,13637.08,322292.68,714.2783391999999,20.265399999999996,489032.7424200001,-0.3604685310344718,0.8039992602770988,17255.480171781295,0.1272909534762228,0.9720428081063328,-0.0844816665060912,-0.4606664385852196
CAF,Neglected tropical diseases and malaria,477.0,505785.0047782868,0.0440326755387668,-3.1225962165032866,L,-0.5072401214689258,18.04,297.52,,0.6061000000000001,4812.727568,-1.2883629177770182,-2.025625022120888,1211.117442736569,-2.2795238228036654,-0.9414424757391032,-1.16608350471377,-0.1693326077715739
CAN,Neglected tropical diseases and malaria,175.3374909090909,1737.1971577116246,0.1017172733922156,-2.285459836932057,H,1.489609040499211,29544.04,1275399.56,4570.958856,22.546620000000004,99529.369204,0.875489649203869,1.3731369910432796,54193.397774207595,1.2082706975904025,1.0116771795936688,0.9361848568729852,2.102226826688448
CHE,Neglected tropical diseases and malaria,109.28034444444444,364.0912094944177,0.0633960176720809,-2.758196506079771,H,2.83128423767282,11251.64,585294.32,4556.711074,40.1264,40273.9280124,1.5890091833903168,1.1229917787307244,75268.81661408668,1.322462187516304,1.262539436772333,0.9361848568729852,1.3760033643703735
CHL,Neglected tropical diseases and malaria,91.47345,11864.475618685256,0.0530658324898885,-2.9360335863554226,UM,-0.4130662354494351,1847.84,56678.32,427.5335204,18.3712,38510.5147576,1.0855542670616256,0.5905726112397812,25118.03849731798,0.6531662964538584,1.18093926018076,0.2963640511726688,0.316223776917836
CHN,Neglected tropical diseases and malaria,6371.40922,1437776.9092320171,0.2069029299112091,-1.5754572026539937,LM,1.4510467220526826,70455.56,1591215.32,1135.717754,17.930799999999998,4576265.56984,-0.4306275453050752,0.5951624316491857,12907.16100572696,-0.0636887400874875,-1.873083349053176,1.4389012042089502,-1.7653353330985035
CIV,Neglected tropical diseases and malaria,12440.561433333332,2474867.5726073175,0.2346986872595298,-1.4494101624960272,L,-0.7664348184326426,112.92,2443.28,63.99303,1.6373999999999995,8218.7208,-1.1558010247055155,-1.642375017935597,5070.246318122955,-1.4575184880550616,-0.449976269296144,-2.10296397020352,-1.246001112952439
CMR,Neglected tropical diseases and malaria,3106.84243125,2245219.247307012,0.064607526860469,-2.739269591362916,L,-0.5072401214689258,322.64,7905.04,,1.2016,62153.52664999999,-1.2878847399390634,-1.422063638284172,4525.251514428976,-1.2093191975870483,-1.0312803844437304,-2.64376488930736,-0.295999490734029
COD,Neglected tropical diseases and malaria,2857.892075,8415581.101612978,0.0158556612977468,-4.143598172007812,L,-0.4953296767226226,140.12,2689.56,10.10515,1.2394,48492.72640000001,-1.2770076933611387,-1.7525307077613093,1285.819981235234,-1.6878830989684863,-1.0872347912493805,-1.16608350471377,-1.3642235370507303
COG,Neglected tropical diseases and malaria,283.9286888888889,224672.7898061482,0.059003998660778,-2.8299805977824937,L,-0.3642652890923193,66.48,1703.48,83.79845600240002,1.4682,5914.2288,-1.2878847399390634,-1.6148360954791685,7545.451550110282,-0.7305075923229075,-1.266599750843047,-2.339088315164352,-0.6506667630289018
COL,Neglected tropical diseases and malaria,15319.867670588235,86922.12337636422,8.229005121212388,2.107666338173521,LM,-0.5575000287062973,1535.84,34683.2,70.2291404,18.6208,74993.781868,-1.260564016157332,0.6410606357432325,15052.503408239549,0.096080264255694,0.2129280224430147,-0.0768647521525165,0.088223387585417
COM,Neglected tropical diseases and malaria,63618.3455,14630.83163729956,20.0,2.995732773553866,L,-0.5072401214689258,,,,2.6475999999999997,1385.8894456000005,-0.5453913092441633,-1.1833929769951286,3251.4654003313244,-1.1399621104303186,-0.8051313236042283,-1.16608350471377,-0.667555680757229
CUB,Neglected tropical diseases and malaria,1044.0,12375.149199725509,0.605648186653544,-0.5014395004744742,LM,-0.2544546968411825,214.8,5593.84,2055.97578,74.8132,50246.253984,-0.4386190363850955,0.9692327950156672,,0.1949141134540343,-1.6295262505408048,-0.5110288703063032,-0.2453327375490466
CYP,Neglected tropical diseases and malaria,0.1821249999999999,69.8404479068045,0.0001056548620634,-9.064900128981744,H,-0.2176931910684379,465.16,12374.08,1138.2687364,24.4508,2915.2800792,0.8165243500751518,0.4207492560918083,42427.20460720808,0.8961638053851175,0.9855651230843652,0.1135581066868635,0.4302239715840451
CZE,Neglected tropical diseases and malaria,88.0887,1329.5692670601609,0.0511022618962337,-2.9737308517275873,UM,1.1611697366947522,2464.28,83101.08,3115.7949599999997,38.12964,73756.44399880001,1.2863611701080897,0.9462836929686442,40335.77650259335,0.948181620752665,1.142082033232391,1.3551151463196212,-0.7013335162138837
DEU,Neglected tropical diseases and malaria,441.65036428571426,3551.680436539087,0.2562114389506896,-1.3617132124948024,H,2.728296832832491,34293.0,1532108.0,4359.623428000001,39.07,677483.163832,1.515365013659394,1.1138121379119152,57073.37934866153,1.3090861778503635,1.228189648149975,1.4998365190375504,0.8735580619526369
DNK,Neglected tropical diseases and malaria,182.3803,317.2024382804164,0.1058029674102771,-2.2460822017539237,H,2.688188615952814,7153.56,338384.52,6645.832076,37.828,17918.6769232,1.518770655459118,0.8980905786698948,63245.14222976299,1.2768846730990249,1.3472481915197752,1.0732893152373375,1.0128916332113371
DOM,Neglected tropical diseases and malaria,1806.229,27367.820247822463,1.0478345962941034,0.0467352889244887,LM,-0.6163180276179551,76.56,1606.92,23.9788592,15.9652,13655.559303199998,-0.1924475372210277,0.4207492560918083,16818.470743654518,-0.0089461820102115,0.2587795502420891,0.288747136819093,0.3120015474857542
ECU,Neglected tropical diseases and malaria,890.7223333333333,39660.78426552788,0.516728319918723,-0.6602186836389943,LM,-0.465617549869982,328.24,6772.68,240.1625596,15.6632,22522.0236884,-0.2250687763546017,0.487301652028176,12441.051274374971,0.0782455847011063,0.2217874701872428,-0.983277560227966,-1.0180007236200206
EGY,Neglected tropical diseases and malaria,33232.38,181011.98407758737,8.571893410628606,2.1484898095390506,LM,-0.1462666824577513,5285.44,71870.08,621.9283252000001,6.3452,133970.47101199997,-0.6458053506197035,0.4850067418234732,13357.879306684385,-0.2197421861901304,-1.449850433131551,-0.5491134420741792,-1.030667411916266
ESP,Neglected tropical diseases and malaria,4515.350518181817,14449.623588651088,2.619457714024864,0.962971134546762,H,0.7212703352108207,17886.52,638478.0,2728.3601160000003,37.743199999999995,142394.354176,1.3191574531884838,0.8797312970322765,43711.9780393328,0.9521448828759064,1.1705255233585974,1.2256276023088415,-0.4944442740418742
EST,Neglected tropical diseases and malaria,2.3059,725.1328330007474,0.0013377051279735,-6.609352038214897,UM,0.9088682387994828,389.56,18838.48,3225.7261000000003,32.8172,6929.693693999999,1.3200029007099876,0.551559137759841,34147.59681739785,0.88303549960188,1.222438778561617,1.126607715712365,-1.0222229530521023
ETH,Neglected tropical diseases and malaria,53765.7356,1972860.1325654043,1.2724242603256932,0.2409318062814554,L,-0.4948360047777304,1176.0,22007.16,52.3478988,0.5660000000000001,26162.863530400005,-1.6890782080036626,-2.3698615528262392,1821.9964066710625,-1.9155229671721832,-1.2364465427311138,0.3192147942333942,-0.6886668279176381
FIN,Neglected tropical diseases and malaria,574.149125,283.0263472080807,0.3330769889128055,-1.0993515951493944,H,3.215384091565292,4334.96,206147.32,7524.242588000001,34.032000000000004,27518.692702,1.2316545120575315,1.0449648317708449,53891.28379728628,1.2513711731806567,1.1834261227054552,1.3017967458445934,0.4555573481765362
FJI,Neglected tropical diseases and malaria,4845.7449,3115.576599336672,2.8111270226730447,1.03358903590645,LM,-0.8153788655405375,43.68,1989.56,,6.2498000000000005,1773.667734,-0.2303726007898308,0.0443839825206242,10802.049003318796,-0.1568253999836677,-0.9344481748883972,0.0602397062118369,-0.5387776830787335
FRA,Neglected tropical diseases and malaria,261.10307222222224,4088.919467318121,0.1514718412079101,-1.8872895212302927,H,1.9322709532508728,21434.08,1005259.36,4058.14122,32.8628,422344.22919199994,1.2577313164408972,0.9003854888745976,50206.07391192202,1.0217496739153389,1.1953941486055528,1.3017967458445934,-0.5915555509797563
GAB,Neglected tropical diseases and malaria,698.0926764705882,65875.00103575438,0.404979467069474,-0.9038942194496584,UM,-0.1834849309493806,51.88,1594.76,,3.39772,3474.87075,0.1460837543893123,-0.9332477646825736,19483.622283180644,-0.1801095649577127,-0.8352845317161619,-1.9734764261927416,-0.7055557456459655
GBR,Neglected tropical diseases and malaria,3742.5019,3860.898277776415,2.1711106219180487,0.7752434498861427,H,1.7873119443352363,50955.64,2309909.96,4100.1239000000005,26.6688,191846.488844,1.5557859539332275,1.1138121379119152,48709.53277199082,1.1844911248509518,1.127160858084218,1.2027768592481172,1.8531152901956205
GHA,Neglected tropical diseases and malaria,76444.1099318182,1883708.2269515356,1.8947549023274044,0.6390947687416948,L,-0.4399609701012515,789.04,17859.36,54.02035479999999,1.2055999999999998,18842.2045884,-1.482073723356602,-1.3371519607101856,5281.493507040973,-1.00991757201145,0.5940397043526083,-0.937576074106514,0.3837794478311452
GIN,Neglected tropical diseases and malaria,3005.88222,1189644.60140868,0.1179715721244015,-2.1372268351493076,L,-0.5072401214689258,43.6,796.44,,1.4486,3053.1244680000004,-1.2878847399390634,-1.9797268180268408,3050.643557435063,-1.7703684919084552,-1.1091502672482598,-2.171516199385697,0.5231130190898454
GMB,Neglected tropical diseases and malaria,10106.077685714285,68916.4236394979,5.862765923881898,1.7686231985721923,L,-0.7940840376880294,100.12,4097.76,62.712215400000005,0.9686,2436.9764118,-0.6645454941030067,-1.0548780055317974,2685.014329065316,-1.5952418468377114,-0.8657485976436823,-1.16608350471377,1.059336156964237
GNB,Neglected tropical diseases and malaria,10445.430466666669,60999.576843018185,6.059632203977345,1.801650756090198,L,-0.5072401214689258,20.92,718.84,,1.5402000000000005,1526.3769999999995,-1.3833148866787637,-1.5482836995428009,2281.855422997779,-1.647507366087962,-0.5252038606681847,-1.16608350471377,-0.5704444038193469
GNQ,Neglected tropical diseases and malaria,1196.0,78454.14398585925,0.6938268498444815,-0.365518432791959,LM,-0.4779870454117954,3.34,116.98,,2.224,2361.35858,-0.3877370729215434,-1.5436938791333965,24874.70179211205,-0.6651137672894197,-1.5182391525606789,-2.415257458700104,-0.2052215579442698
GRC,Neglected tropical diseases and malaria,94.89751666666666,2930.9080797257116,0.0550522115776734,-2.8992916133893827,H,0.2951881062187891,4336.72,150813.44,2715.1557740000003,56.946000000000005,48714.6293188,1.127178183699807,0.4230441662965101,34962.40147931398,0.9199433781245676,1.1296477206089144,0.4563192525977476,-1.8624466100363852
GRD,Neglected tropical diseases and malaria,459.0,117.41361397038104,0.266276357925265,-1.323183015693518,UM,-0.3238726658817929,77.44,1381.2,,9.9439999994,376.9644047999999,-0.4592438262531174,0.6387657255385305,14439.155818064788,0.280124249103732,0.9021775140531676,0.2963640511726688,-0.4606664385852196
GTM,Neglected tropical diseases and malaria,1954.86275,38546.470045227165,1.134060421162893,0.1258133031683592,LM,-0.8004733066932486,99.44,2566.92,23.9059628,8.4648,8965.4912772,-0.4238102430226781,-0.4077133278057371,10493.190490144729,-0.6571872430429359,-0.0018747281275638,-0.5262626990134538,0.7131133435335272
HND,Neglected tropical diseases and malaria,1390.224,23506.15951672596,0.8065006174734066,-0.2150382166263982,LM,-0.8047306822554082,47.52,1026.36,69.9383956,4.2728,5237.808084400001,-0.4238102430226781,-0.2562492542953826,5659.597256564474,-0.7763328106228904,-0.3759921091864512,-0.5262626990134538,0.1220012230420717
HTI,Neglected tropical diseases and malaria,4854.964600000001,97770.34646916237,2.3184704178469993,0.8409119787697161,L,-0.5771758690325169,45.92,956.52,,1.833,24589.3873284,-1.0628404320668117,-1.4909109444252424,3257.3885005278403,-1.2038697121675912,-0.7086099718644819,-0.4462850983009133,0.3753349889669817
HUN,Neglected tropical diseases and malaria,31.313449999999996,4791.400089051496,0.0181656457953701,-4.007672724123919,UM,0.6803707045015658,2102.56,78112.24,2685.499484,32.2488,71875.4526304,0.7481050872363765,0.7351519541360284,30921.08529583642,0.6828907623781721,0.4529102560761359,1.2637121740767174,-1.0686674768050024
IDN,Neglected tropical diseases and malaria,14207.097078947369,1129846.3331745977,0.5870953128420688,-0.5325510666562819,L,-0.6656954802255216,3763.72,23272.12,210.39034100799995,3.1054000000000004,225577.216428,-0.3561563550969788,-0.5224588380408542,10027.896402198325,-0.31758521985766,0.27851902153186,-0.4196258980634005,1.2662253991362464
IND,Neglected tropical diseases and malaria,67608.85100000001,7367001.97904605,0.4284847939229151,-0.8474766905562299,L,0.0720960873777242,20999.84,361898.64,187.8770994,7.322399999999999,2253635.67836,-0.61746182271422,-0.6119603360242456,5997.703428215718,-0.7773236261537012,0.1022626400940626,-0.6633671573778073,-0.9968895764596114
IRL,Neglected tropical diseases and malaria,26.755699999999997,237.20499490746715,0.0155215911759063,-4.164879188866139,H,0.7307749947545085,3862.56,148567.64,4045.541872,34.0572,16883.00737,0.6240834065073566,0.7856399786394805,78796.19120554483,1.188206683091492,1.2448205412838769,1.0656724008837637,2.102226826688448
IRN,Neglected tropical diseases and malaria,2395.847081818182,66991.37561439401,1.3898854795041828,0.3292285497140373,LM,-0.1557949356736106,7732.64,138160.44,1107.6320056,11.578600000000002,135331.79713999998,-0.2543426108629983,0.5836878806256739,15041.31246333119,0.2729408365053547,-1.5152860033126028,0.5477222248406503,0.1431123702024811
ISL,Neglected tropical diseases and malaria,0.6266,15.535645148129053,0.0003635049365489,-7.892579336480201,H,2.279052798450904,355.56,19543.32,6682.198872,38.19,1133.7224292,1.2446929142492145,1.2331474685564368,59846.93658326752,1.3556545077984543,1.1394397417999025,1.0656724008837637,1.2408920225437552
ISR,Neglected tropical diseases and malaria,58.751442857142855,2055.6710517402903,0.0340830506031684,-3.3786617100901037,H,4.973907159605384,5799.44,244241.44,,35.7984,25646.0703424,1.2440864165759786,0.9325142317404296,39990.70193898606,0.9964838778796736,0.658542701086899,0.9285679425194104,0.4006683655594721
ITA,Neglected tropical diseases and malaria,113.42854545454544,4280.959404817721,0.0658024835912783,-2.72094573841328,H,0.7472433779301987,27038.92,1044767.56,1939.442776,40.6904,211767.055088,0.8954470267798256,0.8728465664181693,49972.48038745556,0.995988470114268,1.086438484242328,1.24847834536957,0.1051123053137447
JPN,Neglected tropical diseases and malaria,126.058575,8867.06464723301,0.0731294514950955,-2.6153873656724573,H,3.232001217456847,32291.16,953951.56,5272.902023999999,22.9328,1709055.64024,1.5721622277790648,0.9554633337874534,42257.92967148511,1.1347026444277288,1.026598354741841,0.7000605119121542,-1.334667931026157
KAZ,Neglected tropical diseases and malaria,33.6254,12616.8100602152,0.0195068606661878,-3.936476537458427,LM,-0.6258432033983137,310.16,6497.16,535.2867768,36.1964,113626.77276320002,-0.2543426108629983,0.9095651296934067,27333.243732460403,0.3777195788885594,-1.2653563195806996,0.0602397062118369,-1.0180007236200206
KEN,Neglected tropical diseases and malaria,173460.32609565216,792755.4731711735,10.216062824495433,2.323962247179325,L,-0.2059053308362432,958.72,28060.28,148.20428219999997,1.6988,59290.953204,-0.8837322135441875,-1.0617627361459043,4610.232110620364,-0.9873765186855128,-0.3242342828912252,-1.0670636181172928,1.22822533424751
KHM,Neglected tropical diseases and malaria,5338.19472,68895.91740550686,3.096808383306057,1.1303752564901275,L,-0.7358589580161591,118.96,3149.44,25.740740800000005,1.9989999999999997,10587.494602,-0.8422434767823592,-1.0525830953270952,4524.759432725333,-1.1194026881660022,-1.150183498905737,0.3344486229405448,-1.495112649445267
KOR,Neglected tropical diseases and malaria,1533.1850142857145,11450.999366471744,0.8894355591058725,-0.1171569776774769,UM,3.817072996717791,15668.2,409587.4,6080.884064,20.5616,475607.754164,1.4261136430282402,1.0633241134084632,41569.26564396438,1.04181368841425,0.8637088593742831,1.019970914762314,-0.3466662439190105
LAO,Neglected tropical diseases and malaria,1893.2812357142857,36204.34000011344,1.0983355816432356,0.0938050309479159,L,-0.8083007638890943,45.76,1306.44,15.628840000000002,3.2056000000000004,8415.247565200001,-0.1978663155550326,-0.875875009565015,5919.878821376147,-1.0081836448325314,-1.815574653169591,0.288747136819093,0.6371132137560546
LBR,Neglected tropical diseases and malaria,3711.455311111111,502570.9825288188,0.3448017580961973,-1.064756639566963,L,-0.5072401214689258,28.6,743.24,,0.6732,4521.4085844,-1.2878847399390634,-1.6194259158885735,1595.545288408795,-1.5679944197404252,-0.0674657272164091,-1.16608350471377,0.7975579321751641
LKA,Neglected tropical diseases and malaria,4749.93155,32613.399614450725,2.75554351531222,1.013618335423555,LM,-0.690422161567146,442.4,10503.36,106.5670474,7.6884000000000015,74974.4832076,-0.2543426108629983,0.1430651213228248,10999.968054238268,0.1337312544264902,-0.2877084895597593,0.2658963937583676,1.6884483423444288
LTU,Neglected tropical diseases and malaria,16.8238,1737.9502677692522,0.0097598696959979,-4.628452150171148,LM,0.2701680426927716,521.2,14151.84,2906.158892,41.2456,21687.603698,1.2541591137972343,0.4322238071153193,31533.10830529218,0.7931189901808314,0.969866803397224,0.5020207387191984,-1.7611131036664214
LVA,Neglected tropical diseases and malaria,3.3268,1130.3911360998886,0.0019299524783132,-6.245091801921756,LM,-0.1041619792970423,209.6,6386.2,1829.198268,31.3912,13563.396933200002,1.1296947912680313,0.5056609336657943,27594.885351783112,0.7148445632468075,0.9765502464323438,0.6162744540228264,-1.1066675416937388
MAR,Neglected tropical diseases and malaria,109108.0,27196.672872485044,20.0,2.995732773553866,LM,-0.0600153976816673,625.52,9553.64,870.8234672000002,6.5986,26635.4212752,-1.511975471024861,-0.1460935644696705,7496.17141389544,-0.6170592140451139,-1.214531066732234,0.0678566205654127,-0.3002217201661107
MDG,Neglected tropical diseases and malaria,24351.982628571423,677502.320810714,1.6782095324261603,0.5177334293005089,L,-0.7500759406701825,57.36,1179.48,38.3749292,1.6177999999999997,7315.641778800001,-1.582183667795631,-2.1908585568594567,1642.483307567602,-1.508545487891799,-0.5452541897735428,-1.16608350471377,-1.752668644802258
MEX,Neglected tropical diseases and malaria,90506.50459285712,157361.32555978384,20.0,2.995732773553866,UM,-0.4004159239181893,3497.52,89418.84,303.6330748,21.1272,118420.111624,-0.4816462417038926,0.5010711132563898,20862.6077118635,0.1892169241518748,0.3029213600554353,0.3572993660012702,-0.4184441442644015
MLI,Neglected tropical diseases and malaria,9845.311894444443,2146020.1627266253,0.2141994377181678,-1.5408010616302086,L,-0.4925217732812587,105.44,2811.88,33.941968599999996,1.0396,4003.253818400001,-1.3782146655675636,-1.7410561567377976,2679.265335748308,-2.0579526997261826,-0.2889519208221068,-1.265103391310248,-0.882889381793402
MMR,Neglected tropical diseases and malaria,13071.0257625,441825.2462685562,1.3812802049146842,0.3230179934908476,L,-0.7407849064408301,75.2,1745.6,24.3904088,5.7177999999999995,45057.8505552,0.2543526959842814,-1.038813634098881,4160.257687868157,-1.2278969887897442,-1.4243600922534216,1.278946002783869,1.6377815891594465
MOZ,Neglected tropical diseases and malaria,55739.113722222224,1964373.8696888704,1.3248251256985284,0.2812880182606305,L,-0.441411211580922,132.04,5272.52,32.79408900000001,0.6626000000000001,20040.8482376,-1.140076444058883,-1.598771724046252,1300.3855616581347,-1.8850553895997628,-0.6008977387636056,-1.16608350471377,-1.0897786239654117
MRT,Neglected tropical diseases and malaria,17.48,60488.76488557963,0.0101405462669578,-4.590227755537843,L,-0.842806509439879,,,,1.65,1205.464,-1.2878847399390634,-1.9361235241374963,5810.14361105773,-1.229878619851365,-0.7378306065296548,-1.16608350471377,-0.6000000098439198
MWI,Neglected tropical diseases and malaria,64224.22231578947,924734.7868100468,3.2426815788673,1.1764037191538528,L,-0.5072401214689258,332.88,9001.64,42.9861488,0.3731999999999999,17978.519106400003,-0.9663518487866488,-1.369280703576018,1500.3485355091457,-1.5744347206906932,-0.2205632013929792,-1.16608350471377,0.4893351836331908
MYS,Neglected tropical diseases and malaria,2526.657663636364,49184.067160095554,1.4657716784249462,0.382388669062513,UM,0.3205595102977949,2605.48,55587.32,1096.0548646,13.974800000000002,56728.86625879999,0.9490977587343962,0.7007283010654937,26017.720142413487,0.3222339091631748,-0.8323313824680858,-1.50122773627108,0.172667976227054
NAM,Neglected tropical diseases and malaria,14866.0,17694.843305382066,8.624105309187343,2.154562384808625,LM,-0.4431584255864033,64.68,1245.32,168.65080719999995,4.247199999999999,5608.9638,-0.3877370729215434,-0.4077133278057371,10254.713643524048,-0.7473514563466852,0.3315202790894335,-2.415257458700104,-0.4311108325606471
NER,Neglected tropical diseases and malaria,149536.33333333334,2305797.858041201,3.02794611042809,1.1078878408955477,L,-0.5072401214689258,34.96,660.08,19.779595,0.321,6958.332784000001,-1.6347626647580045,-2.0095606506879715,1463.401968659742,-2.3358764561185086,-0.1737791001471439,-1.16608350471377,-0.9968895764596114
NGA,Neglected tropical diseases and malaria,3833.021152380952,18227684.22691443,0.0098182110898554,-4.62249834613959,L,-0.5965390932024645,2139.6,34309.04,30.4566354,3.4715999999999996,70528.5225,-0.960798900109685,-1.5551684301569078,7594.354887665404,-1.3435747020118616,-0.3508126261239092,-2.2553022572750243,0.8017801616072459
NIC,Neglected tropical diseases and malaria,16415.759133333333,14794.408579080357,9.523155892379966,2.253727345240791,L,-0.7516200439326223,51.36,1387.76,,6.7478,5399.1255344,-1.0628404320668117,0.1178211090710991,6299.515574871409,-0.4238501855370798,-0.7317688791257092,0.288747136819093,-0.3804440793756651
NLD,Neglected tropical diseases and malaria,1137.1620555555555,960.309510924206,0.6596936176996541,-0.4159646089125742,H,1.6760164894550469,16957.44,859167.12,4281.813516,31.9052,62550.2333876,1.5517671302296476,0.9715277052203698,62999.86555815831,1.2560775469520056,1.1470557582817829,1.012354000408737,1.8024485370106376
NOR,Neglected tropical diseases and malaria,430.94275,277.7818940034434,0.249999707939647,-1.3862555301152355,H,1.346422634431936,4862.76,209808.6,5739.830929999999,41.2756,20221.0005844,0.8433966781901925,1.0793884848413795,85207.42722944335,1.3868651970189827,1.2600525742476367,0.981886342994438,1.0213360920755006
NPL,Neglected tropical diseases and malaria,402.1067615384615,168315.7412814873,0.1115422208963086,-2.1932624488772343,L,-0.5849687050789807,901.52,11567.88,59.65797,5.1694,8137.124040399999,-0.842358014740521,-1.4518974709453023,3508.52037662225,-1.082247105760611,-0.3497246237693546,-0.015929437323915,-0.3762218499435834
NZL,Neglected tropical diseases and malaria,6.831575,271.87410870055976,0.0039631523091357,-5.5281954668322015,H,0.7569952581257706,3266.96,128033.0,4179.645111999999,28.086,11776.8108888,1.1486204745742885,1.2560965706034597,43747.40306150099,1.2322979742125555,1.2142010464485624,1.0352047434694611,2.2668937745396383
PAK,Neglected tropical diseases and malaria,1522.492825,1046619.3844235344,0.0679186626944273,-2.689297202496669,L,-0.5323366079765423,2507.96,50960.8,218.36298560000003,8.3796,102724.429004,-0.61746182271422,-1.0938914790117371,4604.534345725936,-1.3683450902821224,-0.741250042501111,0.2163864504601283,-1.1700009831749665
PAN,Neglected tropical diseases and malaria,1398.22792,6579.375284896411,0.8111438738279279,-0.2092975094138661,UM,-0.6140284156054884,76.24,4280.52,118.2820104,14.8664,7854.0216504,-0.7564787574548428,0.6731893786090654,25958.763735724344,0.3569124527415395,0.6501495400660523,0.2468541078744295,-0.0088878893524642
PER,Neglected tropical diseases and malaria,11579.90352,90932.4292208978,5.945779418285892,1.7826833082551616,LM,-0.6981916603943965,622.88,16100.88,,14.3462,48266.29250039999,-0.6962755389557354,0.1453600315275267,12528.092016874456,0.0827042545897528,0.7769795288255256,-0.6024318425492058,-0.6380000747326562
PHL,Neglected tropical diseases and malaria,26774.69862142857,322403.33636643295,3.8774634185832166,1.3551837607473716,LM,-0.6155235363528765,608.6,15265.12,115.4890196,8.777199999999999,99546.5422768,0.039412942133762,-0.0910157195568143,7275.56410305801,-0.306190841253341,-0.3525223441096372,0.517254567426349,0.2740014825970179
PNG,Neglected tropical diseases and malaria,4073.091476470588,186768.87199649584,1.0182216185944528,0.0180674154261204,LM,-0.8153788655405375,49.68,1633.88,33.15884,0.5425999999999999,2306.65758,-1.3995141534759064,-2.1702043650171357,3770.9375784213335,-1.2950247410021507,-0.3334045884510399,0.0602397062118369,-0.5387776830787335
POL,Neglected tropical diseases and malaria,127.96904,21098.077994762283,0.0742377557699184,-2.6003477270770863,UM,0.3119632071327089,6545.88,171263.2,2251.738904,25.763999999999996,247467.471128,1.4163487598517872,0.6640097377902562,29884.23115253326,0.8156600435067692,0.9036540886772048,0.7762296554479063,-0.7562224988309474
PRI,Neglected tropical diseases and malaria,804.0392888888888,3211.542297579828,0.4664415108369353,-0.7626012065688672,UM,-0.2912377446624314,,,293.1154456,,,-0.7259081394261464,0.6146691683891559,41285.88234229262,0.3102202708520987,0.9021775140531676,0.2963640511726688,0.2866681708932631
PRT,Neglected tropical diseases and malaria,6.18774,3519.2033925683195,0.0035896489564019,-5.626918950385266,H,0.7576933230784961,4251.6,127431.44,3690.75784,44.1928,36170.0584736,0.7436194726614643,1.0449648317708449,37093.18332037167,0.7200463447835633,1.2093827503069654,0.631508282729977,-1.208001048063703
QAT,Neglected tropical diseases and malaria,42.0094,253.2839292126988,0.0243706100885089,-3.7139671311031033,H,-0.1760847243822053,762.52,20507.08,699.6647419999999,27.269,2408.958384,1.369961805366068,0.989886986857988,117119.99710764772,0.7299545000916665,-2.037060846775289,0.2392371935208548,1.371781134938292
ROU,Neglected tropical diseases and malaria,25.469900000000003,11290.651910729624,0.0147756693000451,-4.214096857845681,LM,-0.2801164056690808,1687.2,36692.92,931.5613616,26.8992,142187.626808,0.4608248454821719,0.3771459622024635,27423.4610312035,0.4874523989258137,0.3750403732716061,0.1897272502226155,-1.414890290235712
RUS,Neglected tropical diseases and malaria,235.060575,92204.56277345453,0.119028244099057,-2.1283104585180985,LM,0.5238738769881611,6103.04,95354.44,3038.264508,45.41480000000001,1224673.333888,0.0957556262539488,0.6043420724679949,32776.237809188046,0.5134613066095881,-1.1015342507663797,-0.0844816665060912,-1.31777901329783
RWA,Neglected tropical diseases and malaria,1394.7848444444444,365088.82612851734,0.1783739066559602,-1.723817272232911,L,0.0225057788146977,175.0,3518.68,35.758095000000004,0.71254,7801.1199232,-1.2878847399390634,-1.288958846411436,2101.280425014305,-1.447114924981552,-1.4361726892457254,-1.16608350471377,-1.7315574976418489
SAU,Neglected tropical diseases and malaria,692.5752,21720.51645932356,0.4017786532578693,-0.9118290667763862,UM,-0.3195537416096209,4051.96,88253.56,589.8781,22.165199999999995,63306.122842,1.087822954732511,0.8820262072369784,58198.93178177366,0.5981760344938795,-2.148347944755415,0.0678566205654127,-0.2326660492528014
SDN,Neglected tropical diseases and malaria,903.6692571428572,419302.326749482,0.1006247654413715,-2.2962575000876866,L,-0.5384291609089094,243.48,4856.4,,2.8784000000000005,27173.1927936,-0.6309188242347716,-1.467961842378219,3739.5830431078225,-1.5043345218858548,-1.4787602099811368,0.2582794794047928,0.1346679113383176
SEN,Neglected tropical diseases and malaria,95006.37815384616,485440.452245875,9.13775361945504,2.212415674942093,L,-0.2795214348056261,181.24,3415.92,435.4852584,1.1557000000000002,10467.9669544,-1.1288642282346195,-1.5046804056534564,3670.3894565647,-1.5296003179215203,0.447470244303365,-0.6405164143170818,-0.5408887977947744
SGP,Neglected tropical diseases and malaria,54564.52581,5647.49885964352,20.0,2.995732773553866,H,1.8002535864272085,3571.44,149622.84,6402.609976000002,20.4104,12778.507642,1.640414410801008,1.2813405828551865,102904.17860234065,1.2278393043239095,-0.6695973160083207,0.943801771226561,-0.0975547074261829
SLB,Neglected tropical diseases and malaria,416.0,10635.64840271734,0.2413310782067761,-1.4215440837624398,L,-0.5771758690325169,10.12,308.8,,1.8258,,-1.0628404320668117,-1.2568301035456035,2484.863991460149,-0.995550746814698,-0.0138427540276611,-0.4462850983009133,-0.5641110596712247
SLE,Neglected tropical diseases and malaria,5025.82468,965036.6119371912,0.243156671674791,-1.4140081790919672,L,-0.5072401214689258,58.96,1416.92,,0.5186,2249.7864,-1.5218206290689078,-1.8076085526741652,2628.7693181987156,-1.9489629913370357,-0.2586432838023796,-1.16608350471377,1.1480029750379557
SRB,Neglected tropical diseases and malaria,6.0392,5213.874793177821,0.0035034775180441,-5.651148986087618,UM,0.078537672786454,1172.16,24938.56,1709.916424,29.2386,39829.6700988,-0.9026283560717088,-0.0611818868956836,18124.0177351574,0.3217385013977691,-0.2903507809922484,0.1668765071618901,-1.6893352033210305
SSD,Neglected tropical diseases and malaria,47.699,765443.6754796165,0.0029095021387618,-5.836342177662831,LM,-0.4779870454117954,16.48,391.56,,0.408,,-0.3877370729215434,-1.9682522670033291,,-2.0728149326883396,-1.5446620668855688,-2.415257458700104,0.0586677815608449
SUR,Neglected tropical diseases and malaria,652.0,2825.0856729824472,0.3782400552663895,-0.9721997802029368,LM,-0.6163180276179551,15.32,267.04,,9.0446,1676.797058,-0.8943733011006089,0.3748510519977608,20743.335327749,-0.1434493903177279,0.7416971667564066,-0.5110288703063032,-0.4184441442644015
SVK,Neglected tropical diseases and malaria,9.4728,2926.5956113190164,0.0054953871097046,-5.202028191624095,UM,0.0790428851144737,711.76,20155.96,2604.693996,33.9888,34136.6889316,1.0561154061859035,0.8017043500723969,30335.36358264918,0.7200463447835627,1.0267537836496354,1.1646922874802412,-0.9588895115708752
SWE,Neglected tropical diseases and malaria,72.21581,536.3701881363623,0.0418940367569127,-3.1723731140476183,H,3.5012809270090774,10995.76,518697.44,6472.473894,38.8488,24547.856226400003,1.473524592750634,0.8613720153946574,57211.250518340894,1.2753984498028084,1.3132092607130048,1.522687262098276,0.4513351187444545
SWZ,Neglected tropical diseases and malaria,6462.0,3919.1167264586456,3.748753431183143,1.3214260339177826,LM,-0.5128156652371876,34.64,799.72,137.91577,2.0267999999999997,2282.5798,-0.028791635644825,-0.0336429644392553,8537.423289132,-0.9754867323157868,-1.7215401639545402,-2.415257458700104,0.0206677166721078
TCD,Neglected tropical diseases and malaria,909.7648,727492.7046644452,0.058387937221732,-2.840474711317461,L,-0.470552217695238,17.68,333.2,56.72121,0.4519999999999999,5851.1818742000005,-1.5307956716876685,-2.4341190385579043,2498.7306037965186,-2.1840339760218104,-1.2120442042075383,-1.16608350471377,-0.7224446633742927
TGO,Neglected tropical diseases and malaria,731.8043,493030.4317121689,0.0693016980856036,-2.66914158348793,L,-0.626932102659619,46.28,612.76,34.797166399999995,0.57384,4291.0282384,-1.5715448481507583,-1.8948151404528544,2355.809945046898,-1.3804825805345506,-0.706900253878754,-1.16608350471377,-1.4191125196677938
THA,Neglected tropical diseases and malaria,6725.007476,141717.82886761695,2.215597807731321,0.7955267711511592,LM,-0.0890658759016732,2742.76,67800.16,897.2197834,4.1786,146109.074908,-1.0712678786124514,0.67777919901847,17420.47860657954,0.1337312544264902,-0.8848663533022793,0.6924435975585773,0.886224750248882
TLS,Neglected tropical diseases and malaria,1028.0,13128.92206488527,0.5963662221071295,-0.5168835659220097,L,-0.7358589580161591,11.2,237.32,,3.9328,494.01154539999993,-0.3561563550969788,-1.4450127403311952,4324.4152473896975,-0.7277828496131795,0.1603930516088211,0.3268317085869689,0.6371132137560546
TUN,Neglected tropical diseases and malaria,776.5698,11436.941948177277,0.4505058344635108,-0.7973620539088001,LM,0.0009232107428812,844.36,14196.08,1474.0663639999998,11.498,20373.418867999997,0.4116063108887263,0.2968241050378812,11883.999462028434,-0.0837527545863996,-0.5494507702839665,-0.5719641851349045,-0.8322226286084204
TUR,Neglected tropical diseases and malaria,645.093125,34616.77474376711,0.3742332197116073,-0.9828493728495676,UM,0.2945397931399904,9173.76,161346.6,1180.9438388,17.195600000000002,205899.00472800003,0.2173835384083884,0.4092747050682964,24132.177663504997,0.2788857296902191,-0.4148493361348195,-1.417441678381752,-1.495112649445267
TWN,Neglected tropical diseases and malaria,10.736142857142855,6358.79457471208,0.0062282810853275,-5.077050601643773,H,0.164071915090892,7309.68,202897.52,,,,0.9879854174359308,0.9554633337874534,49027.62762815805,1.1454777633252913,0.9052083777551394,0.1744934215154649,-0.1271103134507558
TZA,Neglected tropical diseases and malaria,71508.75402083334,2036435.20630561,1.6394993916368972,0.4943970456404726,L,-0.3009049953817357,574.24,14129.28,27.44056920000001,0.5366,34089.553026400004,-1.2874065621011082,-1.598771724046252,2943.8138350321356,-1.3787486533556326,-0.5241158583136302,0.7305281693264534,0.0628900109929266
UGA,Neglected tropical diseases and malaria,31054.60797826087,3350177.3636318874,0.432793666747061,-0.8374710793345036,L,-0.5072401214689258,836.28,21372.24,30.2253728,1.1968,14749.42476,-1.2844238342586884,-1.3876399852136367,2351.4495322320777,-1.2984925953599873,-1.0811730638454349,-2.148665456324972,0.1177789936099899
URY,Neglected tropical diseases and malaria,80.0,1933.6438346259752,0.0464098227320723,-3.0700286969265855,UM,-0.3238726658817929,296.0,10230.92,615.0790922,41.8794,6442.1798528,-0.4592438262531174,0.9210396807169186,25109.14942301282,0.4971128503512155,1.2160661933420849,0.4715530813048982,-0.5408887977947744
USA,Neglected tropical diseases and malaria,12877.192152380952,114450.60917544276,5.25322150205177,1.6588434114465476,H,2.8302856098528664,196098.56,8732175.16,3937.0878280000006,28.6468,934111.267824,1.531247288427929,1.1413510603683428,63579.52211583438,1.1916745374493285,1.1408386019700445,0.86763262769081,2.296449380564211
VEN,Neglected tropical diseases and malaria,8387.151616666668,93373.85556892936,4.193839902999476,1.4336191433317875,UM,-0.341527656895934,225.92,8078.48,205.77687919999997,17.6204,27298.575182399996,-0.9929102806348242,0.3817357826118681,,0.0571907546713842,-0.8264250839719341,-0.2825214396990471,-0.9588895115708752
VNM,Neglected tropical diseases and malaria,8446.448504347825,212754.4074735725,1.853609379566003,0.6171401491774062,L,-0.4934521846142816,927.6,19423.76,525.8847767999999,7.8774,187418.696472,-0.514446394638925,0.0030755988359821,8760.437449736877,-0.1976965406295996,-1.6107193526977948,0.3268317085869689,-1.174223212607048
ZAF,Neglected tropical diseases and malaria,632.2525499999999,145340.3537710301,0.2031079964980589,-1.5939682052713284,UM,0.0291253425765472,4149.12,125429.28,404.9987222,7.338399999999999,123314.596444,0.1460837543893123,-0.0382327848486599,13658.44123280344,-0.2863745306371325,0.7082799515808104,-2.2553022572750243,-0.1271103134507558
ZMB,Neglected tropical diseases and malaria,100854.9587,576908.4363497209,8.162308619848881,2.099528273203911,L,-0.5940702205720861,246.32,6149.96,41.90146,1.4438000000000002,26718.732488,-1.2878847399390634,-0.9814408789813224,3255.1775640080373,-1.212043940296777,-0.3951098648450484,-0.937576074106514,0.4006683655594721
ZWE,Neglected tropical diseases and malaria,6889.47945,376503.8387532203,0.8543575193463046,-0.1573938272451899,L,-0.5072401214689258,244.4,5941.76,95.1253,1.26488,25704.12307,-0.9015173122490596,-1.0938914790117371,4759.5101951403985,-1.2489518188194657,-1.1296668830769985,-0.6862179004385326,-0.6844445984855564
AFG,Maternal and neonatal disorders,3426.0,1789308.3114569366,0.0967454348088662,-2.3355687749148792,L,-0.5977808384269677,64.9,1727.86,,2.4104,13906.3606524,-1.2536259804415315,-1.562053160771015,2426.9467970680007,-1.6626173029328206,-1.168834967840953,0.2163864504601283,-0.2073326726603103
ALB,Maternal and neonatal disorders,252.64755,34458.351807509585,0.053527967246683,-2.9273642086132536,LM,-0.6855572489465708,94.2,1340.48,155.23569,13.945600000000002,8767.3661396,-0.4930546068402314,-0.2126459604060382,12849.222175247694,0.2380145890442885,-0.2151231896202075,-0.937576074106514,-1.0686674768050024
ARE,Maternal and neonatal disorders,28335.76628571429,41218.46337513001,6.003446182840007,1.79233533385952,H,0.1920029761475444,1116.96,24179.72,2305.6505460000003,21.4316,11601.6235952,1.5859591123627317,0.739741774545433,75883.36711327448,0.799806995013803,-1.9344777676315972,-0.4500935554777018,0.6962244258052003
ARG,Maternal and neonatal disorders,84834.81817777778,493274.36673465,8.68988215886398,2.162160529403288,UM,-0.1971266896177451,2264.52,74790.52,1070.2597744000002,44.25206,181393.79928400004,-0.1479497937403469,0.7764603378206705,25990.3505237228,0.6905695827419523,0.8295144996597187,0.3344486229405448,-0.4775553563135469
ASM,Maternal and neonatal disorders,2786.0,709.9233705844417,0.5902646463393725,-0.527167348124819,UM,-0.3963829446946172,,,118.276418,,,-0.3724278953034905,0.5377896765316272,,0.3531968945010001,0.4585834112105977,0.2049610789297661,-0.409999685400238
AUS,Maternal and neonatal disorders,87281.97352608696,91338.46400259876,18.49226964651048,2.917353328578716,H,1.686037901709881,22961.92,947877.52,4359.00251,33.058800000000005,85850.1701944,1.456383302363544,1.3180591461304236,54212.04883866928,1.2635086634330837,1.1629095068767166,0.669592854497853,2.2668937745396383
AUT,Maternal and neonatal disorders,1339.98105,32225.48766067276,0.2838992966904921,-1.2591004696832784,H,2.655772449106955,5286.92,240017.96,4695.050182000001,48.396800000000006,63505.0815056,1.6309661067007597,0.8590771051899555,60268.85667814417,1.1438676880877248,1.1294922917011208,0.9514186855801358,1.3042254640249829
BDI,Maternal and neonatal disorders,13125.0,1008722.7317081894,0.6574395183069489,-0.4193872961181993,L,-0.6220351334192457,17.6,368.2,20.6824158,0.5528,8759.857224799998,-1.2878847399390634,-1.4450127403311952,1019.3543992426344,-2.0178246707283605,-1.2653563195806996,-1.16608350471377,-2.4408920422315954
BEL,Maternal and neonatal disorders,3059.050416666667,32200.77124977188,0.6481153310581695,-0.4336711892047716,H,2.2618360855426443,7814.2,391540.56,4406.680888,31.26,65894.4112724,1.0201304133783438,1.1229917787307244,56940.3921111463,1.2300686392682318,1.2583428562619086,1.24847834536957,-0.013110118784546
BEN,Maternal and neonatal disorders,1245.5113,1251295.3011591742,0.0502939979570338,-2.9896707227877957,L,-0.5072401214689258,99.28,2101.76,,0.7802,4799.8084716,-1.4796755259063692,-1.9682522670033291,3038.469075736016,-1.505573041299367,0.05470139430926,-3.009376778278969,-1.0897786239654117
BFA,Maternal and neonatal disorders,26322.98491,1789409.331949596,0.7432822100222435,-0.2966660275664783,L,-0.5476922417657978,159.56,3312.8,46.57809999999999,0.665,4295.738,-1.3435486109526469,-1.8580965771776168,2061.603181376113,-2.060182034670506,-0.1773539650263939,-0.9528099028136646,-1.0855563945333295
BGD,Maternal and neonatal disorders,147885.75946,9125774.232366968,0.8188133920501031,-0.1998868569048595,L,-0.5977808384269677,1578.28,27412.72,,4.420799999999999,98716.98583,-1.0628404320668117,-1.4312432791029814,5113.32897934955,-0.8813592568887959,-0.8733646141255625,-0.2672876109918965,-1.2797789484090936
BGR,Maternal and neonatal disorders,96.56698333333334,39853.288495452565,0.0204594674319131,-3.8888208966521174,LM,-0.0529334492358485,540.64,14482.68,1794.3050359999995,39.0588,51813.283158,0.3708480312202768,0.1866684152121687,22821.77151822954,0.4636728261863637,0.4064370126458878,0.3725331947084208,-1.5500016320623302
BHR,Maternal and neonatal disorders,13528.88105,7939.701708599181,2.866338904646694,1.053039061231076,UM,-0.7261588813181815,171.72,3694.36,384.09338,9.0324,2393.7282384,1.2791041336763491,0.6800741092231726,54743.29230787483,0.6903218788592502,-1.5793227133235133,0.2430456506976422,0.616002066595645
BIH,Maternal and neonatal disorders,542.8526666666667,24269.989093171374,0.1150131863978411,-2.162621550090847,LM,-0.6863384046578135,267.0,3933.32,278.01888440000005,19.2996,8156.2943572,-0.6615872221458549,-0.2654288951141922,13009.191373023836,0.096080264255694,-0.0009421546808029,0.0602397062118369,-0.9926673470275296
BLR,Maternal and neonatal disorders,7665.039275,42769.05204957058,1.6239776370550163,0.4848846290596578,LM,-0.0607532128429428,198.64,3022.28,1472.9208640000004,39.4592,100249.4446188,0.8904415654722012,0.624996264310316,22194.85517432224,0.4379116223852935,-1.3315690343007185,0.0602397062118369,-1.030667411916266
BMU,Maternal and neonatal disorders,0.344,272.4076693337783,7.288264118476099e-05,-9.398084912384112,H,-0.6027532048371063,17.08,435.76,,,,0.875489649203869,1.2572440257058115,101849.20174323895,1.199972617519866,1.0762578907818563,0.9019087422818975,2.1993381036263293
BOL,Maternal and neonatal disorders,185.552875,308946.1027503973,0.0303468255523549,-3.4947338921206197,LM,-0.6163180276179551,58.8,2683.08,100.5244707968,9.19619999988,12581.1942184,-0.2250687763546017,-0.5178690176314497,9949.461080913694,-0.2566500647128187,0.2946836279423804,-0.4196258980634005,-0.2453327375490466
BRA,Maternal and neonatal disorders,118728.29501666666,3650375.2590897297,1.6434065758076952,0.4967773527532987,UM,0.5891447452387177,13637.08,322292.68,714.2783391999999,20.265399999999996,489032.7424200001,-0.3604685310344718,0.8039992602770988,17255.480171781295,0.1272909534762228,0.9720428081063328,-0.0844816665060912,-0.4606664385852196
BWA,Maternal and neonatal disorders,5315.541875,90826.71520395046,1.1261939859831298,0.1188526731529575,UM,-0.2097087846620601,121.56,3325.96,173.69786240000005,3.6592,4949.3935444,0.1460837543893123,-0.5706519523396035,16066.874131336312,-0.3802543021814212,0.4232233346875828,-1.9734764261927416,-0.4015552265360742
CAN,Maternal and neonatal disorders,94634.47349166666,148257.1892683107,20.0,2.995732773553866,H,1.489609040499211,29544.04,1275399.56,4570.958856,22.546620000000004,99529.369204,0.875489649203869,1.3731369910432796,54193.397774207595,1.2082706975904025,1.0116771795936688,0.9361848568729852,2.102226826688448
CHE,Maternal and neonatal disorders,7298.69589,29552.691258802,1.5463611443824414,0.4359109888713847,H,2.83128423767282,11251.64,585294.32,4556.711074,40.1264,40273.9280124,1.5890091833903168,1.1229917787307244,75268.81661408668,1.322462187516304,1.262539436772333,0.9361848568729852,1.3760033643703735
CHL,Maternal and neonatal disorders,5412.035241176471,109875.7120743777,1.1466378562847273,0.1368427781797895,UM,-0.4130662354494351,1847.84,56678.32,427.5335204,18.3712,38510.5147576,1.0855542670616256,0.5905726112397812,25118.03849731798,0.6531662964538584,1.18093926018076,0.2963640511726688,0.316223776917836
CHN,Maternal and neonatal disorders,210468.21400454547,9290641.19102672,1.1446405560844826,0.1350993992333018,LM,1.4510467220526826,70455.56,1591215.32,1135.717754,17.930799999999998,4576265.56984,-0.4306275453050752,0.5951624316491857,12907.16100572696,-0.0636887400874875,-1.873083349053176,1.4389012042089502,-1.7653353330985035
CIV,Maternal and neonatal disorders,1473.7702,2525603.0642151004,0.0294844462999243,-3.5235532943792074,L,-0.7664348184326426,112.92,2443.28,63.99303,1.6373999999999995,8218.7208,-1.1558010247055155,-1.642375017935597,5070.246318122955,-1.4575184880550616,-0.449976269296144,-2.10296397020352,-1.246001112952439
CMR,Maternal and neonatal disorders,919.4368,2131774.0784830647,0.0217925979464175,-3.8257261444334776,L,-0.5072401214689258,322.64,7905.04,,1.2016,62153.52664999999,-1.2878847399390634,-1.422063638284172,4525.251514428976,-1.2093191975870483,-1.0312803844437304,-2.64376488930736,-0.295999490734029
COD,Maternal and neonatal disorders,5672.498707692308,6211860.518795564,0.0461403634938375,-3.0758504417081185,L,-0.4953296767226226,140.12,2689.56,10.10515,1.2394,48492.72640000001,-1.2770076933611387,-1.7525307077613093,1285.819981235234,-1.6878830989684863,-1.0872347912493805,-1.16608350471377,-1.3642235370507303
COL,Maternal and neonatal disorders,8188.0988125,702991.0170632522,0.588520507639252,-0.5301265139665525,LM,-0.5575000287062973,1535.84,34683.2,70.2291404,18.6208,74993.781868,-1.260564016157332,0.6410606357432325,15052.503408239549,0.096080264255694,0.2129280224430147,-0.0768647521525165,0.088223387585417
CRI,Maternal and neonatal disorders,107909.59356363636,37217.91051364894,20.0,2.995732773553866,UM,-0.3306758499618466,168.72,5317.68,325.1844104,21.7234,5792.390856399999,-1.0313112732057932,0.957758243992156,20060.82964907356,0.3494813362604607,1.2672023040061362,0.1364088497475889,0.3880016772632269
CUB,Maternal and neonatal disorders,1324.0,50264.83720137684,0.2805134213041382,-1.2710980590947092,LM,-0.2544546968411825,214.8,5593.84,2055.97578,74.8132,50246.253984,-0.4386190363850955,0.9692327950156672,,0.1949141134540343,-1.6295262505408048,-0.5110288703063032,-0.2453327375490466
CZE,Maternal and neonatal disorders,695.4310263157895,38566.121166275145,0.147339680115476,-1.914946740717138,UM,1.1611697366947522,2464.28,83101.08,3115.7949599999997,38.12964,73756.44399880001,1.2863611701080897,0.9462836929686442,40335.77650259335,0.948181620752665,1.142082033232391,1.3551151463196212,-0.7013335162138837
DEU,Maternal and neonatal disorders,40616.566855,299939.68448488286,6.842228644046433,1.923114965228997,H,2.728296832832491,34293.0,1532108.0,4359.623428000001,39.07,677483.163832,1.515365013659394,1.1138121379119152,57073.37934866153,1.3090861778503635,1.228189648149975,1.4998365190375504,0.8735580619526369
DNK,Maternal and neonatal disorders,36454.02759545454,21158.496597864072,7.723447130752585,2.0442620786618573,H,2.688188615952814,7153.56,338384.52,6645.832076,37.828,17918.6769232,1.518770655459118,0.8980905786698948,63245.14222976299,1.2768846730990249,1.3472481915197752,1.0732893152373375,1.0128916332113371
DOM,Maternal and neonatal disorders,214.67333333333332,371467.83286844025,0.0292001571777711,-3.5332387816393775,LM,-0.6163180276179551,76.56,1606.92,23.9788592,15.9652,13655.559303199998,-0.1924475372210277,0.4207492560918083,16818.470743654518,-0.0089461820102115,0.2587795502420891,0.288747136819093,0.3120015474857542
DZA,Maternal and neonatal disorders,1187.713,1054189.4036406402,0.0569273758679342,-2.8658032841103864,LM,-0.4470272749166086,207.72,4076.2,521.9864392000001,13.898400000000002,62365.351725199995,0.2919927298209828,0.2256818886921089,14364.642594725296,-0.0441201333539812,-0.998951171622688,0.5629560535478009,-1.0433341002125116
ECU,Maternal and neonatal disorders,236.53115,324029.2641168503,0.0368835241420594,-3.2997192408423093,LM,-0.465617549869982,328.24,6772.68,240.1625596,15.6632,22522.0236884,-0.2250687763546017,0.487301652028176,12441.051274374971,0.0782455847011063,0.2217874701872428,-0.983277560227966,-1.0180007236200206
EGY,Maternal and neonatal disorders,13840.328106666666,1631079.7200493773,0.428745425495098,-0.8468686263660792,LM,-0.1462666824577513,5285.44,71870.08,621.9283252000001,6.3452,133970.47101199997,-0.6458053506197035,0.4850067418234732,13357.879306684385,-0.2197421861901304,-1.449850433131551,-0.5491134420741792,-1.030667411916266
ESP,Maternal and neonatal disorders,53189.050005000005,128185.6815743846,11.269065251374204,2.4220622706810073,H,0.7212703352108207,17886.52,638478.0,2728.3601160000003,37.743199999999995,142394.354176,1.3191574531884838,0.8797312970322765,43711.9780393328,0.9521448828759064,1.1705255233585974,1.2256276023088415,-0.4944442740418742
EST,Maternal and neonatal disorders,38.635107142857144,4785.703173838268,0.0081855484041501,-4.80416414966596,UM,0.9088682387994828,389.56,18838.48,3225.7261000000003,32.8172,6929.693693999999,1.3200029007099876,0.551559137759841,34147.59681739785,0.88303549960188,1.222438778561617,1.126607715712365,-1.0222229530521023
ETH,Maternal and neonatal disorders,15089.23747777778,10466289.361710042,0.0728455216354388,-2.619276954629264,L,-0.4948360047777304,1176.0,22007.16,52.3478988,0.5660000000000001,26162.863530400005,-1.6890782080036626,-2.3698615528262392,1821.9964066710625,-1.9155229671721832,-1.2364465427311138,0.3192147942333942,-0.6886668279176381
FIN,Maternal and neonatal disorders,309807.48276818177,12828.439779349088,20.0,2.995732773553866,H,3.215384091565292,4334.96,206147.32,7524.242588000001,34.032000000000004,27518.692702,1.2316545120575315,1.0449648317708449,53891.28379728628,1.2513711731806567,1.1834261227054552,1.3017967458445934,0.4555573481765362
FRA,Maternal and neonatal disorders,101159.66790909092,211075.3197799215,20.0,2.995732773553866,H,1.9322709532508728,21434.08,1005259.36,4058.14122,32.8628,422344.22919199994,1.2577313164408972,0.9003854888745976,50206.07391192202,1.0217496739153389,1.1953941486055528,1.3017967458445934,-0.5915555509797563
FSM,Maternal and neonatal disorders,1519.0,2033.9987484884632,0.3218277091850347,-1.133707869234956,LM,-0.8153788655405375,5.36,579.56,,6.67476,347.6215399999999,-0.476050362466987,-0.4145980584198444,3736.7675443593953,-0.7562687961239791,-0.3334045884510399,0.0602397062118369,-0.5387776830787335
GAB,Maternal and neonatal disorders,27.19935,83121.18044312883,0.0057626757747346,-5.154619566833756,UM,-0.1834849309493806,51.88,1594.76,,3.39772,3474.87075,0.1460837543893123,-0.9332477646825736,19483.622283180644,-0.1801095649577127,-0.8352845317161619,-1.9734764261927416,-0.7055557456459655
GBR,Maternal and neonatal disorders,323964.903376,262850.575124894,20.0,2.995732773553866,H,1.7873119443352363,50955.64,2309909.96,4100.1239000000005,26.6688,191846.488844,1.5557859539332275,1.1138121379119152,48709.53277199082,1.1844911248509518,1.127160858084218,1.2027768592481172,1.8531152901956205
GEO,Maternal and neonatal disorders,14.9902,54656.84818456377,0.0031759458368831,-5.749006067989336,L,-0.5943974545469862,150.76,4053.08,1033.0797744,49.87840000000001,15784.702178799998,-0.7122671795473384,0.193553145826276,13219.248340109913,0.3465088896680306,-0.0837857625347237,0.2582794794047928,-1.347334619322403
GHA,Maternal and neonatal disorders,8692.791825,1989874.7341121368,0.2207302438196814,-1.5107686360820545,L,-0.4399609701012515,789.04,17859.36,54.02035479999999,1.2055999999999998,18842.2045884,-1.482073723356602,-1.3371519607101856,5281.493507040973,-1.00991757201145,0.5940397043526083,-0.937576074106514,0.3837794478311452
GMB,Maternal and neonatal disorders,606.611425,202924.15399062829,0.1285216361245685,-2.051580209426073,L,-0.7940840376880294,100.12,4097.76,62.712215400000005,0.9686,2436.9764118,-0.6645454941030067,-1.0548780055317974,2685.014329065316,-1.5952418468377114,-0.8657485976436823,-1.16608350471377,1.059336156964237
GNB,Maternal and neonatal disorders,1566.0711,210915.16059284375,0.3318005757300115,-1.1031910279241934,L,-0.5072401214689258,20.92,718.84,,1.5402000000000005,1526.3769999999995,-1.3833148866787637,-1.5482836995428009,2281.855422997779,-1.647507366087962,-0.5252038606681847,-1.16608350471377,-0.5704444038193469
GRC,Maternal and neonatal disorders,894.74105,35454.96853077364,0.1895671247105415,-1.6629593467009005,H,0.2951881062187891,4336.72,150813.44,2715.1557740000003,56.946000000000005,48714.6293188,1.127178183699807,0.4230441662965101,34962.40147931398,0.9199433781245676,1.1296477206089144,0.4563192525977476,-1.8624466100363852
GRL,Maternal and neonatal disorders,2877.0,569.8415664326358,0.6095446473504575,-0.4950266747683055,H,-0.0512865083370962,19.4,659.16,680.0240208,,,-1.8661592011402857,1.2572440257058115,60403.040732769936,1.199972617519866,1.0762578907818563,0.9019087422818975,2.1993381036263293
GTM,Maternal and neonatal disorders,3310.658138461538,399257.01216804865,0.4189769071220906,-0.8699156074668638,LM,-0.8004733066932486,99.44,2566.92,23.9059628,8.4648,8965.4912772,-0.4238102430226781,-0.4077133278057371,10493.190490144729,-0.6571872430429359,-0.0018747281275638,-0.5262626990134538,0.7131133435335272
HND,Maternal and neonatal disorders,88.20695,191338.74745100073,0.0186882426943376,-3.979325733102219,LM,-0.8047306822554082,47.52,1026.36,69.9383956,4.2728,5237.808084400001,-0.4238102430226781,-0.2562492542953826,5659.597256564474,-0.7763328106228904,-0.3759921091864512,-0.5262626990134538,0.1220012230420717
HRV,Maternal and neonatal disorders,93.50749285714286,18491.65292418045,0.0198112588662608,-3.921000237149712,UM,0.3697420586569883,1030.28,27929.72,1797.05422,30.722800000000003,24049.1890904,0.8242599381710966,0.4895965622328778,30424.392753499713,0.696019068161409,0.7939212797750141,0.9514186855801358,-1.3431123898903212
HTI,Maternal and neonatal disorders,10879.52515,626838.7624909228,0.8769652756824194,-0.131276478931619,L,-0.5771758690325169,45.92,956.52,,1.833,24589.3873284,-1.0628404320668117,-1.4909109444252424,3257.3885005278403,-1.2038697121675912,-0.7086099718644819,-0.4462850983009133,0.3753349889669817
HUN,Maternal and neonatal disorders,726.8479941176471,49812.37809840883,0.1539959347416853,-1.870764140027379,UM,0.6803707045015658,2102.56,78112.24,2685.499484,32.2488,71875.4526304,0.7481050872363765,0.7351519541360284,30921.08529583642,0.6828907623781721,0.4529102560761359,1.2637121740767174,-1.0686674768050024
IDN,Maternal and neonatal disorders,15675.392472727272,6557307.472411045,0.1207872730455284,-2.113641567862642,L,-0.6656954802255216,3763.72,23272.12,210.39034100799995,3.1054000000000004,225577.216428,-0.3561563550969788,-0.5224588380408542,10027.896402198325,-0.31758521985766,0.27851902153186,-0.4196258980634005,1.2662253991362464
IND,Maternal and neonatal disorders,543093.19225,58243018.10331997,0.4711495587213384,-0.752558476471204,L,0.0720960873777242,20999.84,361898.64,187.8770994,7.322399999999999,2253635.67836,-0.61746182271422,-0.6119603360242456,5997.703428215718,-0.7773236261537012,0.1022626400940626,-0.6633671573778073,-0.9968895764596114
IRL,Maternal and neonatal disorders,15953.462436842105,15889.501783236368,3.3800304605782734,1.2178876800085685,H,0.7307749947545085,3862.56,148567.64,4045.541872,34.0572,16883.00737,0.6240834065073566,0.7856399786394805,78796.19120554483,1.188206683091492,1.2448205412838769,1.0656724008837637,2.102226826688448
IRN,Maternal and neonatal disorders,44355.763825,1316067.1361468146,1.7029438145628168,0.5323642812674743,LM,-0.1557949356736106,7732.64,138160.44,1107.6320056,11.578600000000002,135331.79713999998,-0.2543426108629983,0.5836878806256739,15041.31246333119,0.2729408365053547,-1.5152860033126028,0.5477222248406503,0.1431123702024811
IRQ,Maternal and neonatal disorders,2451.1775,1338933.1899308988,0.0925005160874198,-2.380432953494118,LM,-0.8030624557611098,686.48,7819.12,257.05344,7.317,39542.690875199994,-0.4867073888031044,0.005370509040684,12618.200750284284,-0.4709139232505756,-0.8753851899268775,-0.2596706966383217,-0.3973329971039924
ISL,Maternal and neonatal disorders,1153.661625,955.06954274025,0.2444241461148351,-1.4088093473896426,H,2.279052798450904,355.56,19543.32,6682.198872,38.19,1133.7224292,1.2446929142492145,1.2331474685564368,59846.93658326752,1.3556545077984543,1.1394397417999025,1.0656724008837637,1.2408920225437552
ISR,Maternal and neonatal disorders,73020.0594631579,37779.742406507314,15.470624398672236,2.7389436720616898,H,4.973907159605384,5799.44,244241.44,,35.7984,25646.0703424,1.2440864165759786,0.9325142317404296,39990.70193898606,0.9964838778796736,0.658542701086899,0.9285679425194104,0.4006683655594721
ITA,Maternal and neonatal disorders,74880.50932173913,167222.08135106473,15.864794455315304,2.764103099419666,H,0.7472433779301987,27038.92,1044767.56,1939.442776,40.6904,211767.055088,0.8954470267798256,0.8728465664181693,49972.48038745556,0.995988470114268,1.086438484242328,1.24847834536957,0.1051123053137447
JAM,Maternal and neonatal disorders,347.01155,56832.37342902473,0.0735206926907492,-2.610052372299553,LM,-0.7789225387882717,118.64,3659.12,,5.4326,4748.064388399999,0.2852990076084474,0.2945291948331793,10285.854351618776,-0.1511282106815095,0.7853726898463729,-0.5110288703063032,0.4386684304482085
JOR,Maternal and neonatal disorders,591.5750625000001,153927.834976754,0.125335909924535,-2.0766780841520225,LM,-0.1636011072739102,781.36,15669.68,369.9050768,23.2558,12540.478012,0.7812987562779177,0.5423794969410318,9665.93327239689,0.0128517596676184,-1.2883597979341332,0.0983242779797129,-1.195334359767457
JPN,Maternal and neonatal disorders,293590.697228,233230.27161181477,20.0,2.995732773553866,H,3.232001217456847,32291.16,953951.56,5272.902023999999,22.9328,1709055.64024,1.5721622277790648,0.9554633337874534,42257.92967148511,1.1347026444277288,1.026598354741841,0.7000605119121542,-1.334667931026157
KAZ,Maternal and neonatal disorders,502.0,243514.32992122043,0.1041615648190297,-2.2617160773166165,LM,-0.6258432033983137,310.16,6497.16,535.2867768,36.1964,113626.77276320002,-0.2543426108629983,0.9095651296934067,27333.243732460403,0.3777195788885594,-1.2653563195806996,0.0602397062118369,-1.0180007236200206
KEN,Maternal and neonatal disorders,104862.73340666664,2166171.517905929,2.446001023135308,0.8944585438514359,L,-0.2059053308362432,958.72,28060.28,148.20428219999997,1.6988,59290.953204,-0.8837322135441875,-1.0617627361459043,4610.232110620364,-0.9873765186855128,-0.3242342828912252,-1.0670636181172928,1.22822533424751
KHM,Maternal and neonatal disorders,1599.6666666666667,536776.6666697994,0.1505789164243682,-1.8932015624444036,L,-0.7358589580161591,118.96,3149.44,25.740740800000005,1.9989999999999997,10587.494602,-0.8422434767823592,-1.0525830953270952,4524.759432725333,-1.1194026881660022,-1.150183498905737,0.3344486229405448,-1.495112649445267
KOR,Maternal and neonatal disorders,4092.082015789474,303586.22879869,0.6810681383615654,-0.3840782387957873,UM,3.817072996717791,15668.2,409587.4,6080.884064,20.5616,475607.754164,1.4261136430282402,1.0633241134084632,41569.26564396438,1.04181368841425,0.8637088593742831,1.019970914762314,-0.3466662439190105
KWT,Maternal and neonatal disorders,359.65668571428574,23866.518315707668,0.0761997941122518,-2.574265292892173,H,-0.6838885095463556,371.24,8648.56,241.3141644,21.208,7519.4662628,1.640414410801008,0.960053154196858,58962.60401646187,0.5627543792674076,-1.0323683867982845,0.2392371935208548,0.8017801616072459
LAO,Maternal and neonatal disorders,85.65899999999999,419368.9943212166,0.0103206008827495,-4.572644828834723,L,-0.8083007638890943,45.76,1306.44,15.628840000000002,3.2056000000000004,8415.247565200001,-0.1978663155550326,-0.875875009565015,5919.878821376147,-1.0081836448325314,-1.815574653169591,0.288747136819093,0.6371132137560546
LBN,Maternal and neonatal disorders,1348.3473555555556,61651.44472697536,0.2856718503121422,-1.2528764988471963,UM,-0.4678020161695108,793.44,24871.56,,24.6196,16220.9302684,-1.0788283613009042,0.0856923662052662,14167.592478390638,0.0965756720210983,-0.5667033790490419,-1.9277749400712896,-0.2875550318698647
LBY,Maternal and neonatal disorders,300.0,81584.20873469563,0.0635604428936869,-2.755606651034542,UM,-0.4678020161695108,94.2,1801.52,,17.7602,22913.4014428,-1.025795366990626,0.2440411703297273,16049.158229078448,0.0589246818503028,-1.50487226649044,-0.6747925289081694,1.076225074692564
LKA,Maternal and neonatal disorders,2917.3677272727273,243560.84249710545,0.6052182398795865,-0.5021496360951315,LM,-0.690422161567146,442.4,10503.36,106.5670474,7.6884000000000015,74974.4832076,-0.2543426108629983,0.1430651213228248,10999.968054238268,0.1337312544264902,-0.2877084895597593,0.2658963937583676,1.6884483423444288
LTU,Maternal and neonatal disorders,2017.834075,10644.762411930098,0.4275147583099102,-0.8497430781070546,LM,0.2701680426927716,521.2,14151.84,2906.158892,41.2456,21687.603698,1.2541591137972343,0.4322238071153193,31533.10830529218,0.7931189901808314,0.969866803397224,0.5020207387191984,-1.7611131036664214
LUX,Maternal and neonatal disorders,91.6414,1549.775269719797,0.0194158932379917,-3.941148399847856,H,0.8674798087515446,309.2,12400.72,4689.78792,27.3772,2757.048789200001,1.411644006868198,0.948578603173346,129290.29825284838,1.0811986057639649,1.1709918100819778,1.0656724008837637,0.6371132137560546
LVA,Maternal and neonatal disorders,8.803584615384617,8944.348922873327,0.0018651991240196,-6.279040425721382,LM,-0.1041619792970423,209.6,6386.2,1829.198268,31.3912,13563.396933200002,1.1296947912680313,0.5056609336657943,27594.885351783112,0.7148445632468075,0.9765502464323438,0.6162744540228264,-1.1066675416937388
MAR,Maternal and neonatal disorders,630.0,952525.6137255466,0.0334189028721153,-3.398334397751093,LM,-0.0600153976816673,625.52,9553.64,870.8234672000002,6.5986,26635.4212752,-1.511975471024861,-0.1460935644696705,7496.17141389544,-0.6170592140451139,-1.214531066732234,0.0678566205654127,-0.3002217201661107
MCO,Maternal and neonatal disorders,0.7979999999999999,89.92908368839116,0.0001690707780972,-8.62772942191252,H,-0.8069646439759053,,,303.57021199999997,78.2864,641.2279255999999,1.640414410801008,1.0013615378815,,1.1641794064693385,1.1709918100819778,1.0656724008837637,0.6371132137560546
MDA,Maternal and neonatal disorders,68.77632000000001,26367.922198208315,0.0145715111993264,-4.228000908984966,L,-0.4348873047725504,57.52,1025.16,791.1779167999999,30.582399999999996,20742.6071924,1.3067507525185311,0.2601055417626437,10541.106021422418,0.1054930117983935,-0.0054495930068134,-0.4729442985384272,-0.8280003991763384
MDG,Maternal and neonatal disorders,3500.0,1554343.0989959294,0.1137756843634497,-2.173438561657692,L,-0.7500759406701825,57.36,1179.48,38.3749292,1.6177999999999997,7315.641778800001,-1.582183667795631,-2.1908585568594567,1642.483307567602,-1.508545487891799,-0.5452541897735428,-1.16608350471377,-1.752668644802258
MDV,Maternal and neonatal disorders,0.9566,7023.420386735977,0.0002026730655736,-8.455754474835853,LM,-0.6258432033983137,,,,16.3596,1651.7447694,-0.2543426108629983,0.0122552396547912,18245.236581728695,-0.1469172446755638,-0.6018303122103668,0.2658963937583676,0.1431123702024811
MEX,Maternal and neonatal disorders,22394.554383333332,2017282.1275259128,0.5609240818256273,-0.5781518815653384,UM,-0.4004159239181893,3497.52,89418.84,303.6330748,21.1272,118420.111624,-0.4816462417038926,0.5010711132563898,20862.6077118635,0.1892169241518748,0.3029213600554353,0.3572993660012702,-0.4184441442644015
MKD,Maternal and neonatal disorders,154.58739999999997,19007.00774614348,0.0327521453659451,-3.41848153478051,LM,-0.4447812599070674,178.08,4548.32,682.2130980000001,27.465800000000005,9242.013092,-1.4247478821841577,-0.0956055399662188,17335.33891683372,0.2236477638475373,-0.1380304513546449,-0.8461731018636114,-0.7562224988309474
MLI,Maternal and neonatal disorders,1961.924,3258094.815422954,0.030426133227293,-3.492124783384332,L,-0.4925217732812587,105.44,2811.88,33.941968599999996,1.0396,4003.253818400001,-1.3782146655675636,-1.7410561567377976,2679.265335748308,-2.0579526997261826,-0.2889519208221068,-1.265103391310248,-0.882889381793402
MMR,Maternal and neonatal disorders,1777.3740666666663,1913621.3205572471,0.0469300632594001,-3.058883740895061,L,-0.7407849064408301,75.2,1745.6,24.3904088,5.7177999999999995,45057.8505552,0.2543526959842814,-1.038813634098881,4160.257687868157,-1.2278969887897442,-1.4243600922534216,1.278946002783869,1.6377815891594465
MNE,Maternal and neonatal disorders,203.008,4677.399292649778,0.0430109279698719,-3.146068584713366,UM,-0.0953800041900855,62.8,1202.52,691.0647623999998,22.7052,2472.6120060000003,-0.4364737873645732,0.1683091335745504,20214.682614526668,0.5511122967803843,-0.2446546821009674,-0.59481492819563,-1.4908904200131847
MNG,Maternal and neonatal disorders,540.0,65064.90071503315,0.1144087972086364,-2.167889902269752,L,-0.606735919280835,64.88,1420.4,370.69395800000007,31.70519999999999,21939.410153999997,0.0555595620579777,0.1338854805040156,11806.669179457976,-0.0914315749501805,0.3153556726789135,0.6848266832050036,0.2106680411157903
MOZ,Maternal and neonatal disorders,8050.787542857142,2907660.145858567,0.1399017102431881,-1.9667436964306717,L,-0.441411211580922,132.04,5272.52,32.79408900000001,0.6626000000000001,20040.8482376,-1.140076444058883,-1.598771724046252,1300.3855616581347,-1.8850553895997628,-0.6008977387636056,-1.16608350471377,-1.0897786239654117
MWI,Maternal and neonatal disorders,22879.814716666664,1349230.813041353,0.8568297827093355,-0.1545043291929328,L,-0.5072401214689258,332.88,9001.64,42.9861488,0.3731999999999999,17978.519106400003,-0.9663518487866488,-1.369280703576018,1500.3485355091457,-1.5744347206906932,-0.2205632013929792,-1.16608350471377,0.4893351836331908
MYS,Maternal and neonatal disorders,5909.58232631579,239067.22645942756,1.249007498050441,0.2223572406933779,UM,0.3205595102977949,2605.48,55587.32,1096.0548646,13.974800000000002,56728.86625879999,0.9490977587343962,0.7007283010654937,26017.720142413487,0.3222339091631748,-0.8323313824680858,-1.50122773627108,0.172667976227054
NER,Maternal and neonatal disorders,25.0,2249882.8793826695,0.0005614465263453,-7.4673396463067805,L,-0.5072401214689258,34.96,660.08,19.779595,0.321,6958.332784000001,-1.6347626647580045,-2.0095606506879715,1463.401968659742,-2.3358764561185086,-0.1737791001471439,-1.16608350471377,-0.9968895764596114
NGA,Maternal and neonatal disorders,39658.05923529412,24019373.872959312,0.0834253574963615,-2.483683108663481,L,-0.5965390932024645,2139.6,34309.04,30.4566354,3.4715999999999996,70528.5225,-0.960798900109685,-1.5551684301569078,7594.354887665404,-1.3435747020118616,-0.3508126261239092,-2.2553022572750243,0.8017801616072459
NLD,Maternal and neonatal disorders,75536.05337083334,60086.99286245878,16.003683355637797,2.772819530328907,H,1.6760164894550469,16957.44,859167.12,4281.813516,31.9052,62550.2333876,1.5517671302296476,0.9715277052203698,62999.86555815831,1.2560775469520056,1.1470557582817829,1.012354000408737,1.8024485370106376
NOR,Maternal and neonatal disorders,149551.51295714287,17106.911393535953,20.0,2.995732773553866,H,1.346422634431936,4862.76,209808.6,5739.830929999999,41.2756,20221.0005844,0.8433966781901925,1.0793884848413795,85207.42722944335,1.3868651970189827,1.2600525742476367,0.981886342994438,1.0213360920755006
NPL,Maternal and neonatal disorders,51271.55185294118,1532366.507559626,1.6906048590150824,0.5250922846702576,L,-0.5849687050789807,901.52,11567.88,59.65797,5.1694,8137.124040399999,-0.842358014740521,-1.4518974709453023,3508.52037662225,-1.082247105760611,-0.3497246237693546,-0.015929437323915,-0.3762218499435834
NZL,Maternal and neonatal disorders,6523.005594736842,19141.200179635343,1.3820170819982378,0.3235513213895366,H,0.7569952581257706,3266.96,128033.0,4179.645111999999,28.086,11776.8108888,1.1486204745742885,1.2560965706034597,43747.40306150099,1.2322979742125555,1.2142010464485624,1.0352047434694611,2.2668937745396383
OMN,Maternal and neonatal disorders,400.70395,35759.20502181989,0.0848964017708326,-2.4662057848463874,UM,-0.6160502907294005,324.8,6590.2,254.8387608,19.08,4783.3042396,0.2173835384083884,0.5171354846893061,40703.55778955031,0.4792781707966277,-1.5976633244431433,-0.6747925289081694,0.9537804211621912
PAK,Maternal and neonatal disorders,51282.43983333334,19515478.485886615,0.132775448390726,-2.019020623314662,L,-0.5323366079765423,2507.96,50960.8,218.36298560000003,8.3796,102724.429004,-0.61746182271422,-1.0938914790117371,4604.534345725936,-1.3683450902821224,-0.741250042501111,0.2163864504601283,-1.1700009831749665
PAN,Maternal and neonatal disorders,152.13805,46205.29651131595,0.0322332061299396,-3.434447920570377,UM,-0.6140284156054884,76.24,4280.52,118.2820104,14.8664,7854.0216504,-0.7564787574548428,0.6731893786090654,25958.763735724344,0.3569124527415395,0.6501495400660523,0.2468541078744295,-0.0088878893524642
PER,Maternal and neonatal disorders,4069.0481733333336,599215.466271029,0.3431137469962687,-1.069664118466303,LM,-0.6981916603943965,622.88,16100.88,,14.3462,48266.29250039999,-0.6962755389557354,0.1453600315275267,12528.092016874456,0.0827042545897528,0.7769795288255256,-0.6024318425492058,-0.6380000747326562
PHL,Maternal and neonatal disorders,20919.44739230769,2748382.7211170467,0.3845929332685766,-0.9555438190531704,LM,-0.6155235363528765,608.6,15265.12,115.4890196,8.777199999999999,99546.5422768,0.039412942133762,-0.0910157195568143,7275.56410305801,-0.306190841253341,-0.3525223441096372,0.517254567426349,0.2740014825970179
PNG,Maternal and neonatal disorders,2115.5108333333333,336738.013018132,0.3174325151267296,-1.1474585317607369,LM,-0.8153788655405375,49.68,1633.88,33.15884,0.5425999999999999,2306.65758,-1.3995141534759064,-2.1702043650171357,3770.9375784213335,-1.2950247410021507,-0.3334045884510399,0.0602397062118369,-0.5387776830787335
POL,Maternal and neonatal disorders,2583.7414944444445,135652.39030160892,0.547412512365618,-0.602534357233598,UM,0.3119632071327089,6545.88,171263.2,2251.738904,25.763999999999996,247467.471128,1.4163487598517872,0.6640097377902562,29884.23115253326,0.8156600435067692,0.9036540886772048,0.7762296554479063,-0.7562224988309474
PRI,Maternal and neonatal disorders,188.99738235294117,25544.496374519265,0.0400425244270014,-3.2175635755690153,UM,-0.2912377446624314,,,293.1154456,,,-0.7259081394261464,0.6146691683891559,41285.88234229262,0.3102202708520987,0.9021775140531676,0.2963640511726688,0.2866681708932631
PRT,Maternal and neonatal disorders,2410.164213333333,31233.37810304575,0.5106370161532705,-0.6720766982077054,H,0.7576933230784961,4251.6,127431.44,3690.75784,44.1928,36170.0584736,0.7436194726614643,1.0449648317708449,37093.18332037167,0.7200463447835633,1.2093827503069654,0.631508282729977,-1.208001048063703
PRY,Maternal and neonatal disorders,2580.6397,130486.06820096094,0.5467553409367713,-0.603735561406871,LM,-0.7439433810763073,61.48,1653.72,119.17626299999998,17.148000000000003,5292.8180728,0.0087721680868115,0.3473121295413333,13192.181127501142,-0.0763216381053215,0.0716431452587482,-0.7928547013885858,-0.4395552914248105
PSE,Maternal and neonatal disorders,749.0,114403.7652951043,0.1586892390912383,-1.8407444460974471,LM,-0.4089788881986852,188.88,4298.48,364.2897808,15.2826,5693.440376799999,-0.2543426108629983,0.1499498519369312,5354.912957495792,-0.2261824871403991,-1.214531066732234,-0.0959070380364544,-1.5457794026302485
QAT,Maternal and neonatal disorders,136.83604999999997,10773.34521762916,0.0289911998060756,-3.540418077228189,H,-0.1760847243822053,762.52,20507.08,699.6647419999999,27.269,2408.958384,1.369961805366068,0.989886986857988,117119.99710764772,0.7299545000916665,-2.037060846775289,0.2392371935208548,1.371781134938292
ROU,Maternal and neonatal disorders,576.2358875,134125.10412127487,0.1220860274024558,-2.102947434001195,LM,-0.2801164056690808,1687.2,36692.92,931.5613616,26.8992,142187.626808,0.4608248454821719,0.3771459622024635,27423.4610312035,0.4874523989258137,0.3750403732716061,0.1897272502226155,-1.414890290235712
RUS,Maternal and neonatal disorders,14281.065088235291,812186.3411757866,0.888450463896459,-0.1182651299616546,LM,0.5238738769881611,6103.04,95354.44,3038.264508,45.41480000000001,1224673.333888,0.0957556262539488,0.6043420724679949,32776.237809188046,0.5134613066095881,-1.1015342507663797,-0.0844816665060912,-1.31777901329783
RWA,Maternal and neonatal disorders,3473.8753,798217.3991668127,0.2198980287028422,-1.5145458713883202,L,0.0225057788146977,175.0,3518.68,35.758095000000004,0.71254,7801.1199232,-1.2878847399390634,-1.288958846411436,2101.280425014305,-1.447114924981552,-1.4361726892457254,-1.16608350471377,-1.7315574976418489
SAU,Maternal and neonatal disorders,37917.25036666667,307777.2956427948,6.22484523652837,1.8285501869042,UM,-0.3195537416096209,4051.96,88253.56,589.8781,22.165199999999995,63306.122842,1.087822954732511,0.8820262072369784,58198.93178177366,0.5981760344938795,-2.148347944755415,0.0678566205654127,-0.2326660492528014
SDN,Maternal and neonatal disorders,1981.83722,2526679.9413766437,0.03963200547953,-3.2278659784809745,L,-0.5384291609089094,243.48,4856.4,,2.8784000000000005,27173.1927936,-0.6309188242347716,-1.467961842378219,3739.5830431078225,-1.5043345218858548,-1.4787602099811368,0.2582794794047928,0.1346679113383176
SEN,Maternal and neonatal disorders,5147.351587499999,1164059.5571179686,0.2234276585097368,-1.4986228366798549,L,-0.2795214348056261,181.24,3415.92,435.4852584,1.1557000000000002,10467.9669544,-1.1288642282346195,-1.5046804056534564,3670.3894565647,-1.5296003179215203,0.447470244303365,-0.6405164143170818,-0.5408887977947744
SGP,Maternal and neonatal disorders,3392.1985642857144,12549.859351967794,0.7186988104310964,-0.3302989957389994,H,1.8002535864272085,3571.44,149622.84,6402.609976000002,20.4104,12778.507642,1.640414410801008,1.2813405828551865,102904.17860234065,1.2278393043239095,-0.6695973160083207,0.943801771226561,-0.0975547074261829
SLB,Maternal and neonatal disorders,26195.0,14552.844640668867,5.5498860053337635,1.7137791898050885,L,-0.5771758690325169,10.12,308.8,,1.8258,,-1.0628404320668117,-1.2568301035456035,2484.863991460149,-0.995550746814698,-0.0138427540276611,-0.4462850983009133,-0.5641110596712247
SLE,Maternal and neonatal disorders,755.0770666666667,1054782.0870524074,0.0361706935144103,-3.3192296307517593,L,-0.5072401214689258,58.96,1416.92,,0.5186,2249.7864,-1.5218206290689078,-1.8076085526741652,2628.7693181987156,-1.9489629913370357,-0.2586432838023796,-1.16608350471377,1.1480029750379557
SLV,Maternal and neonatal disorders,47.47755000000001,94120.20240816906,0.0100589803516905,-4.598295833417079,LM,-0.7051789776985711,44.48,1186.48,64.6676792,18.7678,6746.7366368,-0.4238102430226781,0.624996264310316,9273.01392438114,-0.4461435349803141,-0.0618702865358437,-0.5262626990134538,-0.9884451175954476
SRB,Maternal and neonatal disorders,301.43471,59479.861873508235,0.0638644122371002,-2.7508364322681156,UM,0.078537672786454,1172.16,24938.56,1709.916424,29.2386,39829.6700988,-0.9026283560717088,-0.0611818868956836,18124.0177351574,0.3217385013977691,-0.2903507809922484,0.1668765071618901,-1.6893352033210305
SVK,Maternal and neonatal disorders,68.87885714285714,28986.808532679424,0.0145932355533699,-4.226512161575916,UM,0.0790428851144737,711.76,20155.96,2604.693996,33.9888,34136.6889316,1.0561154061859035,0.8017043500723969,30335.36358264918,0.7200463447835627,1.0267537836496354,1.1646922874802412,-0.9588895115708752
SVN,Maternal and neonatal disorders,26653.43218571428,7186.540208209297,5.647013181202833,1.731128535729703,H,1.5688212044735264,826.24,27272.8,3843.0390280000006,27.227199999999996,9423.0723276,0.4858611588299455,0.9302193215357276,39279.976435910976,1.0529603631358675,0.9916268504883106,0.905717199458686,0.160001287930808
SWE,Maternal and neonatal disorders,188236.45483333335,29531.527584275063,20.0,2.995732773553866,H,3.5012809270090774,10995.76,518697.44,6472.473894,38.8488,24547.856226400003,1.473524592750634,0.8613720153946574,57211.250518340894,1.2753984498028084,1.3132092607130048,1.522687262098276,0.4513351187444545
THA,Maternal and neonatal disorders,15977.487447058824,452999.13765941584,1.7821301235753495,0.5778149587155573,LM,-0.0890658759016732,2742.76,67800.16,897.2197834,4.1786,146109.074908,-1.0712678786124514,0.67777919901847,17420.47860657954,0.1337312544264902,-0.8848663533022793,0.6924435975585773,0.886224750248882
TUN,Maternal and neonatal disorders,1430.23054,179378.68457945847,0.30302028854159,-1.1939225162851883,LM,0.0009232107428812,844.36,14196.08,1474.0663639999998,11.498,20373.418867999997,0.4116063108887263,0.2968241050378812,11883.999462028434,-0.0837527545863996,-0.5494507702839665,-0.5719641851349045,-0.8322226286084204
TUR,Maternal and neonatal disorders,8204.910047619047,1243955.8199548095,0.3332707273199088,-1.0987701191629604,UM,0.2945397931399904,9173.76,161346.6,1180.9438388,17.195600000000002,205899.00472800003,0.2173835384083884,0.4092747050682964,24132.177663504997,0.2788857296902191,-0.4148493361348195,-1.417441678381752,-1.495112649445267
TWN,Maternal and neonatal disorders,4474.278745,74811.2594357123,0.9479571288733656,-0.0534354515124922,H,0.164071915090892,7309.68,202897.52,,,,0.9879854174359308,0.9554633337874534,49027.62762815805,1.1454777633252913,0.9052083777551394,0.1744934215154649,-0.1271103134507558
TZA,Maternal and neonatal disorders,22875.180270588233,3811315.6975736218,0.3032619359923321,-1.1931253974432676,L,-0.3009049953817357,574.24,14129.28,27.44056920000001,0.5366,34089.553026400004,-1.2874065621011082,-1.598771724046252,2943.8138350321356,-1.3787486533556326,-0.5241158583136302,0.7305281693264534,0.0628900109929266
UGA,Maternal and neonatal disorders,43246.569975,3540424.66661376,0.6171981440740659,-0.4825489633856539,L,-0.5072401214689258,836.28,21372.24,30.2253728,1.1968,14749.42476,-1.2844238342586884,-1.3876399852136367,2351.4495322320777,-1.2984925953599873,-1.0811730638454349,-2.148665456324972,0.1177789936099899
UKR,Maternal and neonatal disorders,842.0783333333333,242834.70554332685,0.1752144981446811,-1.7416872806621635,L,0.0263689861798188,1320.52,13619.72,1140.1403976,32.0196,359398.68044400006,1.3067507525185311,0.654830096971447,15902.135507178204,0.2677390549686009,-0.4111190423477763,-0.0235463516774898,-1.1193342299899844
URY,Maternal and neonatal disorders,618.9303714285714,23962.55086009778,0.1311316284278471,-2.0314774067474204,UM,-0.3238726658817929,296.0,10230.92,615.0790922,41.8794,6442.1798528,-0.4592438262531174,0.9210396807169186,25109.14942301282,0.4971128503512155,1.2160661933420849,0.4715530813048982,-0.5408887977947744
USA,Maternal and neonatal disorders,644171.09218,1822517.294641198,17.85903032755168,2.882509840944864,H,2.8302856098528664,196098.56,8732175.16,3937.0878280000006,28.6468,934111.267824,1.531247288427929,1.1413510603683428,63579.52211583438,1.1916745374493285,1.1408386019700445,0.86763262769081,2.296449380564211
UZB,Maternal and neonatal disorders,2521.3810000000003,679551.8553805206,0.1874753507341848,-1.6740545660416142,L,-0.6105929717749546,93.32,757.28,548.7124468000001,25.948799999999995,145820.8233,0.7352887163765999,0.845307643961741,6771.372711363738,-0.2682921471998427,-1.5342483300634064,1.4465181185625238,0.3795572183990635
VEN,Maternal and neonatal disorders,867.72441,559370.6871733048,0.0783809299847636,-2.546047047288112,UM,-0.341527656895934,225.92,8078.48,205.77687919999997,17.6204,27298.575182399996,-0.9929102806348242,0.3817357826118681,,0.0571907546713842,-0.8264250839719341,-0.2825214396990471,-0.9588895115708752
VIR,Maternal and neonatal disorders,7.1943166666666665,789.6649787979255,0.0015242465121692,-6.479715890010852,H,-0.8138068089056336,,,,,,1.2020927093083464,0.8831736623393294,51317.39505491391,0.4398932534469136,0.8215876253622518,0.943801771226561,0.8017801616072459
VNM,Maternal and neonatal disorders,21579.1998,1239721.851644164,0.8795071640139545,-0.1283821993452028,L,-0.4934521846142816,927.6,19423.76,525.8847767999999,7.8774,187418.696472,-0.514446394638925,0.0030755988359821,8760.437449736877,-0.1976965406295996,-1.6107193526977948,0.3268317085869689,-1.174223212607048
ZAF,Maternal and neonatal disorders,49088.97850499999,1828630.677921464,1.356395358544926,0.3048380818254814,UM,0.0291253425765472,4149.12,125429.28,404.9987222,7.338399999999999,123314.596444,0.1460837543893123,-0.0382327848486599,13658.44123280344,-0.2863745306371325,0.7082799515808104,-2.2553022572750243,-0.1271103134507558
ZMB,Maternal and neonatal disorders,8672.636535714286,1163902.1922387094,0.3764982492714659,-0.9768153215666382,L,-0.5940702205720861,246.32,6149.96,41.90146,1.4438000000000002,26718.732488,-1.2878847399390634,-0.9814408789813224,3255.1775640080373,-1.212043940296777,-0.3951098648450484,-0.937576074106514,0.4006683655594721
ZWE,Maternal and neonatal disorders,7736.233625,945329.6316234932,0.4134991362717062,-0.8830756697885849,L,-0.5072401214689258,244.4,5941.76,95.1253,1.26488,25704.12307,-0.9015173122490596,-1.0938914790117371,4759.5101951403985,-1.2489518188194657,-1.1296668830769985,-0.6862179004385326,-0.6844445984855564
AGO,Nutritional deficiencies,808.0,549368.843837637,0.2798963736924369,-1.2733001114001028,L,-0.8144684575382685,24.12,437.72,35.450738799999996,1.5514,24281.724,-1.2878847399390634,-1.568937891385122,9754.451718302276,-1.174392950125981,-1.2330271067596574,-1.16608350471377,-0.3677773910794196
ARE,Nutritional deficiencies,269.75,24108.36980378699,0.8687664489995288,-0.1406694376750275,H,0.1920029761475444,1116.96,24179.72,2305.6505460000003,21.4316,11601.6235952,1.5859591123627317,0.739741774545433,75883.36711327448,0.799806995013803,-1.9344777676315972,-0.4500935554777018,0.6962244258052003
ARG,Nutritional deficiencies,392.33765,70321.14498182457,1.0617542056052385,0.059931869547441,UM,-0.1971266896177451,2264.52,74790.52,1070.2597744000002,44.25206,181393.79928400004,-0.1479497937403469,0.7764603378206705,25990.3505237228,0.6905695827419523,0.8295144996597187,0.3344486229405448,-0.4775553563135469
AUS,Nutritional deficiencies,1960.7181058823533,14460.54544952562,6.3147585035643905,1.8428910969459489,H,1.686037901709881,22961.92,947877.52,4359.00251,33.058800000000005,85850.1701944,1.456383302363544,1.3180591461304236,54212.04883866928,1.2635086634330837,1.1629095068767166,0.669592854497853,2.2668937745396383
AUT,Nutritional deficiencies,415.17595384615385,6069.121007966406,1.337130450909788,0.2905333418992901,H,2.655772449106955,5286.92,240017.96,4695.050182000001,48.396800000000006,63505.0815056,1.6309661067007597,0.8590771051899555,60268.85667814417,1.1438676880877248,1.1294922917011208,0.9514186855801358,1.3042254640249829
BDI,Nutritional deficiencies,5671.25,245530.6724195995,4.395648695665264,1.4806173937786784,L,-0.6220351334192457,17.6,368.2,20.6824158,0.5528,8759.857224799998,-1.2878847399390634,-1.4450127403311952,1019.3543992426344,-2.0178246707283605,-1.2653563195806996,-1.16608350471377,-2.4408920422315954
BEL,Nutritional deficiencies,136.408775,12954.67058694177,0.4393229548438395,-0.8224977140968767,H,2.2618360855426443,7814.2,391540.56,4406.680888,31.26,65894.4112724,1.0201304133783438,1.1229917787307244,56940.3921111463,1.2300686392682318,1.2583428562619086,1.24847834536957,-0.013110118784546
BEN,Nutritional deficiencies,40.0,152976.9733469722,0.0497604001430878,-3.000334846298949,L,-0.5072401214689258,99.28,2101.76,,0.7802,4799.8084716,-1.4796755259063692,-1.9682522670033291,3038.469075736016,-1.505573041299367,0.05470139430926,-3.009376778278969,-1.0897786239654117
BFA,Nutritional deficiencies,3440.2727272727275,545247.7730643217,1.2007398078956149,0.1829462015757882,L,-0.5476922417657978,159.56,3312.8,46.57809999999999,0.665,4295.738,-1.3435486109526469,-1.8580965771776168,2061.603181376113,-2.060182034670506,-0.1773539650263939,-0.9528099028136646,-1.0855563945333295
BGD,Nutritional deficiencies,4726.89974,1853682.4994535688,0.4852784187429727,-0.7230118869748771,L,-0.5977808384269677,1578.28,27412.72,,4.420799999999999,98716.98583,-1.0628404320668117,-1.4312432791029814,5113.32897934955,-0.8813592568887959,-0.8733646141255625,-0.2672876109918965,-1.2797789484090936
BGR,Nutritional deficiencies,26.1685,18851.69174669601,0.0842792023008125,-2.473501508763969,LM,-0.0529334492358485,540.64,14482.68,1794.3050359999995,39.0588,51813.283158,0.3708480312202768,0.1866684152121687,22821.77151822954,0.4636728261863637,0.4064370126458878,0.3725331947084208,-1.5500016320623302
BRA,Nutritional deficiencies,793.7835176470589,1083967.5086097028,0.1393592335271634,-1.9706285114198097,UM,0.5891447452387177,13637.08,322292.68,714.2783391999999,20.265399999999996,489032.7424200001,-0.3604685310344718,0.8039992602770988,17255.480171781295,0.1272909534762228,0.9720428081063328,-0.0844816665060912,-0.4606664385852196
BWA,Nutritional deficiencies,60.0,19031.8677960495,0.1932381350879397,-1.6437802418176266,UM,-0.2097087846620601,121.56,3325.96,173.69786240000005,3.6592,4949.3935444,0.1460837543893123,-0.5706519523396035,16066.874131336312,-0.3802543021814212,0.4232233346875828,-1.9734764261927416,-0.4015552265360742
CAN,Nutritional deficiencies,396.67569333333336,54622.86120373387,1.277547853574147,0.2449503286254226,H,1.489609040499211,29544.04,1275399.56,4570.958856,22.546620000000004,99529.369204,0.875489649203869,1.3731369910432796,54193.397774207595,1.2082706975904025,1.0116771795936688,0.9361848568729852,2.102226826688448
CHE,Nutritional deficiencies,1185.7591642857144,6545.20918621049,3.818898159500089,1.339964559643161,H,2.83128423767282,11251.64,585294.32,4556.711074,40.1264,40273.9280124,1.5890091833903168,1.1229917787307244,75268.81661408668,1.322462187516304,1.262539436772333,0.9361848568729852,1.3760033643703735
CHL,Nutritional deficiencies,1478.1953833333334,24958.171466586013,4.7607286528489245,1.5604028353742287,UM,-0.4130662354494351,1847.84,56678.32,427.5335204,18.3712,38510.5147576,1.0855542670616256,0.5905726112397812,25118.03849731798,0.6531662964538584,1.18093926018076,0.2963640511726688,0.316223776917836
CHN,Nutritional deficiencies,24694.99453125,2837561.760434748,1.6562029288099214,0.5045336278965706,LM,1.4510467220526826,70455.56,1591215.32,1135.717754,17.930799999999998,4576265.56984,-0.4306275453050752,0.5951624316491857,12907.16100572696,-0.0636887400874875,-1.873083349053176,1.4389012042089502,-1.7653353330985035
CIV,Nutritional deficiencies,477.25,274554.7084655226,0.3308011250307856,-1.1062076857125325,L,-0.7664348184326426,112.92,2443.28,63.99303,1.6373999999999995,8218.7208,-1.1558010247055155,-1.642375017935597,5070.246318122955,-1.4575184880550616,-0.449976269296144,-2.10296397020352,-1.246001112952439
CMR,Nutritional deficiencies,98.07083333333333,242145.3671446279,0.0770750185939205,-2.5628463286566507,L,-0.5072401214689258,322.64,7905.04,,1.2016,62153.52664999999,-1.2878847399390634,-1.422063638284172,4525.251514428976,-1.2093191975870483,-1.0312803844437304,-2.64376488930736,-0.295999490734029
COD,Nutritional deficiencies,768.5594249999999,1428076.7066109502,0.1024178970475736,-2.2785961713744056,L,-0.4953296767226226,140.12,2689.56,10.10515,1.2394,48492.72640000001,-1.2770076933611387,-1.7525307077613093,1285.819981235234,-1.6878830989684863,-1.0872347912493805,-1.16608350471377,-1.3642235370507303
COL,Nutritional deficiencies,235.0,152420.64142756365,0.293409393858203,-1.2261523150549178,LM,-0.5575000287062973,1535.84,34683.2,70.2291404,18.6208,74993.781868,-1.260564016157332,0.6410606357432325,15052.503408239549,0.096080264255694,0.2129280224430147,-0.0768647521525165,0.088223387585417
CUB,Nutritional deficiencies,60.0,30908.6795361422,0.1932381350879397,-1.6437802418176266,LM,-0.2544546968411825,214.8,5593.84,2055.97578,74.8132,50246.253984,-0.4386190363850955,0.9692327950156672,,0.1949141134540343,-1.6295262505408048,-0.5110288703063032,-0.2453327375490466
CZE,Nutritional deficiencies,31.078316666666662,19053.99727305214,0.1000919325723183,-2.301566286430562,UM,1.1611697366947522,2464.28,83101.08,3115.7949599999997,38.12964,73756.44399880001,1.2863611701080897,0.9462836929686442,40335.77650259335,0.948181620752665,1.142082033232391,1.3551151463196212,-0.7013335162138837
DEU,Nutritional deficiencies,824.9705428571427,98660.51944232988,1.5912740507216945,0.4645412693858679,H,2.728296832832491,34293.0,1532108.0,4359.623428000001,39.07,677483.163832,1.515365013659394,1.1138121379119152,57073.37934866153,1.3090861778503635,1.228189648149975,1.4998365190375504,0.8735580619526369
DNK,Nutritional deficiencies,474.0827,4852.82479038351,1.5268476137575864,0.4232117761505219,H,2.688188615952814,7153.56,338384.52,6645.832076,37.828,17918.6769232,1.518770655459118,0.8980905786698948,63245.14222976299,1.2768846730990249,1.3472481915197752,1.0732893152373375,1.0128916332113371
DOM,Nutritional deficiencies,459.0,63815.68962889154,1.3687847423835888,0.3139306025478422,LM,-0.6163180276179551,76.56,1606.92,23.9788592,15.9652,13655.559303199998,-0.1924475372210277,0.4207492560918083,16818.470743654518,-0.0089461820102115,0.2587795502420891,0.288747136819093,0.3120015474857542
DZA,Nutritional deficiencies,748.0,164395.67766671584,0.8658868415549942,-0.1439894981213671,LM,-0.4470272749166086,207.72,4076.2,521.9864392000001,13.898400000000002,62365.351725199995,0.2919927298209828,0.2256818886921089,14364.642594725296,-0.0441201333539812,-0.998951171622688,0.5629560535478009,-1.0433341002125116
ECU,Nutritional deficiencies,1696.75,50227.95737738239,5.464613428507694,1.6982952132173534,LM,-0.465617549869982,328.24,6772.68,240.1625596,15.6632,22522.0236884,-0.2250687763546017,0.487301652028176,12441.051274374971,0.0782455847011063,0.2217874701872428,-0.983277560227966,-1.0180007236200206
EGY,Nutritional deficiencies,209.16666666666663,347636.2982269803,0.1145031134045577,-2.1670659349948997,LM,-0.1462666824577513,5285.44,71870.08,621.9283252000001,6.3452,133970.47101199997,-0.6458053506197035,0.4850067418234732,13357.879306684385,-0.2197421861901304,-1.449850433131551,-0.5491134420741792,-1.030667411916266
ESP,Nutritional deficiencies,3847.073773333333,35143.29679742469,12.390022691744274,2.51689233419643,H,0.7212703352108207,17886.52,638478.0,2728.3601160000003,37.743199999999995,142394.354176,1.3191574531884838,0.8797312970322765,43711.9780393328,0.9521448828759064,1.1705255233585974,1.2256276023088415,-0.4944442740418742
EST,Nutritional deficiencies,40.484,2697.597864947217,0.1303842110150025,-2.0371930245317587,UM,0.9088682387994828,389.56,18838.48,3225.7261000000003,32.8172,6929.693693999999,1.3200029007099876,0.551559137759841,34147.59681739785,0.88303549960188,1.222438778561617,1.126607715712365,-1.0222229530521023
ETH,Nutritional deficiencies,909.5332285714286,2043002.2207706417,0.0847226766830143,-2.4682539585352945,L,-0.4948360047777304,1176.0,22007.16,52.3478988,0.5660000000000001,26162.863530400005,-1.6890782080036626,-2.3698615528262392,1821.9964066710625,-1.9155229671721832,-1.2364465427311138,0.3192147942333942,-0.6886668279176381
FIN,Nutritional deficiencies,1240.9395083333334,4060.0346640373846,3.996613939121303,1.3854499895188293,H,3.215384091565292,4334.96,206147.32,7524.242588000001,34.032000000000004,27518.692702,1.2316545120575315,1.0449648317708449,53891.28379728628,1.2513711731806567,1.1834261227054552,1.3017967458445934,0.4555573481765362
FRA,Nutritional deficiencies,8569.615300000001,103568.47683032697,15.74648682155225,2.7566179165033207,H,1.9322709532508728,21434.08,1005259.36,4058.14122,32.8628,422344.22919199994,1.2577313164408972,0.9003854888745976,50206.07391192202,1.0217496739153389,1.1953941486055528,1.3017967458445934,-0.5915555509797563
GBR,Nutritional deficiencies,10029.240647058825,53436.913023133566,20.0,2.995732773553866,H,1.7873119443352363,50955.64,2309909.96,4100.1239000000005,26.6688,191846.488844,1.5557859539332275,1.1138121379119152,48709.53277199082,1.1844911248509518,1.127160858084218,1.2027768592481172,1.8531152901956205
GEO,Nutritional deficiencies,80.85063333333333,15242.74874404823,0.2603904267668691,-1.3455347297593994,L,-0.5943974545469862,150.76,4053.08,1033.0797744,49.87840000000001,15784.702178799998,-0.7122671795473384,0.193553145826276,13219.248340109913,0.3465088896680306,-0.0837857625347237,0.2582794794047928,-1.347334619322403
GHA,Nutritional deficiencies,2024.2983583333337,391817.4122937578,0.9831974142195224,-0.0169351798519885,L,-0.4399609701012515,789.04,17859.36,54.02035479999999,1.2055999999999998,18842.2045884,-1.482073723356602,-1.3371519607101856,5281.493507040973,-1.00991757201145,0.5940397043526083,-0.937576074106514,0.3837794478311452
GMB,Nutritional deficiencies,1366.1666666666667,34575.96378372319,4.399924981432894,1.4815897638679656,L,-0.7940840376880294,100.12,4097.76,62.712215400000005,0.9686,2436.9764118,-0.6645454941030067,-1.0548780055317974,2685.014329065316,-1.5952418468377114,-0.8657485976436823,-1.16608350471377,1.059336156964237
GNB,Nutritional deficiencies,1847.8333333333333,28977.915034452755,5.951197788111076,1.7835941885564377,L,-0.5072401214689258,20.92,718.84,,1.5402000000000005,1526.3769999999995,-1.3833148866787637,-1.5482836995428009,2281.855422997779,-1.647507366087962,-0.5252038606681847,-1.16608350471377,-0.5704444038193469
GRC,Nutritional deficiencies,62.144016666666666,8375.260187140935,0.2001432314590084,-1.6086720484877337,H,0.2951881062187891,4336.72,150813.44,2715.1557740000003,56.946000000000005,48714.6293188,1.127178183699807,0.4230441662965101,34962.40147931398,0.9199433781245676,1.1296477206089144,0.4563192525977476,-1.8624466100363852
GRL,Nutritional deficiencies,2877.0,54.96053568882362,9.265768577466709,2.226327890471802,H,-0.0512865083370962,19.4,659.16,680.0240208,,,-1.8661592011402857,1.2572440257058115,60403.040732769936,1.199972617519866,1.0762578907818563,0.9019087422818975,2.1993381036263293
GTM,Nutritional deficiencies,706.7976,151627.63960509788,0.8870878452642107,-0.1197999924246029,LM,-0.8004733066932486,99.44,2566.92,23.9059628,8.4648,8965.4912772,-0.4238102430226781,-0.4077133278057371,10493.190490144729,-0.6571872430429359,-0.0018747281275638,-0.5262626990134538,0.7131133435335272
HND,Nutritional deficiencies,299.0,33537.59651157837,0.9629700398548996,-0.0377225944446146,LM,-0.8047306822554082,47.52,1026.36,69.9383956,4.2728,5237.808084400001,-0.4238102430226781,-0.2562492542953826,5659.597256564474,-0.7763328106228904,-0.3759921091864512,-0.5262626990134538,0.1220012230420717
HRV,Nutritional deficiencies,36.137775,7730.91947882758,0.1163866041204594,-2.150751918333232,UM,0.3697420586569883,1030.28,27929.72,1797.05422,30.722800000000003,24049.1890904,0.8242599381710966,0.4895965622328778,30424.392753499713,0.696019068161409,0.7939212797750141,0.9514186855801358,-1.3431123898903212
HTI,Nutritional deficiencies,810.532425,190017.247242442,0.811759365515697,-0.208539011781499,L,-0.5771758690325169,45.92,956.52,,1.833,24589.3873284,-1.0628404320668117,-1.4909109444252424,3257.3885005278403,-1.2038697121675912,-0.7086099718644819,-0.4462850983009133,0.3753349889669817
HUN,Nutritional deficiencies,28.56788,20071.58618747476,0.0920067309102675,-2.3857848607469085,UM,0.6803707045015658,2102.56,78112.24,2685.499484,32.2488,71875.4526304,0.7481050872363765,0.7351519541360284,30921.08529583642,0.6828907623781721,0.4529102560761359,1.2637121740767174,-1.0686674768050024
IDN,Nutritional deficiencies,6740.249084615385,1513032.5807225355,0.8477691388436572,-0.1651351265899086,L,-0.6656954802255216,3763.72,23272.12,210.39034100799995,3.1054000000000004,225577.216428,-0.3561563550969788,-0.5224588380408542,10027.896402198325,-0.31758521985766,0.27851902153186,-0.4196258980634005,1.2662253991362464
IND,Nutritional deficiencies,68146.795785,19365078.69334253,0.6696935422413465,-0.4009201387843967,L,0.0720960873777242,20999.84,361898.64,187.8770994,7.322399999999999,2253635.67836,-0.61746182271422,-0.6119603360242456,5997.703428215718,-0.7773236261537012,0.1022626400940626,-0.6633671573778073,-0.9968895764596114
IRL,Nutritional deficiencies,285.4954375,3594.242902576892,0.9194767653102572,-0.083939628396151,H,0.7307749947545085,3862.56,148567.64,4045.541872,34.0572,16883.00737,0.6240834065073566,0.7856399786394805,78796.19120554483,1.188206683091492,1.2448205412838769,1.0656724008837637,2.102226826688448
IRN,Nutritional deficiencies,687.0666666666667,270514.2696531,0.4833465652859871,-0.7270006672818262,LM,-0.1557949356736106,7732.64,138160.44,1107.6320056,11.578600000000002,135331.79713999998,-0.2543426108629983,0.5836878806256739,15041.31246333119,0.2729408365053547,-1.5152860033126028,0.5477222248406503,0.1431123702024811
ISL,Nutritional deficiencies,126.0,222.74004452864096,0.4058000836846734,-0.9018700029965556,H,2.279052798450904,355.56,19543.32,6682.198872,38.19,1133.7224292,1.2446929142492145,1.2331474685564368,59846.93658326752,1.3556545077984543,1.1394397417999025,1.0656724008837637,1.2408920225437552
ISR,Nutritional deficiencies,409.8040125,8549.682284186512,1.319829385450912,0.2775100515062459,H,4.973907159605384,5799.44,244241.44,,35.7984,25646.0703424,1.2440864165759786,0.9325142317404296,39990.70193898606,0.9964838778796736,0.658542701086899,0.9285679425194104,0.4006683655594721
ITA,Nutritional deficiencies,533.2621375,72296.33173743058,1.4037004008170155,0.3391190171032618,H,0.7472433779301987,27038.92,1044767.56,1939.442776,40.6904,211767.055088,0.8954470267798256,0.8728465664181693,49972.48038745556,0.995988470114268,1.086438484242328,1.24847834536957,0.1051123053137447
JOR,Nutritional deficiencies,100.0,35965.057173027184,0.3220635584798995,-1.1329753170425798,LM,-0.1636011072739102,781.36,15669.68,369.9050768,23.2558,12540.478012,0.7812987562779177,0.5423794969410318,9665.93327239689,0.0128517596676184,-1.2883597979341332,0.0983242779797129,-1.195334359767457
JPN,Nutritional deficiencies,899.8074857142857,123143.8917471495,1.3905501751325409,0.3297066696508987,H,3.232001217456847,32291.16,953951.56,5272.902023999999,22.9328,1709055.64024,1.5721622277790648,0.9554633337874534,42257.92967148511,1.1347026444277288,1.026598354741841,0.7000605119121542,-1.334667931026157
KEN,Nutritional deficiencies,2475.523913333333,503387.1411773315,0.9358687489262842,-0.0662693526412244,L,-0.2059053308362432,958.72,28060.28,148.20428219999997,1.6988,59290.953204,-0.8837322135441875,-1.0617627361459043,4610.232110620364,-0.9873765186855128,-0.3242342828912252,-1.0670636181172928,1.22822533424751
KHM,Nutritional deficiencies,2544.45775,148109.23731023277,3.2693621863400333,1.1845979745314053,L,-0.7358589580161591,118.96,3149.44,25.740740800000005,1.9989999999999997,10587.494602,-0.8422434767823592,-1.0525830953270952,4524.759432725333,-1.1194026881660022,-1.150183498905737,0.3344486229405448,-1.495112649445267
KOR,Nutritional deficiencies,267.7,664802.9795101988,0.0766311513751419,-2.568621122270297,UM,3.817072996717791,15668.2,409587.4,6080.884064,20.5616,475607.754164,1.4261136430282402,1.0633241134084632,41569.26564396438,1.04181368841425,0.8637088593742831,1.019970914762314,-0.3466662439190105
LAO,Nutritional deficiencies,2184.0,58026.39670799988,7.033868117201005,1.950738206236184,L,-0.8083007638890943,45.76,1306.44,15.628840000000002,3.2056000000000004,8415.247565200001,-0.1978663155550326,-0.875875009565015,5919.878821376147,-1.0081836448325314,-1.815574653169591,0.288747136819093,0.6371132137560546
LBN,Nutritional deficiencies,171.19683333333333,15991.77518186558,0.5513626134382361,-0.5953444489486522,UM,-0.4678020161695108,793.44,24871.56,,24.6196,16220.9302684,-1.0788283613009042,0.0856923662052662,14167.592478390638,0.0965756720210983,-0.5667033790490419,-1.9277749400712896,-0.2875550318698647
LKA,Nutritional deficiencies,637.8,107917.58309354229,1.1247143632768304,0.1175379952158316,LM,-0.690422161567146,442.4,10503.36,106.5670474,7.6884000000000015,74974.4832076,-0.2543426108629983,0.1430651213228248,10999.968054238268,0.1337312544264902,-0.2877084895597593,0.2658963937583676,1.6884483423444288
LTU,Nutritional deficiencies,3.0312,6934.418800579916,0.0097623905846427,-4.6281941566102685,LM,0.2701680426927716,521.2,14151.84,2906.158892,41.2456,21687.603698,1.2541591137972343,0.4322238071153193,31533.10830529218,0.7931189901808314,0.969866803397224,0.5020207387191984,-1.7611131036664214
LVA,Nutritional deficiencies,1.8816,4955.349335663914,0.0060599479163577,-5.104405254448731,LM,-0.1041619792970423,209.6,6386.2,1829.198268,31.3912,13563.396933200002,1.1296947912680313,0.5056609336657943,27594.885351783112,0.7148445632468075,0.9765502464323438,0.6162744540228264,-1.1066675416937388
MAR,Nutritional deficiencies,491.0,177157.08857033867,0.527439795764949,-0.639701592066549,LM,-0.0600153976816673,625.52,9553.64,870.8234672000002,6.5986,26635.4212752,-1.511975471024861,-0.1460935644696705,7496.17141389544,-0.6170592140451139,-1.214531066732234,0.0678566205654127,-0.3002217201661107
MDG,Nutritional deficiencies,3750.0,681429.5802589656,1.0472737609673848,0.0461999180598155,L,-0.7500759406701825,57.36,1179.48,38.3749292,1.6177999999999997,7315.641778800001,-1.582183667795631,-2.1908585568594567,1642.483307567602,-1.508545487891799,-0.5452541897735428,-1.16608350471377,-1.752668644802258
MEX,Nutritional deficiencies,682.2465166666667,452874.2076416484,0.2866907472641993,-1.249316299663704,UM,-0.4004159239181893,3497.52,89418.84,303.6330748,21.1272,118420.111624,-0.4816462417038926,0.5010711132563898,20862.6077118635,0.1892169241518748,0.3029213600554353,0.3572993660012702,-0.4184441442644015
MLI,Nutritional deficiencies,761.8152333333334,839541.0153057765,0.172686215265241,-1.756221209152208,L,-0.4925217732812587,105.44,2811.88,33.941968599999996,1.0396,4003.253818400001,-1.3782146655675636,-1.7410561567377976,2679.265335748308,-2.0579526997261826,-0.2889519208221068,-1.265103391310248,-0.882889381793402
MMR,Nutritional deficiencies,804.0,417197.81821007514,0.3667447934544923,-1.003061791957227,L,-0.7407849064408301,75.2,1745.6,24.3904088,5.7177999999999995,45057.8505552,0.2543526959842814,-1.038813634098881,4160.257687868157,-1.2278969887897442,-1.4243600922534216,1.278946002783869,1.6377815891594465
MNG,Nutritional deficiencies,4605.5,19326.67275477621,14.832637185791771,2.696830642296557,L,-0.606735919280835,64.88,1420.4,370.69395800000007,31.70519999999999,21939.410153999997,0.0555595620579777,0.1338854805040156,11806.669179457976,-0.0914315749501805,0.3153556726789135,0.6848266832050036,0.2106680411157903
MOZ,Nutritional deficiencies,13656.9394,627651.5202649375,4.140804571086131,1.4208925247842386,L,-0.441411211580922,132.04,5272.52,32.79408900000001,0.6626000000000001,20040.8482376,-1.140076444058883,-1.598771724046252,1300.3855616581347,-1.8850553895997628,-0.6008977387636056,-1.16608350471377,-1.0897786239654117
MWI,Nutritional deficiencies,4866.306888888889,343448.92450893583,2.696418324705281,0.9919280545797426,L,-0.5072401214689258,332.88,9001.64,42.9861488,0.3731999999999999,17978.519106400003,-0.9663518487866488,-1.369280703576018,1500.3485355091457,-1.5744347206906932,-0.2205632013929792,-1.16608350471377,0.4893351836331908
MYS,Nutritional deficiencies,358.57142857142856,124906.70171200768,0.5463109152741039,-0.6045487189863958,UM,0.3205595102977949,2605.48,55587.32,1096.0548646,13.974800000000002,56728.86625879999,0.9490977587343962,0.7007283010654937,26017.720142413487,0.3222339091631748,-0.8323313824680858,-1.50122773627108,0.172667976227054
NER,Nutritional deficiencies,3358.6666666666665,475463.3250325445,1.3443112026547377,0.2958892036178694,L,-0.5072401214689258,34.96,660.08,19.779595,0.321,6958.332784000001,-1.6347626647580045,-2.0095606506879715,1463.401968659742,-2.3358764561185086,-0.1737791001471439,-1.16608350471377,-0.9968895764596114
NGA,Nutritional deficiencies,1254.0,2678142.9337937417,0.089107389669205,-2.4178007932993943,L,-0.5965390932024645,2139.6,34309.04,30.4566354,3.4715999999999996,70528.5225,-0.960798900109685,-1.5551684301569078,7594.354887665404,-1.3435747020118616,-0.3508126261239092,-2.2553022572750243,0.8017801616072459
NIC,Nutritional deficiencies,22.5835,23812.66001751381,0.0727332237293081,-2.6208195218830856,L,-0.7516200439326223,51.36,1387.76,,6.7478,5399.1255344,-1.0628404320668117,0.1178211090710991,6299.515574871409,-0.4238501855370798,-0.7317688791257092,0.288747136819093,-0.3804440793756651
NLD,Nutritional deficiencies,518.7270133333334,25269.622048291018,1.6706306779378362,0.5132071923415871,H,1.6760164894550469,16957.44,859167.12,4281.813516,31.9052,62550.2333876,1.5517671302296476,0.9715277052203698,62999.86555815831,1.2560775469520056,1.1470557582817829,1.012354000408737,1.8024485370106376
NOR,Nutritional deficiencies,271.70629333333335,4930.5347337077455,0.8750669569231673,-0.1334434457226308,H,1.346422634431936,4862.76,209808.6,5739.830929999999,41.2756,20221.0005844,0.8433966781901925,1.0793884848413795,85207.42722944335,1.3868651970189827,1.2600525742476367,0.981886342994438,1.0213360920755006
NPL,Nutritional deficiencies,9935.989366666669,317807.8752188525,5.94971825062009,1.7833455463498424,L,-0.5849687050789807,901.52,11567.88,59.65797,5.1694,8137.124040399999,-0.842358014740521,-1.4518974709453023,3508.52037662225,-1.082247105760611,-0.3497246237693546,-0.015929437323915,-0.3762218499435834
NZL,Nutritional deficiencies,1230.86805,3469.7097646314314,3.964177442022149,1.3773009014300497,H,0.7569952581257706,3266.96,128033.0,4179.645111999999,28.086,11776.8108888,1.1486204745742885,1.2560965706034597,43747.40306150099,1.2322979742125555,1.2142010464485624,1.0352047434694611,2.2668937745396383
PAK,Nutritional deficiencies,8444.94951111111,3286912.9423720944,0.4889436304142595,-0.7154876193321833,L,-0.5323366079765423,2507.96,50960.8,218.36298560000003,8.3796,102724.429004,-0.61746182271422,-1.0938914790117371,4604.534345725936,-1.3683450902821224,-0.741250042501111,0.2163864504601283,-1.1700009831749665
PER,Nutritional deficiencies,373.71355,145955.67921883363,0.4872678788269547,-0.7189207255520488,LM,-0.6981916603943965,622.88,16100.88,,14.3462,48266.29250039999,-0.6962755389557354,0.1453600315275267,12528.092016874456,0.0827042545897528,0.7769795288255256,-0.6024318425492058,-0.6380000747326562
PHL,Nutritional deficiencies,939.0,648681.2902220169,0.275476246747673,-1.2892175726963433,LM,-0.6155235363528765,608.6,15265.12,115.4890196,8.777199999999999,99546.5422768,0.039412942133762,-0.0910157195568143,7275.56410305801,-0.306190841253341,-0.3525223441096372,0.517254567426349,0.2740014825970179
POL,Nutritional deficiencies,267.84013571428574,82233.31202667569,0.6198374480158465,-0.4782818828060024,UM,0.3119632071327089,6545.88,171263.2,2251.738904,25.763999999999996,247467.471128,1.4163487598517872,0.6640097377902562,29884.23115253326,0.8156600435067692,0.9036540886772048,0.7762296554479063,-0.7562224988309474
PRI,Nutritional deficiencies,3.49996,8322.633162360817,0.011272095721373,-4.484538259267347,UM,-0.2912377446624314,,,293.1154456,,,-0.7259081394261464,0.6146691683891559,41285.88234229262,0.3102202708520987,0.9021775140531676,0.2963640511726688,0.2866681708932631
PRT,Nutritional deficiencies,95.22935714285713,10533.54689099447,0.306699056331818,-1.181855679990684,H,0.7576933230784961,4251.6,127431.44,3690.75784,44.1928,36170.0584736,0.7436194726614643,1.0449648317708449,37093.18332037167,0.7200463447835633,1.2093827503069654,0.631508282729977,-1.208001048063703
PSE,Nutritional deficiencies,131.0,13675.033864391607,0.4219032616086683,-0.8629555272843015,LM,-0.4089788881986852,188.88,4298.48,364.2897808,15.2826,5693.440376799999,-0.2543426108629983,0.1499498519369312,5354.912957495792,-0.2261824871403991,-1.214531066732234,-0.0959070380364544,-1.5457794026302485
QAT,Nutritional deficiencies,95.0,3119.9086608095267,0.3059603805559045,-1.1842669772836891,H,-0.1760847243822053,762.52,20507.08,699.6647419999999,27.269,2408.958384,1.369961805366068,0.989886986857988,117119.99710764772,0.7299545000916665,-2.037060846775289,0.2392371935208548,1.371781134938292
ROU,Nutritional deficiencies,304.8285285714286,49324.296082551526,0.98174160637906,-0.0184169492849086,LM,-0.2801164056690808,1687.2,36692.92,931.5613616,26.8992,142187.626808,0.4608248454821719,0.3771459622024635,27423.4610312035,0.4874523989258137,0.3750403732716061,0.1897272502226155,-1.414890290235712
RUS,Nutritional deficiencies,570.9237636363637,384812.9436051666,0.2823438844244075,-1.2645940854781743,LM,0.5238738769881611,6103.04,95354.44,3038.264508,45.41480000000001,1224673.333888,0.0957556262539488,0.6043420724679949,32776.237809188046,0.5134613066095881,-1.1015342507663797,-0.0844816665060912,-1.31777901329783
RWA,Nutritional deficiencies,517.5,175890.06306695033,0.5599109827661042,-0.57995960741218,L,0.0225057788146977,175.0,3518.68,35.758095000000004,0.71254,7801.1199232,-1.2878847399390634,-1.288958846411436,2101.280425014305,-1.447114924981552,-1.4361726892457254,-1.16608350471377,-1.7315574976418489
SAU,Nutritional deficiencies,767.0,97410.77593840426,1.4984363435363055,0.4044288003509238,UM,-0.3195537416096209,4051.96,88253.56,589.8781,22.165199999999995,63306.122842,1.087822954732511,0.8820262072369784,58198.93178177366,0.5981760344938795,-2.148347944755415,0.0678566205654127,-0.2326660492528014
SEN,Nutritional deficiencies,49.5,222031.4847051093,0.0424268289155511,-3.1597386872656963,L,-0.2795214348056261,181.24,3415.92,435.4852584,1.1557000000000002,10467.9669544,-1.1288642282346195,-1.5046804056534564,3670.3894565647,-1.5296003179215203,0.447470244303365,-0.6405164143170818,-0.5408887977947744
SGP,Nutritional deficiencies,277.38231428571424,3021.125459705973,0.89334735198247,-0.1127686079592401,H,1.8002535864272085,3571.44,149622.84,6402.609976000002,20.4104,12778.507642,1.640414410801008,1.2813405828551865,102904.17860234065,1.2278393043239095,-0.6695973160083207,0.943801771226561,-0.0975547074261829
SLE,Nutritional deficiencies,1504.4,349462.38033199194,0.819243172794788,-0.1993621186065769,L,-0.5072401214689258,58.96,1416.92,,0.5186,2249.7864,-1.5218206290689078,-1.8076085526741652,2628.7693181987156,-1.9489629913370357,-0.2586432838023796,-1.16608350471377,1.1480029750379557
SOM,Nutritional deficiencies,1430.0,1332928.910668238,0.2041639157209228,-1.5887831202898055,L,-0.5072401214689258,35.08,377.68,,0.3918,9774.58734,-1.4626103546763545,-2.4410037691720117,1179.2940396454433,-2.1067503646185965,-1.1630840982525947,-1.16608350471377,0.3837794478311452
SRB,Nutritional deficiencies,13.172,20662.71354891749,0.0424222119229723,-3.1598474900172704,UM,0.078537672786454,1172.16,24938.56,1709.916424,29.2386,39829.6700988,-0.9026283560717088,-0.0611818868956836,18124.0177351574,0.3217385013977691,-0.2903507809922484,0.1668765071618901,-1.6893352033210305
SSD,Nutritional deficiencies,698.8797,354438.95276079513,0.3752415472780473,-0.9801586851511576,LM,-0.4779870454117954,16.48,391.56,,0.408,,-0.3877370729215434,-1.9682522670033291,,-2.0728149326883396,-1.5446620668855688,-2.415257458700104,0.0586677815608449
SVK,Nutritional deficiencies,20.041066666666666,10803.974023399194,0.0645449724639956,-2.740238131906617,UM,0.0790428851144737,711.76,20155.96,2604.693996,33.9888,34136.6889316,1.0561154061859035,0.8017043500723969,30335.36358264918,0.7200463447835627,1.0267537836496354,1.1646922874802412,-0.9588895115708752
SVN,Nutritional deficiencies,188.0,3099.218207870257,0.605479489942211,-0.5017180737908151,H,1.5688212044735264,826.24,27272.8,3843.0390280000006,27.227199999999996,9423.0723276,0.4858611588299455,0.9302193215357276,39279.976435910976,1.0529603631358675,0.9916268504883106,0.905717199458686,0.160001287930808
SWE,Nutritional deficiencies,395.1176461538461,8734.700732930707,1.2725299513850945,0.2410148649301252,H,3.5012809270090774,10995.76,518697.44,6472.473894,38.8488,24547.856226400003,1.473524592750634,0.8613720153946574,57211.250518340894,1.2753984498028084,1.3132092607130048,1.522687262098276,0.4513351187444545
TGO,Nutritional deficiencies,4689.0,89708.72841331827,9.947076748281663,2.2972797191819785,L,-0.626932102659619,46.28,612.76,34.797166399999995,0.57384,4291.0282384,-1.5715448481507583,-1.8948151404528544,2355.809945046898,-1.3804825805345506,-0.706900253878754,-1.16608350471377,-1.4191125196677938
THA,Nutritional deficiencies,383.19803333333334,226890.50518541792,0.3214081508949493,-1.1350123528024414,LM,-0.0890658759016732,2742.76,67800.16,897.2197834,4.1786,146109.074908,-1.0712678786124514,0.67777919901847,17420.47860657954,0.1337312544264902,-0.8848663533022793,0.6924435975585773,0.886224750248882
TUR,Nutritional deficiencies,257.6603555555555,285320.52075117617,0.1718559332688169,-1.761040563843251,UM,0.2945397931399904,9173.76,161346.6,1180.9438388,17.195600000000002,205899.00472800003,0.2173835384083884,0.4092747050682964,24132.177663504997,0.2788857296902191,-0.4148493361348195,-1.417441678381752,-1.495112649445267
TWN,Nutritional deficiencies,45564.53891111111,30269.928332573505,20.0,2.995732773553866,H,0.164071915090892,7309.68,202897.52,,,,0.9879854174359308,0.9554633337874534,49027.62762815805,1.1454777633252913,0.9052083777551394,0.1744934215154649,-0.1271103134507558
TZA,Nutritional deficiencies,6369.8134,918585.7805264604,1.3196444287289997,0.2773699059061908,L,-0.3009049953817357,574.24,14129.28,27.44056920000001,0.5366,34089.553026400004,-1.2874065621011082,-1.598771724046252,2943.8138350321356,-1.3787486533556326,-0.5241158583136302,0.7305281693264534,0.0628900109929266
UGA,Nutritional deficiencies,1174.2222222222222,579149.1760128508,0.385842256897316,-0.9523007369384042,L,-0.5072401214689258,836.28,21372.24,30.2253728,1.1968,14749.42476,-1.2844238342586884,-1.3876399852136367,2351.4495322320777,-1.2984925953599873,-1.0811730638454349,-2.148665456324972,0.1177789936099899
UKR,Nutritional deficiencies,155.400625,145907.1683932283,0.2026870812461214,-1.5960426250056474,L,0.0263689861798188,1320.52,13619.72,1140.1403976,32.0196,359398.68044400006,1.3067507525185311,0.654830096971447,15902.135507178204,0.2677390549686009,-0.4111190423477763,-0.0235463516774898,-1.1193342299899844
USA,Nutritional deficiencies,8910.898931818183,507198.3841810262,3.3434404579886885,1.2070033449918252,H,2.8302856098528664,196098.56,8732175.16,3937.0878280000006,28.6468,934111.267824,1.531247288427929,1.1413510603683428,63579.52211583438,1.1916745374493285,1.1408386019700445,0.86763262769081,2.296449380564211
VNM,Nutritional deficiencies,2807.752718181818,390643.8586023309,1.367816354529918,0.3132228773204198,L,-0.4934521846142816,927.6,19423.76,525.8847767999999,7.8774,187418.696472,-0.514446394638925,0.0030755988359821,8760.437449736877,-0.1976965406295996,-1.6107193526977948,0.3268317085869689,-1.174223212607048
ZAF,Nutritional deficiencies,894.4544857142856,576061.5530471479,0.2954876215655119,-1.2190944910160515,UM,0.0291253425765472,4149.12,125429.28,404.9987222,7.338399999999999,123314.596444,0.1460837543893123,-0.0382327848486599,13658.44123280344,-0.2863745306371325,0.7082799515808104,-2.2553022572750243,-0.1271103134507558
ZMB,Nutritional deficiencies,758.7121555555555,367350.7087502053,0.393048458036675,-0.9337969299898664,L,-0.5940702205720861,246.32,6149.96,41.90146,1.4438000000000002,26718.732488,-1.2878847399390634,-0.9814408789813224,3255.1775640080373,-1.212043940296777,-0.3951098648450484,-0.937576074106514,0.4006683655594721
ZWE,Nutritional deficiencies,1307.56312,265543.657336238,0.9370799961407028,-0.0649759542474021,L,-0.5072401214689258,244.4,5941.76,95.1253,1.26488,25704.12307,-0.9015173122490596,-1.0938914790117371,4759.5101951403985,-1.2489518188194657,-1.1296668830769985,-0.6862179004385326,-0.6844445984855564
AFG,Respiratory infections and tuberculosis,5248.5,1889166.9784101003,0.1934748295060971,-1.6425561700710651,L,-0.5977808384269677,64.9,1727.86,,2.4104,13906.3606524,-1.2536259804415315,-1.562053160771015,2426.9467970680007,-1.6626173029328206,-1.168834967840953,0.2163864504601283,-0.2073326726603103
AGO,Respiratory infections and tuberculosis,121.0,2005257.6246474576,0.0042021815420134,-5.469774584496435,L,-0.8144684575382685,24.12,437.72,35.450738799999996,1.5514,24281.724,-1.2878847399390634,-1.568937891385122,9754.451718302276,-1.174392950125981,-1.2330271067596574,-1.16608350471377,-0.3677773910794196
ALB,Respiratory infections and tuberculosis,42.406,35868.05828452544,0.0140636255456591,-4.263452761898083,LM,-0.6855572489465708,94.2,1340.48,155.23569,13.945600000000002,8767.3661396,-0.4930546068402314,-0.2126459604060382,12849.222175247694,0.2380145890442885,-0.2151231896202075,-0.937576074106514,-1.0686674768050024
ARE,Respiratory infections and tuberculosis,39628.43358,36006.78705286427,13.142466887472184,2.5758494951002326,H,0.1920029761475444,1116.96,24179.72,2305.6505460000003,21.4316,11601.6235952,1.5859591123627317,0.739741774545433,75883.36711327448,0.799806995013803,-1.9344777676315972,-0.4500935554777018,0.6962244258052003
ARG,Respiratory infections and tuberculosis,93302.86776,767121.4680944532,8.470137734056431,2.1365479505492115,UM,-0.1971266896177451,2264.52,74790.52,1070.2597744000002,44.25206,181393.79928400004,-0.1479497937403469,0.7764603378206705,25990.3505237228,0.6905695827419523,0.8295144996597187,0.3344486229405448,-0.4775553563135469
ARM,Respiratory infections and tuberculosis,950.0,48603.28743804466,0.3150602336550536,-1.1549597010249817,L,-0.5581657805862664,110.32,1882.72,1175.627104,28.470400000000005,13243.130306,-1.429464003479396,0.055858533544136,11854.35125599687,0.1490888951540521,-0.4892997829678927,0.2582794794047928,-1.2924456367053392
AUS,Respiratory infections and tuberculosis,10244.946459090908,82969.15650336423,3.397658131773365,1.223089352727736,H,1.686037901709881,22961.92,947877.52,4359.00251,33.058800000000005,85850.1701944,1.456383302363544,1.3180591461304236,54212.04883866928,1.2635086634330837,1.1629095068767166,0.669592854497853,2.2668937745396383
AUT,Respiratory infections and tuberculosis,1044.3101125,41460.515845866204,0.3463374611079846,-1.0603127849634175,H,2.655772449106955,5286.92,240017.96,4695.050182000001,48.396800000000006,63505.0815056,1.6309661067007597,0.8590771051899555,60268.85667814417,1.1438676880877248,1.1294922917011208,0.9514186855801358,1.3042254640249829
BDI,Respiratory infections and tuberculosis,13125.0,835297.6126640916,1.094252855864961,0.0900809455827606,L,-0.6220351334192457,17.6,368.2,20.6824158,0.5528,8759.857224799998,-1.2878847399390634,-1.4450127403311952,1019.3543992426344,-2.0178246707283605,-1.2653563195806996,-1.16608350471377,-2.4408920422315954
BEL,Respiratory infections and tuberculosis,3252.9666421052634,108792.26585801475,1.078821505614505,0.0758785161715209,H,2.2618360855426443,7814.2,391540.56,4406.680888,31.26,65894.4112724,1.0201304133783438,1.1229917787307244,56940.3921111463,1.2300686392682318,1.2583428562619086,1.24847834536957,-0.013110118784546
BEN,Respiratory infections and tuberculosis,216.02898571428568,695806.3385075505,0.0216213726852133,-3.83361057893125,L,-0.5072401214689258,99.28,2101.76,,0.7802,4799.8084716,-1.4796755259063692,-1.9682522670033291,3038.469075736016,-1.505573041299367,0.05470139430926,-3.009376778278969,-1.0897786239654117
BFA,Respiratory infections and tuberculosis,26296.62223333333,1742984.3805199787,1.0506694124706335,0.049437014412539,L,-0.5476922417657978,159.56,3312.8,46.57809999999999,0.665,4295.738,-1.3435486109526469,-1.8580965771776168,2061.603181376113,-2.060182034670506,-0.1773539650263939,-0.9528099028136646,-1.0855563945333295
BGD,Respiratory infections and tuberculosis,113840.0541375,5820832.192044813,1.3619765533383243,0.3089443349460771,L,-0.5977808384269677,1578.28,27412.72,,4.420799999999999,98716.98583,-1.0628404320668117,-1.4312432791029814,5113.32897934955,-0.8813592568887959,-0.8733646141255625,-0.2672876109918965,-1.2797789484090936
BGR,Respiratory infections and tuberculosis,237.5017076923077,130316.45945366756,0.0787656247568555,-2.541151660467608,LM,-0.0529334492358485,540.64,14482.68,1794.3050359999995,39.0588,51813.283158,0.3708480312202768,0.1866684152121687,22821.77151822954,0.4636728261863637,0.4064370126458878,0.3725331947084208,-1.5500016320623302
BHR,Respiratory infections and tuberculosis,27054.8115,8471.564457940558,8.972521297561508,2.194167832198658,UM,-0.7261588813181815,171.72,3694.36,384.09338,9.0324,2393.7282384,1.2791041336763491,0.6800741092231726,54743.29230787483,0.6903218788592502,-1.5793227133235133,0.2430456506976422,0.616002066595645
BIH,Respiratory infections and tuberculosis,344.45535,37316.19578834168,0.1142359821628771,-2.1694014168907314,LM,-0.6863384046578135,267.0,3933.32,278.01888440000005,19.2996,8156.2943572,-0.6615872221458549,-0.2654288951141922,13009.191373023836,0.096080264255694,-0.0009421546808029,0.0602397062118369,-0.9926673470275296
BLR,Respiratory infections and tuberculosis,8788.15565,148040.64394325943,2.9145246026168214,1.0697101510069542,LM,-0.0607532128429428,198.64,3022.28,1472.9208640000004,39.4592,100249.4446188,0.8904415654722012,0.624996264310316,22194.85517432224,0.4379116223852935,-1.3315690343007185,0.0602397062118369,-1.030667411916266
BOL,Respiratory infections and tuberculosis,321.33824999999996,486910.8549934541,0.0459592131179172,-3.0797833866061906,LM,-0.6163180276179551,58.8,2683.08,100.5244707968,9.19619999988,12581.1942184,-0.2250687763546017,-0.5178690176314497,9949.461080913694,-0.2566500647128187,0.2946836279423804,-0.4196258980634005,-0.2453327375490466
BRA,Respiratory infections and tuberculosis,152513.17837619048,3322318.083184193,3.1968759073757673,1.1621771820388818,UM,0.5891447452387177,13637.08,322292.68,714.2783391999999,20.265399999999996,489032.7424200001,-0.3604685310344718,0.8039992602770988,17255.480171781295,0.1272909534762228,0.9720428081063328,-0.0844816665060912,-0.4606664385852196
BWA,Respiratory infections and tuberculosis,14954.427385714283,119975.6571543668,4.959521459284923,1.601311272420999,UM,-0.2097087846620601,121.56,3325.96,173.69786240000005,3.6592,4949.3935444,0.1460837543893123,-0.5706519523396035,16066.874131336312,-0.3802543021814212,0.4232233346875828,-1.9734764261927416,-0.4015552265360742
CAN,Respiratory infections and tuberculosis,51969.45240434782,216554.5882461745,16.712459498931683,2.8161551173811716,H,1.489609040499211,29544.04,1275399.56,4570.958856,22.546620000000004,99529.369204,0.875489649203869,1.3731369910432796,54193.397774207595,1.2082706975904025,1.0116771795936688,0.9361848568729852,2.102226826688448
CHE,Respiratory infections and tuberculosis,4323.530878947368,41535.93303002795,1.4338659462484185,0.3603812295430023,H,2.83128423767282,11251.64,585294.32,4556.711074,40.1264,40273.9280124,1.5890091833903168,1.1229917787307244,75268.81661408668,1.322462187516304,1.262539436772333,0.9361848568729852,1.3760033643703735
CHL,Respiratory infections and tuberculosis,6938.494275000001,175713.11474532515,2.3010985552586867,0.8333909873670439,UM,-0.4130662354494351,1847.84,56678.32,427.5335204,18.3712,38510.5147576,1.0855542670616256,0.5905726112397812,25118.03849731798,0.6531662964538584,1.18093926018076,0.2963640511726688,0.316223776917836
CHN,Respiratory infections and tuberculosis,140925.38978333335,10075350.229274789,0.9740667300174652,-0.0262652001904279,LM,1.4510467220526826,70455.56,1591215.32,1135.717754,17.930799999999998,4576265.56984,-0.4306275453050752,0.5951624316491857,12907.16100572696,-0.0636887400874875,-1.873083349053176,1.4389012042089502,-1.7653353330985035
CIV,Respiratory infections and tuberculosis,5570.15804,1683688.468616089,0.230390940046508,-1.4679342701057554,L,-0.7664348184326426,112.92,2443.28,63.99303,1.6373999999999995,8218.7208,-1.1558010247055155,-1.642375017935597,5070.246318122955,-1.4575184880550616,-0.449976269296144,-2.10296397020352,-1.246001112952439
CMR,Respiratory infections and tuberculosis,12710.84515,1620566.5538365871,0.54621946600409,-0.6047161241180851,L,-0.5072401214689258,322.64,7905.04,,1.2016,62153.52664999999,-1.2878847399390634,-1.422063638284172,4525.251514428976,-1.2093191975870483,-1.0312803844437304,-2.64376488930736,-0.295999490734029
COD,Respiratory infections and tuberculosis,3592.0,6417451.58880947,0.0389792378875708,-3.2444696225348877,L,-0.4953296767226226,140.12,2689.56,10.10515,1.2394,48492.72640000001,-1.2770076933611387,-1.7525307077613093,1285.819981235234,-1.6878830989684863,-1.0872347912493805,-1.16608350471377,-1.3642235370507303
COL,Respiratory infections and tuberculosis,13700.083763636365,515411.6307205371,1.8510946462510052,0.615782566974953,LM,-0.5575000287062973,1535.84,34683.2,70.2291404,18.6208,74993.781868,-1.260564016157332,0.6410606357432325,15052.503408239549,0.096080264255694,0.2129280224430147,-0.0768647521525165,0.088223387585417
CRI,Respiratory infections and tuberculosis,48.98825,32375.77226404809,0.0162465784119496,-4.119257626775316,UM,-0.3306758499618466,168.72,5317.68,325.1844104,21.7234,5792.390856399999,-1.0313112732057932,0.957758243992156,20060.82964907356,0.3494813362604607,1.2672023040061362,0.1364088497475889,0.3880016772632269
CUB,Respiratory infections and tuberculosis,1286.5,171836.9400109023,0.4266578848391858,-0.8517493556488178,LM,-0.2544546968411825,214.8,5593.84,2055.97578,74.8132,50246.253984,-0.4386190363850955,0.9692327950156672,,0.1949141134540343,-1.6295262505408048,-0.5110288703063032,-0.2453327375490466
CZE,Respiratory infections and tuberculosis,1966.705175,113686.95514488402,0.6522427283853718,-0.4273231719378323,UM,1.1611697366947522,2464.28,83101.08,3115.7949599999997,38.12964,73756.44399880001,1.2863611701080897,0.9462836929686442,40335.77650259335,0.948181620752665,1.142082033232391,1.3551151463196212,-0.7013335162138837
DEU,Respiratory infections and tuberculosis,39320.680465,520413.36410675594,5.261774127006415,1.660470156882299,H,2.728296832832491,34293.0,1532108.0,4359.623428000001,39.07,677483.163832,1.515365013659394,1.1138121379119152,57073.37934866153,1.3090861778503635,1.228189648149975,1.4998365190375504,0.8735580619526369
DNK,Respiratory infections and tuberculosis,23846.792394444445,38587.42666581437,7.908606298649709,2.0679528358389447,H,2.688188615952814,7153.56,338384.52,6645.832076,37.828,17918.6769232,1.518770655459118,0.8980905786698948,63245.14222976299,1.2768846730990249,1.3472481915197752,1.0732893152373375,1.0128916332113371
DOM,Respiratory infections and tuberculosis,1514.1914285714286,124663.69242804791,0.5021700055623092,-0.6887966467463618,LM,-0.6163180276179551,76.56,1606.92,23.9788592,15.9652,13655.559303199998,-0.1924475372210277,0.4207492560918083,16818.470743654518,-0.0089461820102115,0.2587795502420891,0.288747136819093,0.3120015474857542
DZA,Respiratory infections and tuberculosis,1187.713,426331.06638802186,0.1940100137204252,-1.639793961732451,LM,-0.4470272749166086,207.72,4076.2,521.9864392000001,13.898400000000002,62365.351725199995,0.2919927298209828,0.2256818886921089,14364.642594725296,-0.0441201333539812,-0.998951171622688,0.5629560535478009,-1.0433341002125116
ECU,Respiratory infections and tuberculosis,837.9065999999999,333992.8216477781,0.1747101333831886,-1.744569823014781,LM,-0.465617549869982,328.24,6772.68,240.1625596,15.6632,22522.0236884,-0.2250687763546017,0.487301652028176,12441.051274374971,0.0782455847011063,0.2217874701872428,-0.983277560227966,-1.0180007236200206
EGY,Respiratory infections and tuberculosis,13240.894433333331,2204772.2177070808,0.4182281030958216,-0.8717043840007559,LM,-0.1462666824577513,5285.44,71870.08,621.9283252000001,6.3452,133970.47101199997,-0.6458053506197035,0.4850067418234732,13357.879306684385,-0.2197421861901304,-1.449850433131551,-0.5491134420741792,-1.030667411916266
ESP,Respiratory infections and tuberculosis,27621.748115789476,307484.76683448086,6.255862177593302,1.8335205710638944,H,0.7212703352108207,17886.52,638478.0,2728.3601160000003,37.743199999999995,142394.354176,1.3191574531884838,0.8797312970322765,43711.9780393328,0.9521448828759064,1.1705255233585974,1.2256276023088415,-0.4944442740418742
EST,Respiratory infections and tuberculosis,37.14949166666667,14100.46940040596,0.0123203447628068,-4.395692000898594,UM,0.9088682387994828,389.56,18838.48,3225.7261000000003,32.8172,6929.693693999999,1.3200029007099876,0.551559137759841,34147.59681739785,0.88303549960188,1.222438778561617,1.126607715712365,-1.0222229530521023
ETH,Respiratory infections and tuberculosis,9920.540986666669,5931282.735672389,0.1164786546581373,-2.1499613956272925,L,-0.4948360047777304,1176.0,22007.16,52.3478988,0.5660000000000001,26162.863530400005,-1.6890782080036626,-2.3698615528262392,1821.9964066710625,-1.9155229671721832,-1.2364465427311138,0.3192147942333942,-0.6886668279176381
FIN,Respiratory infections and tuberculosis,69789.354725,29544.084377722287,20.0,2.995732773553866,H,3.215384091565292,4334.96,206147.32,7524.242588000001,34.032000000000004,27518.692702,1.2316545120575315,1.0449648317708449,53891.28379728628,1.2513711731806567,1.1834261227054552,1.3017967458445934,0.4555573481765362
FJI,Respiratory infections and tuberculosis,264.0,17215.229294103003,0.0875535807209833,-2.4353901126800395,LM,-0.8153788655405375,43.68,1989.56,,6.2498000000000005,1773.667734,-0.2303726007898308,0.0443839825206242,10802.049003318796,-0.1568253999836677,-0.9344481748883972,0.0602397062118369,-0.5387776830787335
FRA,Respiratory infections and tuberculosis,46308.09226818182,458943.61483073846,7.026793239207745,1.9497318711360567,H,1.9322709532508728,21434.08,1005259.36,4058.14122,32.8628,422344.22919199994,1.2577313164408972,0.9003854888745976,50206.07391192202,1.0217496739153389,1.1953941486055528,1.3017967458445934,-0.5915555509797563
GAB,Respiratory infections and tuberculosis,147.66175,65142.89179829605,0.0489708899546464,-3.016325057867233,UM,-0.1834849309493806,51.88,1594.76,,3.39772,3474.87075,0.1460837543893123,-0.9332477646825736,19483.622283180644,-0.1801095649577127,-0.8352845317161619,-1.9734764261927416,-0.7055557456459655
GBR,Respiratory infections and tuberculosis,123645.15409130436,723171.8169038704,11.906804537061344,2.4771108863891644,H,1.7873119443352363,50955.64,2309909.96,4100.1239000000005,26.6688,191846.488844,1.5557859539332275,1.1138121379119152,48709.53277199082,1.1844911248509518,1.127160858084218,1.2027768592481172,1.8531152901956205
GEO,Respiratory infections and tuberculosis,154.04808333333332,70583.68205333175,0.0510888685569612,-2.973992923760052,L,-0.5943974545469862,150.76,4053.08,1033.0797744,49.87840000000001,15784.702178799998,-0.7122671795473384,0.193553145826276,13219.248340109913,0.3465088896680306,-0.0837857625347237,0.2582794794047928,-1.347334619322403
GHA,Respiratory infections and tuberculosis,11086.9254875,1224531.104638034,0.6305229870920657,-0.4611898060051234,L,-0.4399609701012515,789.04,17859.36,54.02035479999999,1.2055999999999998,18842.2045884,-1.482073723356602,-1.3371519607101856,5281.493507040973,-1.00991757201145,0.5940397043526083,-0.937576074106514,0.3837794478311452
GIN,Respiratory infections and tuberculosis,726.83635,1155152.4525601966,0.0438184439465544,-3.1274722671995536,L,-0.5072401214689258,43.6,796.44,,1.4486,3053.1244680000004,-1.2878847399390634,-1.9797268180268408,3050.643557435063,-1.7703684919084552,-1.1091502672482598,-2.171516199385697,0.5231130190898454
GMB,Respiratory infections and tuberculosis,3163.6666666666665,105154.58594831568,1.0492058517965317,0.0480430773567354,L,-0.7940840376880294,100.12,4097.76,62.712215400000005,0.9686,2436.9764118,-0.6645454941030067,-1.0548780055317974,2685.014329065316,-1.5952418468377114,-0.8657485976436823,-1.16608350471377,1.059336156964237
GNB,Respiratory infections and tuberculosis,1283.5,145565.45421196814,0.4256629577855383,-0.8540839322777329,L,-0.5072401214689258,20.92,718.84,,1.5402000000000005,1526.3769999999995,-1.3833148866787637,-1.5482836995428009,2281.855422997779,-1.647507366087962,-0.5252038606681847,-1.16608350471377,-0.5704444038193469
GRC,Respiratory infections and tuberculosis,1152.562353846154,108132.73299630608,0.3822384889524083,-0.9616843872156816,H,0.2951881062187891,4336.72,150813.44,2715.1557740000003,56.946000000000005,48714.6293188,1.127178183699807,0.4230441662965101,34962.40147931398,0.9199433781245676,1.1296477206089144,0.4563192525977476,-1.8624466100363852
GRL,Respiratory infections and tuberculosis,460.0,469.0391187525648,0.1525554815592891,-1.8801613878209784,H,-0.0512865083370962,19.4,659.16,680.0240208,,,-1.8661592011402857,1.2572440257058115,60403.040732769936,1.199972617519866,1.0762578907818563,0.9019087422818975,2.1993381036263293
GTM,Respiratory infections and tuberculosis,1946.7402,581978.2057787405,0.2329490226432626,-1.456892709366963,LM,-0.8004733066932486,99.44,2566.92,23.9059628,8.4648,8965.4912772,-0.4238102430226781,-0.4077133278057371,10493.190490144729,-0.6571872430429359,-0.0018747281275638,-0.5262626990134538,0.7131133435335272
HND,Respiratory infections and tuberculosis,1498.558266666667,157500.95137306198,0.4969853869912761,-0.6991745346362777,LM,-0.8047306822554082,47.52,1026.36,69.9383956,4.2728,5237.808084400001,-0.4238102430226781,-0.2562492542953826,5659.597256564474,-0.7763328106228904,-0.3759921091864512,-0.5262626990134538,0.1220012230420717
HRV,Respiratory infections and tuberculosis,282.92973,40345.311629343385,0.0938314808860644,-2.3661482937931435,UM,0.3697420586569883,1030.28,27929.72,1797.05422,30.722800000000003,24049.1890904,0.8242599381710966,0.4895965622328778,30424.392753499713,0.696019068161409,0.7939212797750141,0.9514186855801358,-1.3431123898903212
HTI,Respiratory infections and tuberculosis,461.1745642857143,556922.2356525246,0.0576674045007243,-2.852889785271634,L,-0.5771758690325169,45.92,956.52,,1.833,24589.3873284,-1.0628404320668117,-1.4909109444252424,3257.3885005278403,-1.2038697121675912,-0.7086099718644819,-0.4462850983009133,0.3753349889669817
HUN,Respiratory infections and tuberculosis,389.0903071428571,85865.44234220478,0.1290388242961528,-2.047564463311143,UM,0.6803707045015658,2102.56,78112.24,2685.499484,32.2488,71875.4526304,0.7481050872363765,0.7351519541360284,30921.08529583642,0.6828907623781721,0.4529102560761359,1.2637121740767174,-1.0686674768050024
IDN,Respiratory infections and tuberculosis,10524.92495,7571850.004980097,0.0968002819620823,-2.3350020717238507,L,-0.6656954802255216,3763.72,23272.12,210.39034100799995,3.1054000000000004,225577.216428,-0.3561563550969788,-0.5224588380408542,10027.896402198325,-0.31758521985766,0.27851902153186,-0.4196258980634005,1.2662253991362464
IND,Respiratory infections and tuberculosis,62850.54693181819,50854859.469410494,0.08606691169076,-2.4525140604106848,L,0.0720960873777242,20999.84,361898.64,187.8770994,7.322399999999999,2253635.67836,-0.61746182271422,-0.6119603360242456,5997.703428215718,-0.7773236261537012,0.1022626400940626,-0.6633671573778073,-0.9968895764596114
IRL,Respiratory infections and tuberculosis,6185.7695,34499.239697012345,2.051463141059268,0.7185581404718527,H,0.7307749947545085,3862.56,148567.64,4045.541872,34.0572,16883.00737,0.6240834065073566,0.7856399786394805,78796.19120554483,1.188206683091492,1.2448205412838769,1.0656724008837637,2.102226826688448
IRN,Respiratory infections and tuberculosis,41146.5,747048.5389840694,3.83569172233564,1.344352396525462,LM,-0.1557949356736106,7732.64,138160.44,1107.6320056,11.578600000000002,135331.79713999998,-0.2543426108629983,0.5836878806256739,15041.31246333119,0.2729408365053547,-1.5152860033126028,0.5477222248406503,0.1431123702024811
IRQ,Respiratory infections and tuberculosis,3665.236666666667,512502.0450271664,0.4980420782494638,-0.697050632626927,LM,-0.8030624557611098,686.48,7819.12,257.05344,7.317,39542.690875199994,-0.4867073888031044,0.005370509040684,12618.200750284284,-0.4709139232505756,-0.8753851899268775,-0.2596706966383217,-0.3973329971039924
ISL,Respiratory infections and tuberculosis,20.24078,1715.0462839317363,0.0067126998696426,-5.002265438817681,H,2.279052798450904,355.56,19543.32,6682.198872,38.19,1133.7224292,1.2446929142492145,1.2331474685564368,59846.93658326752,1.3556545077984543,1.1394397417999025,1.0656724008837637,1.2408920225437552
ISR,Respiratory infections and tuberculosis,86914.17946875,39186.693292466094,20.0,2.995732773553866,H,4.973907159605384,5799.44,244241.44,,35.7984,25646.0703424,1.2440864165759786,0.9325142317404296,39990.70193898606,0.9964838778796736,0.658542701086899,0.9285679425194104,0.4006683655594721
ITA,Respiratory infections and tuberculosis,20400.51534117647,352166.5289157668,4.0341559081452685,1.3947995661392762,H,0.7472433779301987,27038.92,1044767.56,1939.442776,40.6904,211767.055088,0.8954470267798256,0.8728465664181693,49972.48038745556,0.995988470114268,1.086438484242328,1.24847834536957,0.1051123053137447
JOR,Respiratory infections and tuberculosis,1856.0966666666664,86554.67332783315,0.6155602626172276,-0.4852061845239879,LM,-0.1636011072739102,781.36,15669.68,369.9050768,23.2558,12540.478012,0.7812987562779177,0.5423794969410318,9665.93327239689,0.0128517596676184,-1.2883597979341332,0.0983242779797129,-1.195334359767457
JPN,Respiratory infections and tuberculosis,11720.83800952381,1448253.626029202,0.5636034670271614,-0.5733866045887884,H,3.232001217456847,32291.16,953951.56,5272.902023999999,22.9328,1709055.64024,1.5721622277790648,0.9554633337874534,42257.92967148511,1.1347026444277288,1.026598354741841,0.7000605119121542,-1.334667931026157
KAZ,Respiratory infections and tuberculosis,322.41693333333336,418400.0757574985,0.0536643292153717,-2.9248204324472837,LM,-0.6258432033983137,310.16,6497.16,535.2867768,36.1964,113626.77276320002,-0.2543426108629983,0.9095651296934067,27333.243732460403,0.3777195788885594,-1.2653563195806996,0.0602397062118369,-1.0180007236200206
KEN,Respiratory infections and tuberculosis,18060.21000625,2425544.083306009,0.518529227228414,-0.6567395989603533,L,-0.2059053308362432,958.72,28060.28,148.20428219999997,1.6988,59290.953204,-0.8837322135441875,-1.0617627361459043,4610.232110620364,-0.9873765186855128,-0.3242342828912252,-1.0670636181172928,1.22822533424751
KHM,Respiratory infections and tuberculosis,12439.354399999998,1040459.0662498168,0.8325924322599566,-0.1831990229428523,L,-0.7358589580161591,118.96,3149.44,25.740740800000005,1.9989999999999997,10587.494602,-0.8422434767823592,-1.0525830953270952,4524.759432725333,-1.1194026881660022,-1.150183498905737,0.3344486229405448,-1.495112649445267
KOR,Respiratory infections and tuberculosis,7399.972505555556,660545.9695734582,0.7801653826345107,-0.2482365350419429,UM,3.817072996717791,15668.2,409587.4,6080.884064,20.5616,475607.754164,1.4261136430282402,1.0633241134084632,41569.26564396438,1.04181368841425,0.8637088593742831,1.019970914762314,-0.3466662439190105
KWT,Respiratory infections and tuberculosis,501.1755,23998.049284619497,0.1662110211917772,-1.7944369232605757,H,-0.6838885095463556,371.24,8648.56,241.3141644,21.208,7519.4662628,1.640414410801008,0.960053154196858,58962.60401646187,0.5627543792674076,-1.0323683867982845,0.2392371935208548,0.8017801616072459
LAO,Respiratory infections and tuberculosis,1792.91475,432937.62232452614,0.2883991189146584,-1.2433752550883468,L,-0.8083007638890943,45.76,1306.44,15.628840000000002,3.2056000000000004,8415.247565200001,-0.1978663155550326,-0.875875009565015,5919.878821376147,-1.0081836448325314,-1.815574653169591,0.288747136819093,0.6371132137560546
LBN,Respiratory infections and tuberculosis,2318.4579166666667,72169.61375213294,0.7688988346783252,-0.2627828669874793,UM,-0.4678020161695108,793.44,24871.56,,24.6196,16220.9302684,-1.0788283613009042,0.0856923662052662,14167.592478390638,0.0965756720210983,-0.5667033790490419,-1.9277749400712896,-0.2875550318698647
LKA,Respiratory infections and tuberculosis,6271.0313750000005,211651.026289464,2.063375225515303,0.7243479473964619,LM,-0.690422161567146,442.4,10503.36,106.5670474,7.6884000000000015,74974.4832076,-0.2543426108629983,0.1430651213228248,10999.968054238268,0.1337312544264902,-0.2877084895597593,0.2658963937583676,1.6884483423444288
LSO,Respiratory infections and tuberculosis,3776.73955,231029.6683880597,1.1384367277112255,0.1296648137810667,L,-0.8014752684016613,24.64,516.4,17.112728,1.8528,2528.5819,-0.833959060508108,-1.0479932749176906,2572.4743171143664,-1.4245738716556144,0.0138235915595765,-1.16608350471377,-0.3931107676719107
LTU,Respiratory infections and tuberculosis,139.27399166666666,43582.31211825397,0.0461891540595494,-3.0747937914614436,LM,0.2701680426927716,521.2,14151.84,2906.158892,41.2456,21687.603698,1.2541591137972343,0.4322238071153193,31533.10830529218,0.7931189901808314,0.969866803397224,0.5020207387191984,-1.7611131036664214
LUX,Respiratory infections and tuberculosis,83.8065,3107.925740998796,0.0277937847071707,-3.582583127006117,H,0.8674798087515446,309.2,12400.72,4689.78792,27.3772,2757.048789200001,1.411644006868198,0.948578603173346,129290.29825284838,1.0811986057639649,1.1709918100819778,1.0656724008837637,0.6371132137560546
LVA,Respiratory infections and tuberculosis,15.350608333333332,28155.93846557645,0.0050909118402602,-5.278335963025392,LM,-0.1041619792970423,209.6,6386.2,1829.198268,31.3912,13563.396933200002,1.1296947912680313,0.5056609336657943,27594.885351783112,0.7148445632468075,0.9765502464323438,0.6162744540228264,-1.1066675416937388
MAR,Respiratory infections and tuberculosis,271.236,650656.6665986534,0.0290305366403023,-3.5390626098470284,LM,-0.0600153976816673,625.52,9553.64,870.8234672000002,6.5986,26635.4212752,-1.511975471024861,-0.1460935644696705,7496.17141389544,-0.6170592140451139,-1.214531066732234,0.0678566205654127,-0.3002217201661107
MCO,Respiratory infections and tuberculosis,0.7979999999999999,432.9840223987103,0.0002646505962702,-8.20001082715945,H,-0.8069646439759053,,,303.57021199999997,78.2864,641.2279255999999,1.640414410801008,1.0013615378815,,1.1641794064693385,1.1709918100819778,1.0656724008837637,0.6371132137560546
MDA,Respiratory infections and tuberculosis,199.79123333333337,74297.64183515031,0.0662592343749803,-2.714029526065076,L,-0.4348873047725504,57.52,1025.16,791.1779167999999,30.582399999999996,20742.6071924,1.3067507525185311,0.2601055417626437,10541.106021422418,0.1054930117983935,-0.0054495930068134,-0.4729442985384272,-0.8280003991763384
MEX,Respiratory infections and tuberculosis,22853.746142105265,1914035.754442082,0.8315090293678185,-0.1845010950213464,UM,-0.4004159239181893,3497.52,89418.84,303.6330748,21.1272,118420.111624,-0.4816462417038926,0.5010711132563898,20862.6077118635,0.1892169241518748,0.3029213600554353,0.3572993660012702,-0.4184441442644015
MHL,Respiratory infections and tuberculosis,100.0,2874.0774558722123,0.0331642351215846,-3.405981754897491,LM,-0.8153788655405375,5.52,271.48,,5.1204,145.7232,-0.476050362466987,0.0788076355911589,4811.813322985179,-0.2445125744603912,-0.3334045884510399,0.0602397062118369,-0.5387776830787335
MKD,Respiratory infections and tuberculosis,607.829,30170.049210442277,0.2015818386971764,-1.601510226257263,LM,-0.4447812599070674,178.08,4548.32,682.2130980000001,27.465800000000005,9242.013092,-1.4247478821841577,-0.0956055399662188,17335.33891683372,0.2236477638475373,-0.1380304513546449,-0.8461731018636114,-0.7562224988309474
MLI,Respiratory infections and tuberculosis,8168.78506,1304891.0220106333,0.4359561841754365,-0.8301905978716255,L,-0.4925217732812587,105.44,2811.88,33.941968599999996,1.0396,4003.253818400001,-1.3782146655675636,-1.7410561567377976,2679.265335748308,-2.0579526997261826,-0.2889519208221068,-1.265103391310248,-0.882889381793402
MMR,Respiratory infections and tuberculosis,2395.0,2953261.084035297,0.0564759170877478,-2.8737639269830617,L,-0.7407849064408301,75.2,1745.6,24.3904088,5.7177999999999995,45057.8505552,0.2543526959842814,-1.038813634098881,4160.257687868157,-1.2278969887897442,-1.4243600922534216,1.278946002783869,1.6377815891594465
MNE,Respiratory infections and tuberculosis,101.7346,6301.587943452091,0.0337395019440035,-3.3887896189871953,UM,-0.0953800041900855,62.8,1202.52,691.0647623999998,22.7052,2472.6120060000003,-0.4364737873645732,0.1683091335745504,20214.682614526668,0.5511122967803843,-0.2446546821009674,-0.59481492819563,-1.4908904200131847
MNG,Respiratory infections and tuberculosis,3853.80636,95930.90315101156,1.278085402360981,0.2453710029039171,L,-0.606735919280835,64.88,1420.4,370.69395800000007,31.70519999999999,21939.410153999997,0.0555595620579777,0.1338854805040156,11806.669179457976,-0.0914315749501805,0.3153556726789135,0.6848266832050036,0.2106680411157903
MOZ,Respiratory infections and tuberculosis,4314.680555555556,2089502.51078306,0.1438021459458966,-1.939247373104252,L,-0.441411211580922,132.04,5272.52,32.79408900000001,0.6626000000000001,20040.8482376,-1.140076444058883,-1.598771724046252,1300.3855616581347,-1.8850553895997628,-0.6008977387636056,-1.16608350471377,-1.0897786239654117
MRT,Respiratory infections and tuberculosis,17.48,151747.05136312798,0.0057971082992529,-5.148672542989482,L,-0.842806509439879,,,,1.65,1205.464,-1.2878847399390634,-1.9361235241374963,5810.14361105773,-1.229878619851365,-0.7378306065296548,-1.16608350471377,-0.6000000098439198
MWI,Respiratory infections and tuberculosis,120870.73954,1269144.6150905755,6.632384332758822,1.891965875166521,L,-0.5072401214689258,332.88,9001.64,42.9861488,0.3731999999999999,17978.519106400003,-0.9663518487866488,-1.369280703576018,1500.3485355091457,-1.5744347206906932,-0.2205632013929792,-1.16608350471377,0.4893351836331908
MYS,Respiratory infections and tuberculosis,4305.682935714286,520078.3545415684,0.5765445666274823,-0.5506852921867496,UM,0.3205595102977949,2605.48,55587.32,1096.0548646,13.974800000000002,56728.86625879999,0.9490977587343962,0.7007283010654937,26017.720142413487,0.3222339091631748,-0.8323313824680858,-1.50122773627108,0.172667976227054
NER,Respiratory infections and tuberculosis,207.5,2145322.2120533334,0.0067357380382229,-4.99884437526048,L,-0.5072401214689258,34.96,660.08,19.779595,0.321,6958.332784000001,-1.6347626647580045,-2.0095606506879715,1463.401968659742,-2.3358764561185086,-0.1737791001471439,-1.16608350471377,-0.9968895764596114
NGA,Respiratory infections and tuberculosis,10172.24022,18332693.014402725,0.0386411424652297,-3.2531789451299526,L,-0.5965390932024645,2139.6,34309.04,30.4566354,3.4715999999999996,70528.5225,-0.960798900109685,-1.5551684301569078,7594.354887665404,-1.3435747020118616,-0.3508126261239092,-2.2553022572750243,0.8017801616072459
NIC,Respiratory infections and tuberculosis,5258.0255,96336.27034655752,1.743783939572874,0.5560631645914278,L,-0.7516200439326223,51.36,1387.76,,6.7478,5399.1255344,-1.0628404320668117,0.1178211090710991,6299.515574871409,-0.4238501855370798,-0.7317688791257092,0.288747136819093,-0.3804440793756651
NLD,Respiratory infections and tuberculosis,74464.29365652174,126410.14119471796,20.0,2.995732773553866,H,1.6760164894550469,16957.44,859167.12,4281.813516,31.9052,62550.2333876,1.5517671302296476,0.9715277052203698,62999.86555815831,1.2560775469520056,1.1470557582817829,1.012354000408737,1.8024485370106376
NOR,Respiratory infections and tuberculosis,87911.8538888889,32336.12052716936,20.0,2.995732773553866,H,1.346422634431936,4862.76,209808.6,5739.830929999999,41.2756,20221.0005844,0.8433966781901925,1.0793884848413795,85207.42722944335,1.3868651970189827,1.2600525742476367,0.981886342994438,1.0213360920755006
NPL,Respiratory infections and tuberculosis,6577.26679375,1187884.2472541635,0.3855946079561598,-0.9529427662233728,L,-0.5849687050789807,901.52,11567.88,59.65797,5.1694,8137.124040399999,-0.842358014740521,-1.4518974709453023,3508.52037662225,-1.082247105760611,-0.3497246237693546,-0.015929437323915,-0.3762218499435834
NZL,Respiratory infections and tuberculosis,3804.23026875,15989.823772019858,1.2616438708947395,0.2324234562106171,H,0.7569952581257706,3266.96,128033.0,4179.645111999999,28.086,11776.8108888,1.1486204745742885,1.2560965706034597,43747.40306150099,1.2322979742125555,1.2142010464485624,1.0352047434694611,2.2668937745396383
OMN,Respiratory infections and tuberculosis,795.0,32366.620088722324,0.2636556692165975,-1.3330733828862178,UM,-0.6160502907294005,324.8,6590.2,254.8387608,19.08,4783.3042396,0.2173835384083884,0.5171354846893061,40703.55778955031,0.4792781707966277,-1.5976633244431433,-0.6747925289081694,0.9537804211621912
PAK,Respiratory infections and tuberculosis,74799.37241052631,9937565.31129546,0.5241765341086577,-0.6459076768839496,L,-0.5323366079765423,2507.96,50960.8,218.36298560000003,8.3796,102724.429004,-0.61746182271422,-1.0938914790117371,4604.534345725936,-1.3683450902821224,-0.741250042501111,0.2163864504601283,-1.1700009831749665
PAN,Respiratory infections and tuberculosis,2394.67206,46065.062769781805,0.7941746723692933,-0.2304392599306874,UM,-0.6140284156054884,76.24,4280.52,118.2820104,14.8664,7854.0216504,-0.7564787574548428,0.6731893786090654,25958.763735724344,0.3569124527415395,0.6501495400660523,0.2468541078744295,-0.0088878893524642
PER,Respiratory infections and tuberculosis,5501.0054578947365,923626.201102786,0.4147681965720051,-0.8800113677209053,LM,-0.6981916603943965,622.88,16100.88,,14.3462,48266.29250039999,-0.6962755389557354,0.1453600315275267,12528.092016874456,0.0827042545897528,0.7769795288255256,-0.6024318425492058,-0.6380000747326562
PHL,Respiratory infections and tuberculosis,23422.6968,3556131.9321262306,0.4586893414664401,-0.779360313032014,LM,-0.6155235363528765,608.6,15265.12,115.4890196,8.777199999999999,99546.5422768,0.039412942133762,-0.0910157195568143,7275.56410305801,-0.306190841253341,-0.3525223441096372,0.517254567426349,0.2740014825970179
PNG,Respiratory infections and tuberculosis,1310.0,612299.2696237199,0.1489934481369611,-1.9037858314456468,LM,-0.8153788655405375,49.68,1633.88,33.15884,0.5425999999999999,2306.65758,-1.3995141534759064,-2.1702043650171357,3770.9375784213335,-1.2950247410021507,-0.3334045884510399,0.0602397062118369,-0.5387776830787335
POL,Respiratory infections and tuberculosis,3839.673294117647,457688.17736747273,0.5842304596643375,-0.5374426348974554,UM,0.3119632071327089,6545.88,171263.2,2251.738904,25.763999999999996,247467.471128,1.4163487598517872,0.6640097377902562,29884.23115253326,0.8156600435067692,0.9036540886772048,0.7762296554479063,-0.7562224988309474
PRI,Respiratory infections and tuberculosis,80.70472000000001,32025.15581777508,0.0267651030950165,-3.6202828122349526,UM,-0.2912377446624314,,,293.1154456,,,-0.7259081394261464,0.6146691683891559,41285.88234229262,0.3102202708520987,0.9021775140531676,0.2963640511726688,0.2866681708932631
PRT,Respiratory infections and tuberculosis,1539.6884357142858,123730.27587486956,0.5106258929601337,-0.6720984809929414,H,0.7576933230784961,4251.6,127431.44,3690.75784,44.1928,36170.0584736,0.7436194726614643,1.0449648317708449,37093.18332037167,0.7200463447835633,1.2093827503069654,0.631508282729977,-1.208001048063703
PRY,Respiratory infections and tuberculosis,5150.0,98117.98554163548,1.7079581087616067,0.5353044235068181,LM,-0.7439433810763073,61.48,1653.72,119.17626299999998,17.148000000000003,5292.8180728,0.0087721680868115,0.3473121295413333,13192.181127501142,-0.0763216381053215,0.0716431452587482,-0.7928547013885858,-0.4395552914248105
PSE,Respiratory infections and tuberculosis,1645.0,46678.26737679541,0.5455516677500666,-0.605939431977357,LM,-0.4089788881986852,188.88,4298.48,364.2897808,15.2826,5693.440376799999,-0.2543426108629983,0.1499498519369312,5354.912957495792,-0.2261824871403991,-1.214531066732234,-0.0959070380364544,-1.5457794026302485
QAT,Respiratory infections and tuberculosis,261.0474333333333,9589.528706938116,0.0865743845695284,-2.446635796421861,H,-0.1760847243822053,762.52,20507.08,699.6647419999999,27.269,2408.958384,1.369961805366068,0.989886986857988,117119.99710764772,0.7299545000916665,-2.037060846775289,0.2392371935208548,1.371781134938292
ROU,Respiratory infections and tuberculosis,873.3545928571428,377348.30038534425,0.1611787662380581,-1.82517913968747,LM,-0.2801164056690808,1687.2,36692.92,931.5613616,26.8992,142187.626808,0.4608248454821719,0.3771459622024635,27423.4610312035,0.4874523989258137,0.3750403732716061,0.1897272502226155,-1.414890290235712
RUS,Respiratory infections and tuberculosis,15289.906457894736,3068324.162192064,0.3470269515848876,-1.058324015987543,LM,0.5238738769881611,6103.04,95354.44,3038.264508,45.41480000000001,1224673.333888,0.0957556262539488,0.6043420724679949,32776.237809188046,0.5134613066095881,-1.1015342507663797,-0.0844816665060912,-1.31777901329783
RWA,Respiratory infections and tuberculosis,2467.463666666667,742242.6905230533,0.2315071741207894,-1.463101221940604,L,0.0225057788146977,175.0,3518.68,35.758095000000004,0.71254,7801.1199232,-1.2878847399390634,-1.288958846411436,2101.280425014305,-1.447114924981552,-1.4361726892457254,-1.16608350471377,-1.7315574976418489
SAU,Respiratory infections and tuberculosis,34415.886109090905,276058.78128391085,8.68194452118117,2.161246678575404,UM,-0.3195537416096209,4051.96,88253.56,589.8781,22.165199999999995,63306.122842,1.087822954732511,0.8820262072369784,58198.93178177366,0.5981760344938795,-2.148347944755415,0.0678566205654127,-0.2326660492528014
SDN,Respiratory infections and tuberculosis,201.4131,1003981.811553459,0.0139708067582917,-4.270069835809207,L,-0.5384291609089094,243.48,4856.4,,2.8784000000000005,27173.1927936,-0.6309188242347716,-1.467961842378219,3739.5830431078225,-1.5043345218858548,-1.4787602099811368,0.2582794794047928,0.1346679113383176
SEN,Respiratory infections and tuberculosis,12855.415472727274,683346.635734078,1.310100683791592,0.2701116250878226,L,-0.2795214348056261,181.24,3415.92,435.4852584,1.1557000000000002,10467.9669544,-1.1288642282346195,-1.5046804056534564,3670.3894565647,-1.5296003179215203,0.447470244303365,-0.6405164143170818,-0.5408887977947744
SGP,Respiratory infections and tuberculosis,3698.86296,55959.96466965214,1.2266996088796036,0.2043354701387981,H,1.8002535864272085,3571.44,149622.84,6402.609976000002,20.4104,12778.507642,1.640414410801008,1.2813405828551865,102904.17860234065,1.2278393043239095,-0.6695973160083207,0.943801771226561,-0.0975547074261829
SLB,Respiratory infections and tuberculosis,26195.0,26253.204446173517,8.687371390099086,2.1618715578594734,L,-0.5771758690325169,10.12,308.8,,1.8258,,-1.0628404320668117,-1.2568301035456035,2484.863991460149,-0.995550746814698,-0.0138427540276611,-0.4462850983009133,-0.5641110596712247
SLE,Respiratory infections and tuberculosis,750.0,583990.8828084306,0.089436503701103,-2.414114556419561,L,-0.5072401214689258,58.96,1416.92,,0.5186,2249.7864,-1.5218206290689078,-1.8076085526741652,2628.7693181987156,-1.9489629913370357,-0.2586432838023796,-1.16608350471377,1.1480029750379557
SLV,Respiratory infections and tuberculosis,17.7543,96230.4227643857,0.0058880777961914,-5.133128778409598,LM,-0.7051789776985711,44.48,1186.48,64.6676792,18.7678,6746.7366368,-0.4238102430226781,0.624996264310316,9273.01392438114,-0.4461435349803141,-0.0618702865358437,-0.5262626990134538,-0.9884451175954476
SRB,Respiratory infections and tuberculosis,396.226075,86471.81550056206,0.1314053471260261,-2.029392382750145,UM,0.078537672786454,1172.16,24938.56,1709.916424,29.2386,39829.6700988,-0.9026283560717088,-0.0611818868956836,18124.0177351574,0.3217385013977691,-0.2903507809922484,0.1668765071618901,-1.6893352033210305
SVK,Respiratory infections and tuberculosis,113.02511666666668,72051.35223310515,0.0374839154377786,-3.283576614163107,UM,0.0790428851144737,711.76,20155.96,2604.693996,33.9888,34136.6889316,1.0561154061859035,0.8017043500723969,30335.36358264918,0.7200463447835627,1.0267537836496354,1.1646922874802412,-0.9588895115708752
SVN,Respiratory infections and tuberculosis,30.9608,18578.806836448857,0.0102679125075235,-4.577758103045767,H,1.5688212044735264,826.24,27272.8,3843.0390280000006,27.227199999999996,9423.0723276,0.4858611588299455,0.9302193215357276,39279.976435910976,1.0529603631358675,0.9916268504883106,0.905717199458686,0.160001287930808
SWE,Respiratory infections and tuberculosis,6649.973927777778,56454.74679684803,2.2054129889322964,0.7909193222167857,H,3.5012809270090774,10995.76,518697.44,6472.473894,38.8488,24547.856226400003,1.473524592750634,0.8613720153946574,57211.250518340894,1.2753984498028084,1.3132092607130048,1.522687262098276,0.4513351187444545
SWZ,Respiratory infections and tuberculosis,2279.5,107601.2393146978,0.7559787395965208,-0.2797287976271282,LM,-0.5128156652371876,34.64,799.72,137.91577,2.0267999999999997,2282.5798,-0.028791635644825,-0.0336429644392553,8537.423289132,-0.9754867323157868,-1.7215401639545402,-2.415257458700104,0.0206677166721078
THA,Respiratory infections and tuberculosis,6369.182270588235,1079354.615252098,0.4109406858955539,-0.8892820573403437,LM,-0.0890658759016732,2742.76,67800.16,897.2197834,4.1786,146109.074908,-1.0712678786124514,0.67777919901847,17420.47860657954,0.1337312544264902,-0.8848663533022793,0.6924435975585773,0.886224750248882
TLS,Respiratory infections and tuberculosis,1350.0,67711.31746845963,0.447717174141392,-0.8035712183661573,L,-0.7358589580161591,11.2,237.32,,3.9328,494.01154539999993,-0.3561563550969788,-1.4450127403311952,4324.4152473896975,-0.7277828496131795,0.1603930516088211,0.3268317085869689,0.6371132137560546
TUN,Respiratory infections and tuberculosis,2041.6666666666667,135094.7739399443,0.6771031337323522,-0.3899169096437258,LM,0.0009232107428812,844.36,14196.08,1474.0663639999998,11.498,20373.418867999997,0.4116063108887263,0.2968241050378812,11883.999462028434,-0.0837527545863996,-0.5494507702839665,-0.5719641851349045,-0.8322226286084204
TUR,Respiratory infections and tuberculosis,18421.386215384617,844943.7045690201,1.5182879674398728,0.4175899491972599,UM,0.2945397931399904,9173.76,161346.6,1180.9438388,17.195600000000002,205899.00472800003,0.2173835384083884,0.4092747050682964,24132.177663504997,0.2788857296902191,-0.4148493361348195,-1.417441678381752,-1.495112649445267
TWN,Respiratory infections and tuberculosis,5407.8685,232661.56505328615,1.6186803486172578,0.4816173955116697,H,0.164071915090892,7309.68,202897.52,,,,0.9879854174359308,0.9554633337874534,49027.62762815805,1.1454777633252913,0.9052083777551394,0.1744934215154649,-0.1271103134507558
TZA,Respiratory infections and tuberculosis,10329.786938888888,3227574.516865881,0.2228818494722397,-1.5010686051079425,L,-0.3009049953817357,574.24,14129.28,27.44056920000001,0.5366,34089.553026400004,-1.2874065621011082,-1.598771724046252,2943.8138350321356,-1.3787486533556326,-0.5241158583136302,0.7305281693264534,0.0628900109929266
UGA,Respiratory infections and tuberculosis,20191.16952105263,1941697.0800080984,0.7241684741455193,-0.3227174057246094,L,-0.5072401214689258,836.28,21372.24,30.2253728,1.1968,14749.42476,-1.2844238342586884,-1.3876399852136367,2351.4495322320777,-1.2984925953599873,-1.0811730638454349,-2.148665456324972,0.1177789936099899
UKR,Respiratory infections and tuberculosis,1157.197675,667693.3075921664,0.1206952409277977,-2.114403730712805,L,0.0263689861798188,1320.52,13619.72,1140.1403976,32.0196,359398.68044400006,1.3067507525185311,0.654830096971447,15902.135507178204,0.2677390549686009,-0.4111190423477763,-0.0235463516774898,-1.1193342299899844
URY,Respiratory infections and tuberculosis,5.4475,38605.138910140915,0.0018066217082483,-6.310776707034543,UM,-0.3238726658817929,296.0,10230.92,615.0790922,41.8794,6442.1798528,-0.4592438262531174,0.9210396807169186,25109.14942301282,0.4971128503512155,1.2160661933420849,0.4715530813048982,-0.5408887977947744
USA,Respiratory infections and tuberculosis,770383.1076999999,2705306.4735592157,19.831241187946844,2.9872590362521385,H,2.8302856098528664,196098.56,8732175.16,3937.0878280000006,28.6468,934111.267824,1.531247288427929,1.1413510603683428,63579.52211583438,1.1916745374493285,1.1408386019700445,0.86763262769081,2.296449380564211
UZB,Respiratory infections and tuberculosis,1162.5477666666668,1153590.223789036,0.0701808875221204,-2.6565367837532805,L,-0.6105929717749546,93.32,757.28,548.7124468000001,25.948799999999995,145820.8233,0.7352887163765999,0.845307643961741,6771.372711363738,-0.2682921471998427,-1.5342483300634064,1.4465181185625238,0.3795572183990635
VEN,Respiratory infections and tuberculosis,5582.507100000001,374931.855839058,1.0368992477050452,0.0362444111507203,UM,-0.341527656895934,225.92,8078.48,205.77687919999997,17.6204,27298.575182399996,-0.9929102806348242,0.3817357826118681,,0.0571907546713842,-0.8264250839719341,-0.2825214396990471,-0.9588895115708752
VNM,Respiratory infections and tuberculosis,45797.54253529412,1633902.2473663858,1.9519816082425911,0.6688501889256102,L,-0.4934521846142816,927.6,19423.76,525.8847767999999,7.8774,187418.696472,-0.514446394638925,0.0030755988359821,8760.437449736877,-0.1976965406295996,-1.6107193526977948,0.3268317085869689,-1.174223212607048
YEM,Respiratory infections and tuberculosis,1172.0975999999998,710590.3010461926,0.1148693379629061,-2.16387293655654,L,-0.5637744067861599,135.0,2537.48,,2.4524,15647.7173784,-0.5495704689222048,-1.217816630065664,,-1.5566000411361047,-1.345557636002131,0.2582794794047928,-1.478223731716939
ZAF,Respiratory infections and tuberculosis,77332.2287409091,3606820.279914309,1.4931231905838578,0.4008767246141483,UM,0.0291253425765472,4149.12,125429.28,404.9987222,7.338399999999999,123314.596444,0.1460837543893123,-0.0382327848486599,13658.44123280344,-0.2863745306371325,0.7082799515808104,-2.2553022572750243,-0.1271103134507558
ZMB,Respiratory infections and tuberculosis,5600.0050375,1109273.8784000163,0.3515679271087099,-1.0453238935584008,L,-0.5940702205720861,246.32,6149.96,41.90146,1.4438000000000002,26718.732488,-1.2878847399390634,-0.9814408789813224,3255.1775640080373,-1.212043940296777,-0.3951098648450484,-0.937576074106514,0.4006683655594721
ZWE,Respiratory infections and tuberculosis,26309.75638823529,1309394.3065862812,1.399284409713039,0.3359681165119056,L,-0.5072401214689258,244.4,5941.76,95.1253,1.26488,25704.12307,-0.9015173122490596,-1.0938914790117371,4759.5101951403985,-1.2489518188194657,-1.1296668830769985,-0.6862179004385326,-0.6844445984855564
AFG,Chronic respiratory diseases,5805.6,250889.30296235572,0.8411088856525818,-0.1730222667494959,L,-0.5977808384269677,64.9,1727.86,,2.4104,13906.3606524,-1.2536259804415315,-1.562053160771015,2426.9467970680007,-1.6626173029328206,-1.168834967840953,0.2163864504601283,-0.2073326726603103
AGO,Chronic respiratory diseases,1085.0,169107.31057317284,0.233213996466017,-1.455755929002052,L,-0.8144684575382685,24.12,437.72,35.450738799999996,1.5514,24281.724,-1.2878847399390634,-1.568937891385122,9754.451718302276,-1.174392950125981,-1.2330271067596574,-1.16608350471377,-0.3677773910794196
ALB,Chronic respiratory diseases,42.406,21380.214624855187,0.0157904945400359,-4.147714039436778,LM,-0.6855572489465708,94.2,1340.48,155.23569,13.945600000000002,8767.3661396,-0.4930546068402314,-0.2126459604060382,12849.222175247694,0.2380145890442885,-0.2151231896202075,-0.937576074106514,-1.0686674768050024
AND,Chronic respiratory diseases,0.2496666666666667,895.914193410549,9.296703619367464e-05,-9.18110165791201,H,1.5688212044735264,,,,36.7296,213.062736,0.7033133754786799,0.4115696152729983,61549.34101972721,0.8552926647391863,1.1709918100819778,1.0656724008837637,0.6371132137560546
ARE,Chronic respiratory diseases,49525.174875,50590.267509349454,18.4414234650288,2.9145999518223333,H,0.1920029761475444,1116.96,24179.72,2305.6505460000003,21.4316,11601.6235952,1.5859591123627317,0.739741774545433,75883.36711327448,0.799806995013803,-1.9344777676315972,-0.4500935554777018,0.6962244258052003
ARG,Chronic respiratory diseases,70194.186325,458636.50614426687,5.563137313144546,1.7161640116241803,UM,-0.1971266896177451,2264.52,74790.52,1070.2597744000002,44.25206,181393.79928400004,-0.1479497937403469,0.7764603378206705,25990.3505237228,0.6905695827419523,0.8295144996597187,0.3344486229405448,-0.4775553563135469
AUS,Chronic respiratory diseases,11605.640352,265269.43486273935,1.59026372213538,0.4639061537020382,H,1.686037901709881,22961.92,947877.52,4359.00251,33.058800000000005,85850.1701944,1.456383302363544,1.3180591461304236,54212.04883866928,1.2635086634330837,1.1629095068767166,0.669592854497853,2.2668937745396383
AUT,Chronic respiratory diseases,1181.8692142857142,90655.09594456044,0.4400862938078362,-0.8207617264506384,H,2.655772449106955,5286.92,240017.96,4695.050182000001,48.396800000000006,63505.0815056,1.6309661067007597,0.8590771051899555,60268.85667814417,1.1438676880877248,1.1294922917011208,0.9514186855801358,1.3042254640249829
BDI,Chronic respiratory diseases,13125.0,88953.13992109238,4.88728578120953,1.5866391405427644,L,-0.6220351334192457,17.6,368.2,20.6824158,0.5528,8759.857224799998,-1.2878847399390634,-1.4450127403311952,1019.3543992426344,-2.0178246707283605,-1.2653563195806996,-1.16608350471377,-2.4408920422315954
BEL,Chronic respiratory diseases,3295.3918142857137,155502.66831585573,0.7702939179583984,-0.2609701433601577,H,2.2618360855426443,7814.2,391540.56,4406.680888,31.26,65894.4112724,1.0201304133783438,1.1229917787307244,56940.3921111463,1.2300686392682318,1.2583428562619086,1.24847834536957,-0.013110118784546
BEN,Chronic respiratory diseases,611.2072,66224.2867977896,0.2275919434615534,-1.4801570378316484,L,-0.5072401214689258,99.28,2101.76,,0.7802,4799.8084716,-1.4796755259063692,-1.9682522670033291,3038.469075736016,-1.505573041299367,0.05470139430926,-3.009376778278969,-1.0897786239654117
BFA,Chronic respiratory diseases,7683.357123809525,120958.25733252884,2.3088874031768833,0.8367700959407649,L,-0.5476922417657978,159.56,3312.8,46.57809999999999,0.665,4295.738,-1.3435486109526469,-1.8580965771776168,2061.603181376113,-2.060182034670506,-0.1773539650263939,-0.9528099028136646,-1.0855563945333295
BGD,Chronic respiratory diseases,147557.81645,2142697.743723556,2.503159730362074,0.917557820922494,L,-0.5977808384269677,1578.28,27412.72,,4.420799999999999,98716.98583,-1.0628404320668117,-1.4312432791029814,5113.32897934955,-0.8813592568887959,-0.8733646141255625,-0.2672876109918965,-1.2797789484090936
BGR,Chronic respiratory diseases,336.6444166666667,77870.53776981354,0.1253544739732248,-2.076529992569734,LM,-0.0529334492358485,540.64,14482.68,1794.3050359999995,39.0588,51813.283158,0.3708480312202768,0.1866684152121687,22821.77151822954,0.4636728261863637,0.4064370126458878,0.3725331947084208,-1.5500016320623302
BHR,Chronic respiratory diseases,27054.8115,6618.803824021907,10.07425489960031,2.309984142352003,UM,-0.7261588813181815,171.72,3694.36,384.09338,9.0324,2393.7282384,1.2791041336763491,0.6800741092231726,54743.29230787483,0.6903218788592502,-1.5793227133235133,0.2430456506976422,0.616002066595645
BIH,Chronic respiratory diseases,352.64916,37413.60387109092,0.1313140743179797,-2.0300871609544684,LM,-0.6863384046578135,267.0,3933.32,278.01888440000005,19.2996,8156.2943572,-0.6615872221458549,-0.2654288951141922,13009.191373023836,0.096080264255694,-0.0009421546808029,0.0602397062118369,-0.9926673470275296
BLR,Chronic respiratory diseases,37059.98984,86245.59517625865,13.799829439756316,2.624656957295207,LM,-0.0607532128429428,198.64,3022.28,1472.9208640000004,39.4592,100249.4446188,0.8904415654722012,0.624996264310316,22194.85517432224,0.4379116223852935,-1.3315690343007185,0.0602397062118369,-1.030667411916266
BOL,Chronic respiratory diseases,309.5588333333333,89266.61684415201,0.1152687607312617,-2.160402077424453,LM,-0.6163180276179551,58.8,2683.08,100.5244707968,9.19619999988,12581.1942184,-0.2250687763546017,-0.5178690176314497,9949.461080913694,-0.2566500647128187,0.2946836279423804,-0.4196258980634005,-0.2453327375490466
BRA,Chronic respiratory diseases,128989.63617272727,1871801.9172853697,2.5048526649878737,0.91823390867778,UM,0.5891447452387177,13637.08,322292.68,714.2783391999999,20.265399999999996,489032.7424200001,-0.3604685310344718,0.8039992602770988,17255.480171781295,0.1272909534762228,0.9720428081063328,-0.0844816665060912,-0.4606664385852196
CAF,Chronic respiratory diseases,507.3333333333333,56034.38229821544,0.1889129894349436,-1.6664158102654014,L,-0.5072401214689258,18.04,297.52,,0.6061000000000001,4812.727568,-1.2883629177770182,-2.025625022120888,1211.117442736569,-2.2795238228036654,-0.9414424757391032,-1.16608350471377,-0.1693326077715739
CAN,Chronic respiratory diseases,59161.46202500001,412087.0281638184,5.218398130370289,1.6521923995182903,H,1.489609040499211,29544.04,1275399.56,4570.958856,22.546620000000004,99529.369204,0.875489649203869,1.3731369910432796,54193.397774207595,1.2082706975904025,1.0116771795936688,0.9361848568729852,2.102226826688448
CHE,Chronic respiratory diseases,2198.902490909091,80832.05365046403,0.8187935145208547,-0.1999111329217832,H,2.83128423767282,11251.64,585294.32,4556.711074,40.1264,40273.9280124,1.5890091833903168,1.1229917787307244,75268.81661408668,1.322462187516304,1.262539436772333,0.9361848568729852,1.3760033643703735
CHL,Chronic respiratory diseases,5634.223111764706,149525.80422398858,1.369635959108462,0.3145522824343738,UM,-0.4130662354494351,1847.84,56678.32,427.5335204,18.3712,38510.5147576,1.0855542670616256,0.5905726112397812,25118.03849731798,0.6531662964538584,1.18093926018076,0.2963640511726688,0.316223776917836
CHN,Chronic respiratory diseases,103837.95748,24768391.723720532,0.1523861809491648,-1.8812716954322652,LM,1.4510467220526826,70455.56,1591215.32,1135.717754,17.930799999999998,4576265.56984,-0.4306275453050752,0.5951624316491857,12907.16100572696,-0.0636887400874875,-1.873083349053176,1.4389012042089502,-1.7653353330985035
CIV,Chronic respiratory diseases,695.3922181818182,149210.38756493884,0.1694018012140117,-1.7754228344090095,L,-0.7664348184326426,112.92,2443.28,63.99303,1.6373999999999995,8218.7208,-1.1558010247055155,-1.642375017935597,5070.246318122955,-1.4575184880550616,-0.449976269296144,-2.10296397020352,-1.246001112952439
CMR,Chronic respiratory diseases,1135.5691333333334,152380.3278053622,0.2708768756078162,-1.3060539784334102,L,-0.5072401214689258,322.64,7905.04,,1.2016,62153.52664999999,-1.2878847399390634,-1.422063638284172,4525.251514428976,-1.2093191975870483,-1.0312803844437304,-2.64376488930736,-0.295999490734029
COD,Chronic respiratory diseases,2101.1537466666664,639057.0446737179,0.119510334273252,-2.1242687608039166,L,-0.4953296767226226,140.12,2689.56,10.10515,1.2394,48492.72640000001,-1.2770076933611387,-1.7525307077613093,1285.819981235234,-1.6878830989684863,-1.0872347912493805,-1.16608350471377,-1.3642235370507303
COG,Chronic respiratory diseases,426.09515,37447.90677009828,0.1586627632790355,-1.8409112901294755,L,-0.3642652890923193,66.48,1703.48,83.79845600240002,1.4682,5914.2288,-1.2878847399390634,-1.6148360954791685,7545.451550110282,-0.7305075923229075,-1.266599750843047,-2.339088315164352,-0.6506667630289018
COL,Chronic respiratory diseases,8190.753805882352,368736.2809335509,0.8074121065202253,-0.2139086910517858,LM,-0.5575000287062973,1535.84,34683.2,70.2291404,18.6208,74993.781868,-1.260564016157332,0.6410606357432325,15052.503408239549,0.096080264255694,0.2129280224430147,-0.0768647521525165,0.088223387585417
CRI,Chronic respiratory diseases,4277.032133333333,35431.94774106277,1.5926154918869533,0.4653839071723251,UM,-0.3306758499618466,168.72,5317.68,325.1844104,21.7234,5792.390856399999,-1.0313112732057932,0.957758243992156,20060.82964907356,0.3494813362604607,1.2672023040061362,0.1364088497475889,0.3880016772632269
CUB,Chronic respiratory diseases,919.0184,125828.59442410505,0.2654801883858096,-1.3261773942153603,LM,-0.2544546968411825,214.8,5593.84,2055.97578,74.8132,50246.253984,-0.4386190363850955,0.9692327950156672,,0.1949141134540343,-1.6295262505408048,-0.5110288703063032,-0.2453327375490466
CYP,Chronic respiratory diseases,93.4516,13557.290747167346,0.0347980705456213,-3.3579060068586934,H,-0.2176931910684379,465.16,12374.08,1138.2687364,24.4508,2915.2800792,0.8165243500751518,0.4207492560918083,42427.20460720808,0.8961638053851175,0.9855651230843652,0.1135581066868635,0.4302239715840451
CZE,Chronic respiratory diseases,800.6133210526316,97550.36371861784,0.2981200838268547,-1.2102253648162316,UM,1.1611697366947522,2464.28,83101.08,3115.7949599999997,38.12964,73756.44399880001,1.2863611701080897,0.9462836929686442,40335.77650259335,0.948181620752665,1.142082033232391,1.3551151463196212,-0.7013335162138837
DEU,Chronic respiratory diseases,38247.42787826087,1033372.9922822432,1.3453410172922735,0.296654958404063,H,2.728296832832491,34293.0,1532108.0,4359.623428000001,39.07,677483.163832,1.515365013659394,1.1138121379119152,57073.37934866153,1.3090861778503635,1.228189648149975,1.4998365190375504,0.8735580619526369
DNK,Chronic respiratory diseases,17926.219225,99253.3611864132,6.564939620442647,1.8817448337637983,H,2.688188615952814,7153.56,338384.52,6645.832076,37.828,17918.6769232,1.518770655459118,0.8980905786698948,63245.14222976299,1.2768846730990249,1.3472481915197752,1.0732893152373375,1.0128916332113371
DOM,Chronic respiratory diseases,2851.6671,61380.86362741083,1.0618599672817537,0.0600314739689117,LM,-0.6163180276179551,76.56,1606.92,23.9788592,15.9652,13655.559303199998,-0.1924475372210277,0.4207492560918083,16818.470743654518,-0.0089461820102115,0.2587795502420891,0.288747136819093,0.3120015474857542
DZA,Chronic respiratory diseases,1187.713,227162.8725731979,0.1900471730950111,-1.6604303410599188,LM,-0.4470272749166086,207.72,4076.2,521.9864392000001,13.898400000000002,62365.351725199995,0.2919927298209828,0.2256818886921089,14364.642594725296,-0.0441201333539812,-0.998951171622688,0.5629560535478009,-1.0433341002125116
ECU,Chronic respiratory diseases,641.13134,94538.48460290296,0.2387346348091286,-1.4323607718774465,LM,-0.465617549869982,328.24,6772.68,240.1625596,15.6632,22522.0236884,-0.2250687763546017,0.487301652028176,12441.051274374971,0.0782455847011063,0.2217874701872428,-0.983277560227966,-1.0180007236200206
EGY,Chronic respiratory diseases,2394.840258333333,551229.7130408573,0.1579178369339752,-1.8456170785532728,LM,-0.1462666824577513,5285.44,71870.08,621.9283252000001,6.3452,133970.47101199997,-0.6458053506197035,0.4850067418234732,13357.879306684385,-0.2197421861901304,-1.449850433131551,-0.5491134420741792,-1.030667411916266
ESP,Chronic respiratory diseases,25906.581659090905,626638.4614893415,1.5027277997168285,0.4072886442662333,H,0.7212703352108207,17886.52,638478.0,2728.3601160000003,37.743199999999995,142394.354176,1.3191574531884838,0.8797312970322765,43711.9780393328,0.9521448828759064,1.1705255233585974,1.2256276023088415,-0.4944442740418742
EST,Chronic respiratory diseases,36.799487500000005,7384.117226787483,0.0137028275820607,-4.289423564363615,UM,0.9088682387994828,389.56,18838.48,3225.7261000000003,32.8172,6929.693693999999,1.3200029007099876,0.551559137759841,34147.59681739785,0.88303549960188,1.222438778561617,1.126607715712365,-1.0222229530521023
ETH,Chronic respiratory diseases,14916.760114285717,537465.2906063275,1.008814552830622,0.0087858440228903,L,-0.4948360047777304,1176.0,22007.16,52.3478988,0.5660000000000001,26162.863530400005,-1.6890782080036626,-2.3698615528262392,1821.9964066710625,-1.9155229671721832,-1.2364465427311138,0.3192147942333942,-0.6886668279176381
FIN,Chronic respiratory diseases,11805.491760869569,54629.14026658411,4.395947582711169,1.480685387430029,H,3.215384091565292,4334.96,206147.32,7524.242588000001,34.032000000000004,27518.692702,1.2316545120575315,1.0449648317708449,53891.28379728628,1.2513711731806567,1.1834261227054552,1.3017967458445934,0.4555573481765362
FRA,Chronic respiratory diseases,46043.82646086957,550014.8890243743,3.04287574285733,1.1128063226769895,H,1.9322709532508728,21434.08,1005259.36,4058.14122,32.8628,422344.22919199994,1.2577313164408972,0.9003854888745976,50206.07391192202,1.0217496739153389,1.1953941486055528,1.3017967458445934,-0.5915555509797563
GAB,Chronic respiratory diseases,307.2289375,11017.20679581628,0.1144011899291323,-2.1679563907540818,UM,-0.1834849309493806,51.88,1594.76,,3.39772,3474.87075,0.1460837543893123,-0.9332477646825736,19483.622283180644,-0.1801095649577127,-0.8352845317161619,-1.9734764261927416,-0.7055557456459655
GBR,Chronic respiratory diseases,156606.868448,1178606.0128229395,4.829802909907688,1.5748077319055012,H,1.7873119443352363,50955.64,2309909.96,4100.1239000000005,26.6688,191846.488844,1.5557859539332275,1.1138121379119152,48709.53277199082,1.1844911248509518,1.127160858084218,1.2027768592481172,1.8531152901956205
GEO,Chronic respiratory diseases,63.07433333333333,26821.96960032284,0.0234866508540396,-3.750897384837892,L,-0.5943974545469862,150.76,4053.08,1033.0797744,49.87840000000001,15784.702178799998,-0.7122671795473384,0.193553145826276,13219.248340109913,0.3465088896680306,-0.0837857625347237,0.2582794794047928,-1.347334619322403
GHA,Chronic respiratory diseases,26236.676385,138197.8833682387,6.90072439906841,1.931627840587044,L,-0.4399609701012515,789.04,17859.36,54.02035479999999,1.2055999999999998,18842.2045884,-1.482073723356602,-1.3371519607101856,5281.493507040973,-1.00991757201145,0.5940397043526083,-0.937576074106514,0.3837794478311452
GIN,Chronic respiratory diseases,801.0,91085.90901543829,0.2982640693903873,-1.2097425191970208,L,-0.5072401214689258,43.6,796.44,,1.4486,3053.1244680000004,-1.2878847399390634,-1.9797268180268408,3050.643557435063,-1.7703684919084552,-1.1091502672482598,-2.171516199385697,0.5231130190898454
GMB,Chronic respiratory diseases,6167.7148,12942.83132217456,2.29663884530252,0.8314510366622656,L,-0.7940840376880294,100.12,4097.76,62.712215400000005,0.9686,2436.9764118,-0.6645454941030067,-1.0548780055317974,2685.014329065316,-1.5952418468377114,-0.8657485976436823,-1.16608350471377,1.059336156964237
GNB,Chronic respiratory diseases,976.0,14582.705366033098,0.3634278798065144,-1.012146891230279,L,-0.5072401214689258,20.92,718.84,,1.5402000000000005,1526.3769999999995,-1.3833148866787637,-1.5482836995428009,2281.855422997779,-1.647507366087962,-0.5252038606681847,-1.16608350471377,-0.5704444038193469
GNQ,Chronic respiratory diseases,143.0,5997.8889252287245,0.0532481422257495,-2.9326045804336007,LM,-0.4779870454117954,3.34,116.98,,2.224,2361.35858,-0.3877370729215434,-1.5436938791333965,24874.70179211205,-0.6651137672894197,-1.5182391525606789,-2.415257458700104,-0.2052215579442698
GRC,Chronic respiratory diseases,921.2551,129421.70412501998,0.2587378988021385,-1.3519010550069754,H,0.2951881062187891,4336.72,150813.44,2715.1557740000003,56.946000000000005,48714.6293188,1.127178183699807,0.4230441662965101,34962.40147931398,0.9199433781245676,1.1296477206089144,0.4563192525977476,-1.8624466100363852
GTM,Chronic respiratory diseases,793.4185833333332,70081.91600791215,0.2954410179712311,-1.2192522157022916,LM,-0.8004733066932486,99.44,2566.92,23.9059628,8.4648,8965.4912772,-0.4238102430226781,-0.4077133278057371,10493.190490144729,-0.6571872430429359,-0.0018747281275638,-0.5262626990134538,0.7131133435335272
HND,Chronic respiratory diseases,2334.16865,99152.64259539593,0.8556875126021277,-0.1558383384197471,LM,-0.8047306822554082,47.52,1026.36,69.9383956,4.2728,5237.808084400001,-0.4238102430226781,-0.2562492542953826,5659.597256564474,-0.7763328106228904,-0.3759921091864512,-0.5262626990134538,0.1220012230420717
HRV,Chronic respiratory diseases,149.687575,45890.919746851614,0.0557383586225703,-2.8869073108229437,UM,0.3697420586569883,1030.28,27929.72,1797.05422,30.722800000000003,24049.1890904,0.8242599381710966,0.4895965622328778,30424.392753499713,0.696019068161409,0.7939212797750141,0.9514186855801358,-1.3431123898903212
HUN,Chronic respiratory diseases,970.1110222222222,146951.15559516603,0.2399582517614085,-1.4272486487179536,UM,0.6803707045015658,2102.56,78112.24,2685.499484,32.2488,71875.4526304,0.7481050872363765,0.7351519541360284,30921.08529583642,0.6828907623781721,0.4529102560761359,1.2637121740767174,-1.0686674768050024
IDN,Chronic respiratory diseases,9674.236417647058,3054359.4577682656,0.115128754349677,-2.1616173183644984,L,-0.6656954802255216,3763.72,23272.12,210.39034100799995,3.1054000000000004,225577.216428,-0.3561563550969788,-0.5224588380408542,10027.896402198325,-0.31758521985766,0.27851902153186,-0.4196258980634005,1.2662253991362464
IND,Chronic respiratory diseases,68048.10269,26456759.064440552,0.0934903174094492,-2.3697904479397907,L,0.0720960873777242,20999.84,361898.64,187.8770994,7.322399999999999,2253635.67836,-0.61746182271422,-0.6119603360242456,5997.703428215718,-0.7773236261537012,0.1022626400940626,-0.6633671573778073,-0.9968895764596114
IRL,Chronic respiratory diseases,3924.6494055555554,58005.053309894894,1.4614006275050744,0.3794021524883185,H,0.7307749947545085,3862.56,148567.64,4045.541872,34.0572,16883.00737,0.6240834065073566,0.7856399786394805,78796.19120554483,1.188206683091492,1.2448205412838769,1.0656724008837637,2.102226826688448
IRN,Chronic respiratory diseases,25210.29411764706,471063.0988470895,1.945297745814758,0.6654201886235861,LM,-0.1557949356736106,7732.64,138160.44,1107.6320056,11.578600000000002,135331.79713999998,-0.2543426108629983,0.5836878806256739,15041.31246333119,0.2729408365053547,-1.5152860033126028,0.5477222248406503,0.1431123702024811
IRQ,Chronic respiratory diseases,4158.570000000001,159655.48339539292,0.946776419922515,-0.0546817445772853,LM,-0.8030624557611098,686.48,7819.12,257.05344,7.317,39542.690875199994,-0.4867073888031044,0.005370509040684,12618.200750284284,-0.4709139232505756,-0.8753851899268775,-0.2596706966383217,-0.3973329971039924
ISL,Chronic respiratory diseases,31.364315384615388,3576.307355714783,0.0116789617231696,-4.4491103249645105,H,2.279052798450904,355.56,19543.32,6682.198872,38.19,1133.7224292,1.2446929142492145,1.2331474685564368,59846.93658326752,1.3556545077984543,1.1394397417999025,1.0656724008837637,1.2408920225437552
ISR,Chronic respiratory diseases,73072.36273157895,52480.19590512218,20.0,2.995732773553866,H,4.973907159605384,5799.44,244241.44,,35.7984,25646.0703424,1.2440864165759786,0.9325142317404296,39990.70193898606,0.9964838778796736,0.658542701086899,0.9285679425194104,0.4006683655594721
ITA,Chronic respiratory diseases,35028.90993636364,621340.7682432292,2.049198496188991,0.7174536191747402,H,0.7472433779301987,27038.92,1044767.56,1939.442776,40.6904,211767.055088,0.8954470267798256,0.8728465664181693,49972.48038745556,0.995988470114268,1.086438484242328,1.24847834536957,0.1051123053137447
JOR,Chronic respiratory diseases,1040.715,36059.9139552515,0.3875254568983982,-0.9479479327014724,LM,-0.1636011072739102,781.36,15669.68,369.9050768,23.2558,12540.478012,0.7812987562779177,0.5423794969410318,9665.93327239689,0.0128517596676184,-1.2883597979341332,0.0983242779797129,-1.195334359767457
JPN,Chronic respiratory diseases,12814.729231818184,1212227.9036981417,0.3842487058157454,-0.956439240175339,H,3.232001217456847,32291.16,953951.56,5272.902023999999,22.9328,1709055.64024,1.5721622277790648,0.9554633337874534,42257.92967148511,1.1347026444277288,1.026598354741841,0.7000605119121542,-1.334667931026157
KAZ,Chronic respiratory diseases,150.0,210468.2784848365,0.0259054932661237,-3.652914293521079,LM,-0.6258432033983137,310.16,6497.16,535.2867768,36.1964,113626.77276320002,-0.2543426108629983,0.9095651296934067,27333.243732460403,0.3777195788885594,-1.2653563195806996,0.0602397062118369,-1.0180007236200206
KEN,Chronic respiratory diseases,37743.492472727274,270094.43001950765,5.07941516727212,1.6251980991389663,L,-0.2059053308362432,958.72,28060.28,148.20428219999997,1.6988,59290.953204,-0.8837322135441875,-1.0617627361459043,4610.232110620364,-0.9873765186855128,-0.3242342828912252,-1.0670636181172928,1.22822533424751
KGZ,Chronic respiratory diseases,205.66666666666663,53623.49291231188,0.0765829924319055,-2.5692496890325804,L,-0.6723073503986197,51.34,1149.96,,18.3112,27526.1069568,1.279308324263032,0.413864525477701,5231.7115508343395,-0.3024752830128009,-0.7689163880883493,0.4487023382441728,-0.5873333215476746
KHM,Chronic respiratory diseases,3550.1205714285716,138650.6753559434,0.930697119081224,-0.0718106386511183,L,-0.7358589580161591,118.96,3149.44,25.740740800000005,1.9989999999999997,10587.494602,-0.8422434767823592,-1.0525830953270952,4524.759432725333,-1.1194026881660022,-1.150183498905737,0.3344486229405448,-1.495112649445267
KOR,Chronic respiratory diseases,8950.218077777778,620847.6149388343,0.5240055128777888,-0.6462339903707016,UM,3.817072996717791,15668.2,409587.4,6080.884064,20.5616,475607.754164,1.4261136430282402,1.0633241134084632,41569.26564396438,1.04181368841425,0.8637088593742831,1.019970914762314,-0.3466662439190105
KWT,Chronic respiratory diseases,536.89164,10780.45794879241,0.1999194573883631,-1.6097906877101658,H,-0.6838885095463556,371.24,8648.56,241.3141644,21.208,7519.4662628,1.640414410801008,0.960053154196858,58962.60401646187,0.5627543792674076,-1.0323683867982845,0.2392371935208548,0.8017801616072459
LAO,Chronic respiratory diseases,818.9502,79065.26653294367,0.3049480889888534,-1.1875809249680775,L,-0.8083007638890943,45.76,1306.44,15.628840000000002,3.2056000000000004,8415.247565200001,-0.1978663155550326,-0.875875009565015,5919.878821376147,-1.0081836448325314,-1.815574653169591,0.288747136819093,0.6371132137560546
LBN,Chronic respiratory diseases,2883.8088,39953.5341226058,1.0738283995403366,0.0712395187881919,UM,-0.4678020161695108,793.44,24871.56,,24.6196,16220.9302684,-1.0788283613009042,0.0856923662052662,14167.592478390638,0.0965756720210983,-0.5667033790490419,-1.9277749400712896,-0.2875550318698647
LBR,Chronic respiratory diseases,3091.3333333333335,27138.629416134376,1.1511031958079283,0.1407294705235315,L,-0.5072401214689258,28.6,743.24,,0.6732,4521.4085844,-1.2878847399390634,-1.6194259158885735,1595.545288408795,-1.5679944197404252,-0.0674657272164091,-1.16608350471377,0.7975579321751641
LKA,Chronic respiratory diseases,5911.5,305325.7683262862,0.7037549962515305,-0.3513107906944824,LM,-0.690422161567146,442.4,10503.36,106.5670474,7.6884000000000015,74974.4832076,-0.2543426108629983,0.1430651213228248,10999.968054238268,0.1337312544264902,-0.2877084895597593,0.2658963937583676,1.6884483423444288
LTU,Chronic respiratory diseases,134.6389111111111,23186.10584374473,0.0501347684473041,-2.992841088115322,LM,0.2701680426927716,521.2,14151.84,2906.158892,41.2456,21687.603698,1.2541591137972343,0.4322238071153193,31533.10830529218,0.7931189901808314,0.969866803397224,0.5020207387191984,-1.7611131036664214
LUX,Chronic respiratory diseases,67.60385714285715,6058.875924422464,0.025173285315749,-3.6815747856540697,H,0.8674798087515446,309.2,12400.72,4689.78792,27.3772,2757.048789200001,1.411644006868198,0.948578603173346,129290.29825284838,1.0811986057639649,1.1709918100819778,1.0656724008837637,0.6371132137560546
LVA,Chronic respiratory diseases,44.0497,12619.060300478626,0.0164025502839272,-4.109708975599971,LM,-0.1041619792970423,209.6,6386.2,1829.198268,31.3912,13563.396933200002,1.1296947912680313,0.5056609336657943,27594.885351783112,0.7148445632468075,0.9765502464323438,0.6162744540228264,-1.1066675416937388
MAR,Chronic respiratory diseases,163.3766,249541.8775402133,0.0237976279900466,-3.737749245871599,LM,-0.0600153976816673,625.52,9553.64,870.8234672000002,6.5986,26635.4212752,-1.511975471024861,-0.1460935644696705,7496.17141389544,-0.6170592140451139,-1.214531066732234,0.0678566205654127,-0.3002217201661107
MCO,Chronic respiratory diseases,0.9576,450.0431369431275,0.000356576370597,-7.911303680181442,H,-0.8069646439759053,,,303.57021199999997,78.2864,641.2279255999999,1.640414410801008,1.0013615378815,,1.1641794064693385,1.1709918100819778,1.0656724008837637,0.6371132137560546
MDA,Chronic respiratory diseases,108.6104,33511.95024402572,0.0404426715132555,-3.207622592831415,L,-0.4348873047725504,57.52,1025.16,791.1779167999999,30.582399999999996,20742.6071924,1.3067507525185311,0.2601055417626437,10541.106021422418,0.1054930117983935,-0.0054495930068134,-0.4729442985384272,-0.8280003991763384
MDG,Chronic respiratory diseases,1090.4282333333333,322664.49187926005,0.122838121992351,-2.0968064671293463,L,-0.7500759406701825,57.36,1179.48,38.3749292,1.6177999999999997,7315.641778800001,-1.582183667795631,-2.1908585568594567,1642.483307567602,-1.508545487891799,-0.5452541897735428,-1.16608350471377,-1.752668644802258
MEX,Chronic respiratory diseases,20050.838666666667,797421.9579533524,0.9139692999249392,-0.0899473555689824,UM,-0.4004159239181893,3497.52,89418.84,303.6330748,21.1272,118420.111624,-0.4816462417038926,0.5010711132563898,20862.6077118635,0.1892169241518748,0.3029213600554353,0.3572993660012702,-0.4184441442644015
MKD,Chronic respiratory diseases,133.50539999999998,20776.268686479245,0.0497126890007383,-3.0012939309231643,LM,-0.4447812599070674,178.08,4548.32,682.2130980000001,27.465800000000005,9242.013092,-1.4247478821841577,-0.0956055399662188,17335.33891683372,0.2236477638475373,-0.1380304513546449,-0.8461731018636114,-0.7562224988309474
MLI,Chronic respiratory diseases,1854.5109333333332,166579.77530033016,0.4046638246999787,-0.9046739074723074,L,-0.4925217732812587,105.44,2811.88,33.941968599999996,1.0396,4003.253818400001,-1.3782146655675636,-1.7410561567377976,2679.265335748308,-2.0579526997261826,-0.2889519208221068,-1.265103391310248,-0.882889381793402
MMR,Chronic respiratory diseases,7737.851507692308,1196925.743729739,0.2349851615510805,-1.4481903541942756,L,-0.7407849064408301,75.2,1745.6,24.3904088,5.7177999999999995,45057.8505552,0.2543526959842814,-1.038813634098881,4160.257687868157,-1.2278969887897442,-1.4243600922534216,1.278946002783869,1.6377815891594465
MNE,Chronic respiratory diseases,203.008,2934.188671793067,0.075592998999755,-2.5822593272745276,UM,-0.0953800041900855,62.8,1202.52,691.0647623999998,22.7052,2472.6120060000003,-0.4364737873645732,0.1683091335745504,20214.682614526668,0.5511122967803843,-0.2446546821009674,-0.59481492819563,-1.4908904200131847
MOZ,Chronic respiratory diseases,4346.174237499999,182926.25536663935,0.8636113567768141,-0.1466208507065351,L,-0.441411211580922,132.04,5272.52,32.79408900000001,0.6626000000000001,20040.8482376,-1.140076444058883,-1.598771724046252,1300.3855616581347,-1.8850553895997628,-0.6008977387636056,-1.16608350471377,-1.0897786239654117
MWI,Chronic respiratory diseases,32138.462178947368,114802.3236064892,10.175638492897262,2.3199974632434137,L,-0.5072401214689258,332.88,9001.64,42.9861488,0.3731999999999999,17978.519106400003,-0.9663518487866488,-1.369280703576018,1500.3485355091457,-1.5744347206906932,-0.2205632013929792,-1.16608350471377,0.4893351836331908
MYS,Chronic respiratory diseases,3490.650847368421,201856.24032080808,0.628566869427566,-0.4642969522610686,UM,0.3205595102977949,2605.48,55587.32,1096.0548646,13.974800000000002,56728.86625879999,0.9490977587343962,0.7007283010654937,26017.720142413487,0.3222339091631748,-0.8323313824680858,-1.50122773627108,0.172667976227054
NAM,Chronic respiratory diseases,17896.0,25001.66610569872,6.663837435468628,1.896697010765233,LM,-0.4431584255864033,64.68,1245.32,168.65080719999995,4.247199999999999,5608.9638,-0.3877370729215434,-0.4077133278057371,10254.713643524048,-0.7473514563466852,0.3315202790894335,-2.415257458700104,-0.4311108325606471
NER,Chronic respiratory diseases,648.5,124320.02806632762,0.1896077727406921,-1.6627449554705358,L,-0.5072401214689258,34.96,660.08,19.779595,0.321,6958.332784000001,-1.6347626647580045,-2.0095606506879715,1463.401968659742,-2.3358764561185086,-0.1737791001471439,-1.16608350471377,-0.9968895764596114
NGA,Chronic respiratory diseases,4700.768477777778,1035273.5473464928,0.1650444787211037,-1.8014796855097237,L,-0.5965390932024645,2139.6,34309.04,30.4566354,3.4715999999999996,70528.5225,-0.960798900109685,-1.5551684301569078,7594.354887665404,-1.3435747020118616,-0.3508126261239092,-2.2553022572750243,0.8017801616072459
NIC,Chronic respiratory diseases,3004.586,33971.37943672668,1.118801557045426,0.1122670121505792,L,-0.7516200439326223,51.36,1387.76,,6.7478,5399.1255344,-1.0628404320668117,0.1178211090710991,6299.515574871409,-0.4238501855370798,-0.7317688791257092,0.288747136819093,-0.3804440793756651
NLD,Chronic respiratory diseases,18170.94818,241551.95292569505,2.7343511876062374,1.005897839161365,H,1.6760164894550469,16957.44,859167.12,4281.813516,31.9052,62550.2333876,1.5517671302296476,0.9715277052203698,62999.86555815831,1.2560775469520056,1.1470557582817829,1.012354000408737,1.8024485370106376
NOR,Chronic respiratory diseases,78772.58475238096,68961.3103527763,20.0,2.995732773553866,H,1.346422634431936,4862.76,209808.6,5739.830929999999,41.2756,20221.0005844,0.8433966781901925,1.0793884848413795,85207.42722944335,1.3868651970189827,1.2600525742476367,0.981886342994438,1.0213360920755006
NPL,Chronic respiratory diseases,843.1798200000001,649165.8589837974,0.0472119336895843,-3.0528967975155252,L,-0.5849687050789807,901.52,11567.88,59.65797,5.1694,8137.124040399999,-0.842358014740521,-1.4518974709453023,3508.52037662225,-1.082247105760611,-0.3497246237693546,-0.015929437323915,-0.3762218499435834
NZL,Chronic respiratory diseases,9028.746966666668,57708.11329645091,3.3619860321774233,1.2125348547886494,H,0.7569952581257706,3266.96,128033.0,4179.645111999999,28.086,11776.8108888,1.1486204745742885,1.2560965706034597,43747.40306150099,1.2322979742125555,1.2142010464485624,1.0352047434694611,2.2668937745396383
OMN,Chronic respiratory diseases,956.1365,13511.251433901289,0.356031414959653,-1.032708220740071,UM,-0.6160502907294005,324.8,6590.2,254.8387608,19.08,4783.3042396,0.2173835384083884,0.5171354846893061,40703.55778955031,0.4792781707966277,-1.5976633244431433,-0.6747925289081694,0.9537804211621912
PAK,Chronic respiratory diseases,18369.62145625,2167086.8245058064,0.3081138005449916,-1.1772536269473504,L,-0.5323366079765423,2507.96,50960.8,218.36298560000003,8.3796,102724.429004,-0.61746182271422,-1.0938914790117371,4604.534345725936,-1.3683450902821224,-0.741250042501111,0.2163864504601283,-1.1700009831749665
PAN,Chronic respiratory diseases,312.70020000000005,23490.486281047557,0.1164384945707715,-2.150306210423014,UM,-0.6140284156054884,76.24,4280.52,118.2820104,14.8664,7854.0216504,-0.7564787574548428,0.6731893786090654,25958.763735724344,0.3569124527415395,0.6501495400660523,0.2468541078744295,-0.0088878893524642
PER,Chronic respiratory diseases,4409.0479444444445,215212.43083144072,0.7446714853634434,-0.2947986884472409,LM,-0.6981916603943965,622.88,16100.88,,14.3462,48266.29250039999,-0.6962755389557354,0.1453600315275267,12528.092016874456,0.0827042545897528,0.7769795288255256,-0.6024318425492058,-0.6380000747326562
PHL,Chronic respiratory diseases,16934.737178947365,1040155.112348724,0.5917899816985812,-0.5245865699410347,LM,-0.6155235363528765,608.6,15265.12,115.4890196,8.777199999999999,99546.5422768,0.039412942133762,-0.0910157195568143,7275.56410305801,-0.306190841253341,-0.3525223441096372,0.517254567426349,0.2740014825970179
PNG,Chronic respiratory diseases,773.7777777777778,166308.0011855561,0.1691182067450068,-1.777098231872672,LM,-0.8153788655405375,49.68,1633.88,33.15884,0.5425999999999999,2306.65758,-1.3995141534759064,-2.1702043650171357,3770.9375784213335,-1.2950247410021507,-0.3334045884510399,0.0602397062118369,-0.5387776830787335
POL,Chronic respiratory diseases,7953.167521052633,389147.7181050221,0.7428701329997727,-0.2972205756778947,UM,0.3119632071327089,6545.88,171263.2,2251.738904,25.763999999999996,247467.471128,1.4163487598517872,0.6640097377902562,29884.23115253326,0.8156600435067692,0.9036540886772048,0.7762296554479063,-0.7562224988309474
PRI,Chronic respiratory diseases,964.0623125,46391.78413868881,0.3589827072061888,-1.024453204889083,UM,-0.2912377446624314,,,293.1154456,,,-0.7259081394261464,0.6146691683891559,41285.88234229262,0.3102202708520987,0.9021775140531676,0.2963640511726688,0.2866681708932631
PRT,Chronic respiratory diseases,1574.6964058823528,157745.87405378887,0.3628491276168204,-1.0137405982296923,H,0.7576933230784961,4251.6,127431.44,3690.75784,44.1928,36170.0584736,0.7436194726614643,1.0449648317708449,37093.18332037167,0.7200463447835633,1.2093827503069654,0.631508282729977,-1.208001048063703
PRY,Chronic respiratory diseases,5150.0,37082.963866351056,1.9176778493888824,0.6511202152439298,LM,-0.7439433810763073,61.48,1653.72,119.17626299999998,17.148000000000003,5292.8180728,0.0087721680868115,0.3473121295413333,13192.181127501142,-0.0763216381053215,0.0716431452587482,-0.7928547013885858,-0.4395552914248105
PSE,Chronic respiratory diseases,862.5,20179.34426523305,0.3211644941937691,-1.1357707079274797,LM,-0.4089788881986852,188.88,4298.48,364.2897808,15.2826,5693.440376799999,-0.2543426108629983,0.1499498519369312,5354.912957495792,-0.2261824871403991,-1.214531066732234,-0.0959070380364544,-1.5457794026302485
QAT,Chronic respiratory diseases,467.1843,5447.463593377852,0.1739629094548059,-1.74885568467746,H,-0.1760847243822053,762.52,20507.08,699.6647419999999,27.269,2408.958384,1.369961805366068,0.989886986857988,117119.99710764772,0.7299545000916665,-2.037060846775289,0.2392371935208548,1.371781134938292
ROU,Chronic respiratory diseases,1195.3808944444445,236795.8927637757,0.1834929576185757,-1.6955244938050007,LM,-0.2801164056690808,1687.2,36692.92,931.5613616,26.8992,142187.626808,0.4608248454821719,0.3771459622024635,27423.4610312035,0.4874523989258137,0.3750403732716061,0.1897272502226155,-1.414890290235712
RUS,Chronic respiratory diseases,20265.036127777777,1243087.7192785295,0.5925607238444677,-0.52328504795796,LM,0.5238738769881611,6103.04,95354.44,3038.264508,45.41480000000001,1224673.333888,0.0957556262539488,0.6043420724679949,32776.237809188046,0.5134613066095881,-1.1015342507663797,-0.0844816665060912,-1.31777901329783
RWA,Chronic respiratory diseases,1633.7762750000002,120440.33538973713,0.4930692112880919,-0.7070854458618485,L,0.0225057788146977,175.0,3518.68,35.758095000000004,0.71254,7801.1199232,-1.2878847399390634,-1.288958846411436,2101.280425014305,-1.447114924981552,-1.4361726892457254,-1.16608350471377,-1.7315574976418489
SAU,Chronic respiratory diseases,31797.91543636364,164720.9475458025,7.016767298772659,1.9483040383819668,UM,-0.3195537416096209,4051.96,88253.56,589.8781,22.165199999999995,63306.122842,1.087822954732511,0.8820262072369784,58198.93178177366,0.5981760344938795,-2.148347944755415,0.0678566205654127,-0.2326660492528014
SDN,Chronic respiratory diseases,558.0823333333333,257219.38370872912,0.0788645513807442,-2.539896645861255,L,-0.5384291609089094,243.48,4856.4,,2.8784000000000005,27173.1927936,-0.6309188242347716,-1.467961842378219,3739.5830431078225,-1.5043345218858548,-1.4787602099811368,0.2582794794047928,0.1346679113383176
SEN,Chronic respiratory diseases,2019.3916,85237.46310893196,0.7519500078761115,-0.2850721374622668,L,-0.2795214348056261,181.24,3415.92,435.4852584,1.1557000000000002,10467.9669544,-1.1288642282346195,-1.5046804056534564,3670.3894565647,-1.5296003179215203,0.447470244303365,-0.6405164143170818,-0.5408887977947744
SGP,Chronic respiratory diseases,4456.876920000001,23297.04057221345,1.6595833295022422,0.5065725901278392,H,1.8002535864272085,3571.44,149622.84,6402.609976000002,20.4104,12778.507642,1.640414410801008,1.2813405828551865,102904.17860234065,1.2278393043239095,-0.6695973160083207,0.943801771226561,-0.0975547074261829
SLB,Chronic respiratory diseases,26195.0,6544.18018865666,9.754091507716849,2.277687864012145,L,-0.5771758690325169,10.12,308.8,,1.8258,,-1.0628404320668117,-1.2568301035456035,2484.863991460149,-0.995550746814698,-0.0138427540276611,-0.4462850983009133,-0.5641110596712247
SLE,Chronic respiratory diseases,597.0,49885.426231779114,0.2223016846767306,-1.5036748967449929,L,-0.5072401214689258,58.96,1416.92,,0.5186,2249.7864,-1.5218206290689078,-1.8076085526741652,2628.7693181987156,-1.9489629913370357,-0.2586432838023796,-1.16608350471377,1.1480029750379557
SLV,Chronic respiratory diseases,440.0,46289.47368480173,0.1638404376176909,-1.808801232997481,LM,-0.7051789776985711,44.48,1186.48,64.6676792,18.7678,6746.7366368,-0.4238102430226781,0.624996264310316,9273.01392438114,-0.4461435349803141,-0.0618702865358437,-0.5262626990134538,-0.9884451175954476
SRB,Chronic respiratory diseases,426.2098,104261.42159186378,0.1485891317599007,-1.9065029895156769,UM,0.078537672786454,1172.16,24938.56,1709.916424,29.2386,39829.6700988,-0.9026283560717088,-0.0611818868956836,18124.0177351574,0.3217385013977691,-0.2903507809922484,0.1668765071618901,-1.6893352033210305
SVK,Chronic respiratory diseases,193.96921666666668,34241.94919264492,0.0722272757796076,-2.627799081276504,UM,0.0790428851144737,711.76,20155.96,2604.693996,33.9888,34136.6889316,1.0561154061859035,0.8017043500723969,30335.36358264918,0.7200463447835627,1.0267537836496354,1.1646922874802412,-0.9588895115708752
SVN,Chronic respiratory diseases,36.998464285714284,18913.80729283752,0.0137769194994407,-4.2840349986839374,H,1.5688212044735264,826.24,27272.8,3843.0390280000006,27.227199999999996,9423.0723276,0.4858611588299455,0.9302193215357276,39279.976435910976,1.0529603631358675,0.9916268504883106,0.905717199458686,0.160001287930808
SWE,Chronic respiratory diseases,25937.86806956522,119628.101844069,7.881126909195133,2.0644721712793856,H,3.5012809270090774,10995.76,518697.44,6472.473894,38.8488,24547.856226400003,1.473524592750634,0.8613720153946574,57211.250518340894,1.2753984498028084,1.3132092607130048,1.522687262098276,0.4513351187444545
TCD,Chronic respiratory diseases,909.7648,91767.45845492814,0.3387642340026615,-1.082421369855802,L,-0.470552217695238,17.68,333.2,56.72121,0.4519999999999999,5851.1818742000005,-1.5307956716876685,-2.4341190385579043,2498.7306037965186,-2.1840339760218104,-1.2120442042075383,-1.16608350471377,-0.7224446633742927
TGO,Chronic respiratory diseases,374.8043,49281.23236569733,0.1395638648477098,-1.9691613207386505,L,-0.626932102659619,46.28,612.76,34.797166399999995,0.57384,4291.0282384,-1.5715448481507583,-1.8948151404528544,2355.809945046898,-1.3804825805345506,-0.706900253878754,-1.16608350471377,-1.4191125196677938
THA,Chronic respiratory diseases,4121.738312,666693.1894503151,0.2247199617446719,-1.4928557675822045,LM,-0.0890658759016732,2742.76,67800.16,897.2197834,4.1786,146109.074908,-1.0712678786124514,0.67777919901847,17420.47860657954,0.1337312544264902,-0.8848663533022793,0.6924435975585773,0.886224750248882
TUN,Chronic respiratory diseases,984.8829333333334,81905.13497958302,0.3667355699989283,-1.003086941107859,LM,0.0009232107428812,844.36,14196.08,1474.0663639999998,11.498,20373.418867999997,0.4116063108887263,0.2968241050378812,11883.999462028434,-0.0837527545863996,-0.5494507702839665,-0.5719641851349045,-0.8322226286084204
TUR,Chronic respiratory diseases,10866.767742105263,878843.7755833408,0.449444385477414,-0.7997209085792184,UM,0.2945397931399904,9173.76,161346.6,1180.9438388,17.195600000000002,205899.00472800003,0.2173835384083884,0.4092747050682964,24132.177663504997,0.2788857296902191,-0.4148493361348195,-1.417441678381752,-1.495112649445267
TWN,Chronic respiratory diseases,73211.74321,199531.83056641187,13.336928308241989,2.590537502019751,H,0.164071915090892,7309.68,202897.52,,,,0.9879854174359308,0.9554633337874534,49027.62762815805,1.1454777633252913,0.9052083777551394,0.1744934215154649,-0.1271103134507558
TZA,Chronic respiratory diseases,30385.228804761904,369666.8033036138,2.9877160137836816,1.0945125675454237,L,-0.3009049953817357,574.24,14129.28,27.44056920000001,0.5366,34089.553026400004,-1.2874065621011082,-1.598771724046252,2943.8138350321356,-1.3787486533556326,-0.5241158583136302,0.7305281693264534,0.0628900109929266
UGA,Chronic respiratory diseases,14697.142227272729,265694.3476720085,2.010656292490167,0.6984661559417888,L,-0.5072401214689258,836.28,21372.24,30.2253728,1.1968,14749.42476,-1.2844238342586884,-1.3876399852136367,2351.4495322320777,-1.2984925953599873,-1.0811730638454349,-2.148665456324972,0.1177789936099899
UKR,Chronic respiratory diseases,2587.5142647058824,418684.0106894663,0.22463821151616,-1.4932196046988158,L,0.0263689861798188,1320.52,13619.72,1140.1403976,32.0196,359398.68044400006,1.3067507525185311,0.654830096971447,15902.135507178204,0.2677390549686009,-0.4111190423477763,-0.0235463516774898,-1.1193342299899844
URY,Chronic respiratory diseases,27.283733333333338,47395.71563849142,0.0101594972935857,-4.588362500469276,UM,-0.3238726658817929,296.0,10230.92,615.0790922,41.8794,6442.1798528,-0.4592438262531174,0.9210396807169186,25109.14942301282,0.4971128503512155,1.2160661933420849,0.4715530813048982,-0.5408887977947744
USA,Chronic respiratory diseases,657338.412508,5687936.767910096,4.200698461437666,1.435253192358915,H,2.8302856098528664,196098.56,8732175.16,3937.0878280000006,28.6468,934111.267824,1.531247288427929,1.1413510603683428,63579.52211583438,1.1916745374493285,1.1408386019700445,0.86763262769081,2.296449380564211
UZB,Chronic respiratory diseases,2521.3810000000003,149181.03313033955,0.6143447074783741,-0.487182818162919,L,-0.6105929717749546,93.32,757.28,548.7124468000001,25.948799999999995,145820.8233,0.7352887163765999,0.845307643961741,6771.372711363738,-0.2682921471998427,-1.5342483300634064,1.4465181185625238,0.3795572183990635
VEN,Chronic respiratory diseases,2090.3806222222224,171636.16838084432,0.4426941835404264,-0.8148534892312584,UM,-0.341527656895934,225.92,8078.48,205.77687919999997,17.6204,27298.575182399996,-0.9929102806348242,0.3817357826118681,,0.0571907546713842,-0.8264250839719341,-0.2825214396990471,-0.9588895115708752
VNM,Chronic respiratory diseases,15793.746616666664,951680.6628185252,0.6032275626409138,-0.5054441919445468,L,-0.4934521846142816,927.6,19423.76,525.8847767999999,7.8774,187418.696472,-0.514446394638925,0.0030755988359821,8760.437449736877,-0.1976965406295996,-1.6107193526977948,0.3268317085869689,-1.174223212607048
ZAF,Chronic respiratory diseases,42099.63049,628550.1766325728,2.4345886167866766,0.8897819038451144,UM,0.0291253425765472,4149.12,125429.28,404.9987222,7.338399999999999,123314.596444,0.1460837543893123,-0.0382327848486599,13658.44123280344,-0.2863745306371325,0.7082799515808104,-2.2553022572750243,-0.1271103134507558
ZMB,Chronic respiratory diseases,96922.92119285712,95339.02580867124,20.0,2.995732773553866,L,-0.5940702205720861,246.32,6149.96,41.90146,1.4438000000000002,26718.732488,-1.2878847399390634,-0.9814408789813224,3255.1775640080373,-1.212043940296777,-0.3951098648450484,-0.937576074106514,0.4006683655594721
ZWE,Chronic respiratory diseases,425.516525,106208.2197839409,0.1456282253038338,-1.9266296412487784,L,-0.5072401214689258,244.4,5941.76,95.1253,1.26488,25704.12307,-0.9015173122490596,-1.0938914790117371,4759.5101951403985,-1.2489518188194657,-1.1296668830769985,-0.6862179004385326,-0.6844445984855564
AFG,Digestive diseases,2070.6810666666665,245974.1856323598,1.0202230677574793,0.0200310989959834,L,-0.5977808384269677,64.9,1727.86,,2.4104,13906.3606524,-1.2536259804415315,-1.562053160771015,2426.9467970680007,-1.6626173029328206,-1.168834967840953,0.2163864504601283,-0.2073326726603103
AGO,Digestive diseases,242.0,318197.7495144476,0.0921700281289119,-2.384011786537815,L,-0.8144684575382685,24.12,437.72,35.450738799999996,1.5514,24281.724,-1.2878847399390634,-1.568937891385122,9754.451718302276,-1.174392950125981,-1.2330271067596574,-1.16608350471377,-0.3677773910794196
ARE,Digestive diseases,135.3807,29870.50469927214,0.1893497386189838,-1.6641066941164833,H,0.1920029761475444,1116.96,24179.72,2305.6505460000003,21.4316,11601.6235952,1.5859591123627317,0.739741774545433,75883.36711327448,0.799806995013803,-1.9344777676315972,-0.4500935554777018,0.6962244258052003
ARG,Digestive diseases,1192.311915,465689.056621196,0.3102882352052092,-1.170221394926479,UM,-0.1971266896177451,2264.52,74790.52,1070.2597744000002,44.25206,181393.79928400004,-0.1479497937403469,0.7764603378206705,25990.3505237228,0.6905695827419523,0.8295144996597187,0.3344486229405448,-0.4775553563135469
AUS,Digestive diseases,3813.3983181818185,168369.89266293842,2.74485364834626,1.00973140099416,H,1.686037901709881,22961.92,947877.52,4359.00251,33.058800000000005,85850.1701944,1.456383302363544,1.3180591461304236,54212.04883866928,1.2635086634330837,1.1629095068767166,0.669592854497853,2.2668937745396383
AUT,Digestive diseases,599.0545181818181,108547.7200516672,0.6688320867572846,-0.4022072904276944,H,2.655772449106955,5286.92,240017.96,4695.050182000001,48.396800000000006,63505.0815056,1.6309661067007597,0.8590771051899555,60268.85667814417,1.1438676880877248,1.1294922917011208,0.9514186855801358,1.3042254640249829
BEL,Digestive diseases,1652.6445285714285,133383.75862215343,1.50157820734504,0.4065233528663031,H,2.2618360855426443,7814.2,391540.56,4406.680888,31.26,65894.4112724,1.0201304133783438,1.1229917787307244,56940.3921111463,1.2300686392682318,1.2583428562619086,1.24847834536957,-0.013110118784546
BEN,Digestive diseases,3161.80075,134459.19259001222,2.8498070523529475,1.047254800063294,L,-0.5072401214689258,99.28,2101.76,,0.7802,4799.8084716,-1.4796755259063692,-1.9682522670033291,3038.469075736016,-1.505573041299367,0.05470139430926,-3.009376778278969,-1.0897786239654117
BFA,Digestive diseases,4185.5,226371.3323712221,2.2407704933552424,0.8068242397113238,L,-0.5476922417657978,159.56,3312.8,46.57809999999999,0.665,4295.738,-1.3435486109526469,-1.8580965771776168,2061.603181376113,-2.060182034670506,-0.1773539650263939,-0.9528099028136646,-1.0855563945333295
BGD,Digestive diseases,35921.046925,1771212.1993150404,2.4578187260311917,0.8992783285009265,L,-0.5977808384269677,1578.28,27412.72,,4.420799999999999,98716.98583,-1.0628404320668117,-1.4312432791029814,5113.32897934955,-0.8813592568887959,-0.8733646141255625,-0.2672876109918965,-1.2797789484090936
BGR,Digestive diseases,792.2739625,140088.0819815154,0.6854024492030674,-0.3777345062938774,LM,-0.0529334492358485,540.64,14482.68,1794.3050359999995,39.0588,51813.283158,0.3708480312202768,0.1866684152121687,22821.77151822954,0.4636728261863637,0.4064370126458878,0.3725331947084208,-1.5500016320623302
BHR,Digestive diseases,30.475,7248.88855432593,0.0426237512763158,-3.1551090559160997,UM,-0.7261588813181815,171.72,3694.36,384.09338,9.0324,2393.7282384,1.2791041336763491,0.6800741092231726,54743.29230787483,0.6903218788592502,-1.5793227133235133,0.2430456506976422,0.616002066595645
BHS,Digestive diseases,0.3605,4205.620063520341,0.0005042120536542,-7.572874821839355,H,-0.8138068089056336,36.96,823.12,,22.5584,1058.0563458,1.2020927093083464,0.8774363868275739,33575.55781679383,0.4698654232539282,0.8215876253622518,0.943801771226561,0.8017801616072459
BIH,Digestive diseases,28.438266666666667,44611.03457730393,0.0397750813824296,-3.224263276599128,LM,-0.6863384046578135,267.0,3933.32,278.01888440000005,19.2996,8156.2943572,-0.6615872221458549,-0.2654288951141922,13009.191373023836,0.096080264255694,-0.0009421546808029,0.0602397062118369,-0.9926673470275296
BLR,Digestive diseases,130.1397,167343.49655561312,0.0942480601024781,-2.36171893798182,LM,-0.0607532128429428,198.64,3022.28,1472.9208640000004,39.4592,100249.4446188,0.8904415654722012,0.624996264310316,22194.85517432224,0.4379116223852935,-1.3315690343007185,0.0602397062118369,-1.030667411916266
BOL,Digestive diseases,743.5,167329.67180102016,0.5384922674911249,-0.6189635716403811,LM,-0.6163180276179551,58.8,2683.08,100.5244707968,9.19619999988,12581.1942184,-0.2250687763546017,-0.5178690176314497,9949.461080913694,-0.2566500647128187,0.2946836279423804,-0.4196258980634005,-0.2453327375490466
BRA,Digestive diseases,10421.328269565218,2530806.700147241,0.4990402310861574,-0.695048524797535,UM,0.5891447452387177,13637.08,322292.68,714.2783391999999,20.265399999999996,489032.7424200001,-0.3604685310344718,0.8039992602770988,17255.480171781295,0.1272909534762228,0.9720428081063328,-0.0844816665060912,-0.4606664385852196
BWA,Digestive diseases,172.4692,22584.8798866589,0.2412234383470114,-1.421990190458328,UM,-0.2097087846620601,121.56,3325.96,173.69786240000005,3.6592,4949.3935444,0.1460837543893123,-0.5706519523396035,16066.874131336312,-0.3802543021814212,0.4232233346875828,-1.9734764261927416,-0.4015552265360742
CAN,Digestive diseases,7587.843154166666,323892.54193945864,2.8391533793678976,1.0435094240448963,H,1.489609040499211,29544.04,1275399.56,4570.958856,22.546620000000004,99529.369204,0.875489649203869,1.3731369910432796,54193.397774207595,1.2082706975904025,1.0116771795936688,0.9361848568729852,2.102226826688448
CHE,Digestive diseases,3800.695195238095,68304.96707170145,5.315828931219599,1.6706908415243338,H,2.83128423767282,11251.64,585294.32,4556.711074,40.1264,40273.9280124,1.5890091833903168,1.1229917787307244,75268.81661408668,1.322462187516304,1.262539436772333,0.9361848568729852,1.3760033643703735
CHL,Digestive diseases,569.1436235294118,231680.3935676046,0.2977172851425073,-1.2115773620111316,UM,-0.4130662354494351,1847.84,56678.32,427.5335204,18.3712,38510.5147576,1.0855542670616256,0.5905726112397812,25118.03849731798,0.6531662964538584,1.18093926018076,0.2963640511726688,0.316223776917836
CHN,Digestive diseases,47401.95497391304,10754065.767889325,0.5341891011896113,-0.626986660843051,LM,1.4510467220526826,70455.56,1591215.32,1135.717754,17.930799999999998,4576265.56984,-0.4306275453050752,0.5951624316491857,12907.16100572696,-0.0636887400874875,-1.873083349053176,1.4389012042089502,-1.7653353330985035
CIV,Digestive diseases,4676.444444444444,301392.99188960885,1.8804166476758344,0.6314986913479173,L,-0.7664348184326426,112.92,2443.28,63.99303,1.6373999999999995,8218.7208,-1.1558010247055155,-1.642375017935597,5070.246318122955,-1.4575184880550616,-0.449976269296144,-2.10296397020352,-1.246001112952439
CMR,Digestive diseases,123.0,297603.5948652272,0.0500885427006778,-2.9937633591251984,L,-0.5072401214689258,322.64,7905.04,,1.2016,62153.52664999999,-1.2878847399390634,-1.422063638284172,4525.251514428976,-1.2093191975870483,-1.0312803844437304,-2.64376488930736,-0.295999490734029
COD,Digestive diseases,2105.3333333333335,925362.004004443,0.2757278670707746,-1.28830462155988,L,-0.4953296767226226,140.12,2689.56,10.10515,1.2394,48492.72640000001,-1.2770076933611387,-1.7525307077613093,1285.819981235234,-1.6878830989684863,-1.0872347912493805,-1.16608350471377,-1.3642235370507303
COL,Digestive diseases,2213.4775785714287,359889.5739182981,0.7453792861860123,-0.2938486652814713,LM,-0.5575000287062973,1535.84,34683.2,70.2291404,18.6208,74993.781868,-1.260564016157332,0.6410606357432325,15052.503408239549,0.096080264255694,0.2129280224430147,-0.0768647521525165,0.088223387585417
CRI,Digestive diseases,195.93086,47267.94008281462,0.2740380063656984,-1.2944519822265674,UM,-0.3306758499618466,168.72,5317.68,325.1844104,21.7234,5792.390856399999,-1.0313112732057932,0.957758243992156,20060.82964907356,0.3494813362604607,1.2672023040061362,0.1364088497475889,0.3880016772632269
CUB,Digestive diseases,388.6666666666667,131508.60827196034,0.3581744244868861,-1.0267072730287712,LM,-0.2544546968411825,214.8,5593.84,2055.97578,74.8132,50246.253984,-0.4386190363850955,0.9692327950156672,,0.1949141134540343,-1.6295262505408048,-0.5110288703063032,-0.2453327375490466
CYP,Digestive diseases,277.45326666666665,9022.986496361364,0.3880590329516434,-0.9465720352062834,H,-0.2176931910684379,465.16,12374.08,1138.2687364,24.4508,2915.2800792,0.8165243500751518,0.4207492560918083,42427.20460720808,0.8961638053851175,0.9855651230843652,0.1135581066868635,0.4302239715840451
CZE,Digestive diseases,700.5147999999999,163199.73951683418,0.5201987589272986,-0.653525088494384,UM,1.1611697366947522,2464.28,83101.08,3115.7949599999997,38.12964,73756.44399880001,1.2863611701080897,0.9462836929686442,40335.77650259335,0.948181620752665,1.142082033232391,1.3551151463196212,-0.7013335162138837
DEU,Digestive diseases,15811.152969565215,1241970.1493620367,1.5428504817036672,0.4336381491397109,H,2.728296832832491,34293.0,1532108.0,4359.623428000001,39.07,677483.163832,1.515365013659394,1.1138121379119152,57073.37934866153,1.3090861778503635,1.228189648149975,1.4998365190375504,0.8735580619526369
DJI,Digestive diseases,3.5775,14261.234050250636,0.005003657758524,-5.295589538750765,LM,-0.4779870454117954,4.3,86.88,,1.9594,1233.7432944,-0.7466825101982618,-1.3968196260324464,5410.860171835282,-1.805790147134928,-1.2456168482909284,-2.415257458700104,-1.1446676065824752
DNK,Digestive diseases,8117.652240909091,71505.76053214807,11.353725678888829,2.4295468244783285,H,2.688188615952814,7153.56,338384.52,6645.832076,37.828,17918.6769232,1.518770655459118,0.8980905786698948,63245.14222976299,1.2768846730990249,1.3472481915197752,1.0732893152373375,1.0128916332113371
DOM,Digestive diseases,460.4111,116332.85028334384,0.4796394257007764,-0.734699805048666,LM,-0.6163180276179551,76.56,1606.92,23.9788592,15.9652,13655.559303199998,-0.1924475372210277,0.4207492560918083,16818.470743654518,-0.0089461820102115,0.2587795502420891,0.288747136819093,0.3120015474857542
DZA,Digestive diseases,100.0,213951.1550611359,0.0566443793120313,-2.8707859897822736,LM,-0.4470272749166086,207.72,4076.2,521.9864392000001,13.898400000000002,62365.351725199995,0.2919927298209828,0.2256818886921089,14364.642594725296,-0.0441201333539812,-0.998951171622688,0.5629560535478009,-1.0433341002125116
ECU,Digestive diseases,352.82054285714287,192237.16189313892,0.2224272413335389,-1.5031102785849435,LM,-0.465617549869982,328.24,6772.68,240.1625596,15.6632,22522.0236884,-0.2250687763546017,0.487301652028176,12441.051274374971,0.0782455847011063,0.2217874701872428,-0.983277560227966,-1.0180007236200206
EGY,Digestive diseases,1608.0575352941178,1618360.6870079783,0.1204197499833079,-2.1166886837452177,LM,-0.1462666824577513,5285.44,71870.08,621.9283252000001,6.3452,133970.47101199997,-0.6458053506197035,0.4850067418234732,13357.879306684385,-0.2197421861901304,-1.449850433131551,-0.5491134420741792,-1.030667411916266
ESP,Digestive diseases,5301.958977272728,511892.4540690985,1.255246714662826,0.2273401051817252,H,0.7212703352108207,17886.52,638478.0,2728.3601160000003,37.743199999999995,142394.354176,1.3191574531884838,0.8797312970322765,43711.9780393328,0.9521448828759064,1.1705255233585974,1.2256276023088415,-0.4944442740418742
EST,Digestive diseases,18.465246153846156,22600.860837467462,0.025826351413207,-3.6559728092165704,UM,0.9088682387994828,389.56,18838.48,3225.7261000000003,32.8172,6929.693693999999,1.3200029007099876,0.551559137759841,34147.59681739785,0.88303549960188,1.222438778561617,1.126607715712365,-1.0222229530521023
ETH,Digestive diseases,1621.3079125,1210858.7553621745,0.1622719569328876,-1.8184199817266584,L,-0.4948360047777304,1176.0,22007.16,52.3478988,0.5660000000000001,26162.863530400005,-1.6890782080036626,-2.3698615528262392,1821.9964066710625,-1.9155229671721832,-1.2364465427311138,0.3192147942333942,-0.6886668279176381
FIN,Digestive diseases,10385.3294,75101.01796649644,14.525404340220197,2.675899828335949,H,3.215384091565292,4334.96,206147.32,7524.242588000001,34.032000000000004,27518.692702,1.2316545120575315,1.0449648317708449,53891.28379728628,1.2513711731806567,1.1834261227054552,1.3017967458445934,0.4555573481765362
FRA,Digestive diseases,6792.09954,711648.2952368318,1.1566716373879278,0.1455552481935795,H,1.9322709532508728,21434.08,1005259.36,4058.14122,32.8628,422344.22919199994,1.2577313164408972,0.9003854888745976,50206.07391192202,1.0217496739153389,1.1953941486055528,1.3017967458445934,-0.5915555509797563
GAB,Digestive diseases,175.0,21944.994420376486,0.2447631328418465,-1.4074234858301438,UM,-0.1834849309493806,51.88,1594.76,,3.39772,3474.87075,0.1460837543893123,-0.9332477646825736,19483.622283180644,-0.1801095649577127,-0.8352845317161619,-1.9734764261927416,-0.7055557456459655
GBR,Digestive diseases,52540.64205833333,827169.2914107093,7.697902932884526,2.0409492444422432,H,1.7873119443352363,50955.64,2309909.96,4100.1239000000005,26.6688,191846.488844,1.5557859539332275,1.1138121379119152,48709.53277199082,1.1844911248509518,1.127160858084218,1.2027768592481172,1.8531152901956205
GEO,Digestive diseases,18.150325,70348.04939390166,0.0253858880519867,-3.673168005779933,L,-0.5943974545469862,150.76,4053.08,1033.0797744,49.87840000000001,15784.702178799998,-0.7122671795473384,0.193553145826276,13219.248340109913,0.3465088896680306,-0.0837857625347237,0.2582794794047928,-1.347334619322403
GHA,Digestive diseases,1346.6285875,357538.55484759726,0.4564533588374779,-0.7842468475848134,L,-0.4399609701012515,789.04,17859.36,54.02035479999999,1.2055999999999998,18842.2045884,-1.482073723356602,-1.3371519607101856,5281.493507040973,-1.00991757201145,0.5940397043526083,-0.937576074106514,0.3837794478311452
GMB,Digestive diseases,8503.333333333334,23019.56466767663,11.893157178658106,2.4759640485418046,L,-0.7940840376880294,100.12,4097.76,62.712215400000005,0.9686,2436.9764118,-0.6645454941030067,-1.0548780055317974,2685.014329065316,-1.5952418468377114,-0.8657485976436823,-1.16608350471377,1.059336156964237
GNB,Digestive diseases,7346.5,30440.245990224405,10.275156316700718,2.3297299467915136,L,-0.5072401214689258,20.92,718.84,,1.5402000000000005,1526.3769999999995,-1.3833148866787637,-1.5482836995428009,2281.855422997779,-1.647507366087962,-0.5252038606681847,-1.16608350471377,-0.5704444038193469
GRC,Digestive diseases,436.52730625,97196.08887938112,0.5442946728141642,-0.6082461285812878,H,0.2951881062187891,4336.72,150813.44,2715.1557740000003,56.946000000000005,48714.6293188,1.127178183699807,0.4230441662965101,34962.40147931398,0.9199433781245676,1.1296477206089144,0.4563192525977476,-1.8624466100363852
GTM,Digestive diseases,155.12716,256461.73657227244,0.0733055270888997,-2.6129828632056897,LM,-0.8004733066932486,99.44,2566.92,23.9059628,8.4648,8965.4912772,-0.4238102430226781,-0.4077133278057371,10493.190490144729,-0.6571872430429359,-0.0018747281275638,-0.5262626990134538,0.7131133435335272
GUM,Digestive diseases,0.691,1402.7641955142026,0.0009664647131069,-6.93157194439166,H,-0.5255624030807862,,,290.4553296,,,1.3025018884689163,1.2870778583669418,,1.2479033188228197,1.1885552766626395,0.8523987989836572,2.2668937745396383
HND,Digestive diseases,686.38745,144287.02171625948,0.5765188649575305,-0.5507298712159023,LM,-0.8047306822554082,47.52,1026.36,69.9383956,4.2728,5237.808084400001,-0.4238102430226781,-0.2562492542953826,5659.597256564474,-0.7763328106228904,-0.3759921091864512,-0.5262626990134538,0.1220012230420717
HRV,Digestive diseases,105.07881428571427,71307.24263578489,0.1469681130278743,-1.9174715942556024,UM,0.3697420586569883,1030.28,27929.72,1797.05422,30.722800000000003,24049.1890904,0.8242599381710966,0.4895965622328778,30424.392753499713,0.696019068161409,0.7939212797750141,0.9514186855801358,-1.3431123898903212
HTI,Digestive diseases,14221.31162,188163.61823995263,9.159577782957175,2.2148011758128545,L,-0.5771758690325169,45.92,956.52,,1.833,24589.3873284,-1.0628404320668117,-1.4909109444252424,3257.3885005278403,-1.2038697121675912,-0.7086099718644819,-0.4462850983009133,0.3753349889669817
HUN,Digestive diseases,1732.402725,245462.10057315452,0.8553342633575347,-0.1562512438842133,UM,0.6803707045015658,2102.56,78112.24,2685.499484,32.2488,71875.4526304,0.7481050872363765,0.7351519541360284,30921.08529583642,0.6828907623781721,0.4529102560761359,1.2637121740767174,-1.0686674768050024
IDN,Digestive diseases,1021.8021142857142,4654026.394307582,0.0266078272832704,-3.626174089058096,L,-0.6656954802255216,3763.72,23272.12,210.39034100799995,3.1054000000000004,225577.216428,-0.3561563550969788,-0.5224588380408542,10027.896402198325,-0.31758521985766,0.27851902153186,-0.4196258980634005,1.2662253991362464
IND,Digestive diseases,29160.283813636364,17640015.025796764,0.2003384243058046,-1.6076973066386488,L,0.0720960873777242,20999.84,361898.64,187.8770994,7.322399999999999,2253635.67836,-0.61746182271422,-0.6119603360242456,5997.703428215718,-0.7773236261537012,0.1022626400940626,-0.6633671573778073,-0.9968895764596114
IRL,Digestive diseases,553.2077058823529,33550.49239205244,0.7737420068800887,-0.2565038612806029,H,0.7307749947545085,3862.56,148567.64,4045.541872,34.0572,16883.00737,0.6240834065073566,0.7856399786394805,78796.19120554483,1.188206683091492,1.2448205412838769,1.0656724008837637,2.102226826688448
IRN,Digestive diseases,1878.0,414682.3006149498,0.5488473181219062,-0.5999167653822572,LM,-0.1557949356736106,7732.64,138160.44,1107.6320056,11.578600000000002,135331.79713999998,-0.2543426108629983,0.5836878806256739,15041.31246333119,0.2729408365053547,-1.5152860033126028,0.5477222248406503,0.1431123702024811
IRQ,Digestive diseases,152.25,171142.7845890025,0.107812760264422,-2.2272665086146124,LM,-0.8030624557611098,686.48,7819.12,257.05344,7.317,39542.690875199994,-0.4867073888031044,0.005370509040684,12618.200750284284,-0.4709139232505756,-0.8753851899268775,-0.2596706966383217,-0.3973329971039924
ISL,Digestive diseases,2040.3918166666665,2080.635217179367,2.853786818698285,1.0486503247538472,H,2.279052798450904,355.56,19543.32,6682.198872,38.19,1133.7224292,1.2446929142492145,1.2331474685564368,59846.93658326752,1.3556545077984543,1.1394397417999025,1.0656724008837637,1.2408920225437552
ISR,Digestive diseases,1315.65269,49990.85862408439,1.8401329950640155,0.6098432833099668,H,4.973907159605384,5799.44,244241.44,,35.7984,25646.0703424,1.2440864165759786,0.9325142317404296,39990.70193898606,0.9964838778796736,0.658542701086899,0.9285679425194104,0.4006683655594721
ITA,Digestive diseases,6628.251328,673972.9926326467,1.1918673733765826,0.1755296886671197,H,0.7472433779301987,27038.92,1044767.56,1939.442776,40.6904,211767.055088,0.8954470267798256,0.8728465664181693,49972.48038745556,0.995988470114268,1.086438484242328,1.24847834536957,0.1051123053137447
JOR,Digestive diseases,122.20476,36679.011221510635,0.1709212566044913,-1.76649381146729,LM,-0.1636011072739102,781.36,15669.68,369.9050768,23.2558,12540.478012,0.7812987562779177,0.5423794969410318,9665.93327239689,0.0128517596676184,-1.2883597979341332,0.0983242779797129,-1.195334359767457
JPN,Digestive diseases,36278.453075,1278354.8164156934,3.439290071976241,1.2352679832342304,H,3.232001217456847,32291.16,953951.56,5272.902023999999,22.9328,1709055.64024,1.5721622277790648,0.9554633337874534,42257.92967148511,1.1347026444277288,1.026598354741841,0.7000605119121542,-1.334667931026157
KAZ,Digestive diseases,93.5384,347062.5657688922,0.0326628157885108,-3.4212118682705026,LM,-0.6258432033983137,310.16,6497.16,535.2867768,36.1964,113626.77276320002,-0.2543426108629983,0.9095651296934067,27333.243732460403,0.3777195788885594,-1.2653563195806996,0.0602397062118369,-1.0180007236200206
KEN,Digestive diseases,21674.933288235297,578751.5842054199,4.5387580734095705,1.5126556257620705,L,-0.2059053308362432,958.72,28060.28,148.20428219999997,1.6988,59290.953204,-0.8837322135441875,-1.0617627361459043,4610.232110620364,-0.9873765186855128,-0.3242342828912252,-1.0670636181172928,1.22822533424751
KHM,Digestive diseases,267.2076666666667,390115.40882483,0.0830093987067266,-2.4886809791355016,L,-0.7358589580161591,118.96,3149.44,25.740740800000005,1.9989999999999997,10587.494602,-0.8422434767823592,-1.0525830953270952,4524.759432725333,-1.1194026881660022,-1.150183498905737,0.3344486229405448,-1.495112649445267
KOR,Digestive diseases,12885.987875,271153.9931409406,5.7593460211655385,1.7508256665765207,UM,3.817072996717791,15668.2,409587.4,6080.884064,20.5616,475607.754164,1.4261136430282402,1.0633241134084632,41569.26564396438,1.04181368841425,0.8637088593742831,1.019970914762314,-0.3466662439190105
KWT,Digestive diseases,21.92535,12784.82379791024,0.0306658134551656,-3.4842807702309653,H,-0.6838885095463556,371.24,8648.56,241.3141644,21.208,7519.4662628,1.640414410801008,0.960053154196858,58962.60401646187,0.5627543792674076,-1.0323683867982845,0.2392371935208548,0.8017801616072459
LAO,Digestive diseases,3337.6,92462.99761989684,4.374594227160461,1.475816053354288,L,-0.8083007638890943,45.76,1306.44,15.628840000000002,3.2056000000000004,8415.247565200001,-0.1978663155550326,-0.875875009565015,5919.878821376147,-1.0081836448325314,-1.815574653169591,0.288747136819093,0.6371132137560546
LBN,Digestive diseases,68.4821125,31667.670332211183,0.095782265137873,-2.3455733369531195,UM,-0.4678020161695108,793.44,24871.56,,24.6196,16220.9302684,-1.0788283613009042,0.0856923662052662,14167.592478390638,0.0965756720210983,-0.5667033790490419,-1.9277749400712896,-0.2875550318698647
LKA,Digestive diseases,60.0,188101.96214283328,0.0386571099316688,-3.252765912859533,LM,-0.690422161567146,442.4,10503.36,106.5670474,7.6884000000000015,74974.4832076,-0.2543426108629983,0.1430651213228248,10999.968054238268,0.1337312544264902,-0.2877084895597593,0.2658963937583676,1.6884483423444288
LTU,Digestive diseases,107.78012,70803.92548463272,0.1507462847386866,-1.8920907544349717,LM,0.2701680426927716,521.2,14151.84,2906.158892,41.2456,21687.603698,1.2541591137972343,0.4322238071153193,31533.10830529218,0.7931189901808314,0.969866803397224,0.5020207387191984,-1.7611131036664214
LUX,Digestive diseases,50.55198,5807.320075059918,0.0707043485494764,-2.649106776890701,H,0.8674798087515446,309.2,12400.72,4689.78792,27.3772,2757.048789200001,1.411644006868198,0.948578603173346,129290.29825284838,1.0811986057639649,1.1709918100819778,1.0656724008837637,0.6371132137560546
LVA,Digestive diseases,74.00516875,38078.51129821887,0.1035070682842258,-2.268018768914327,LM,-0.1041619792970423,209.6,6386.2,1829.198268,31.3912,13563.396933200002,1.1296947912680313,0.5056609336657943,27594.885351783112,0.7148445632468075,0.9765502464323438,0.6162744540228264,-1.1066675416937388
MAR,Digestive diseases,12.1853,250789.55032280617,0.0058884127846626,-5.133071983811423,LM,-0.0600153976816673,625.52,9553.64,870.8234672000002,6.5986,26635.4212752,-1.511975471024861,-0.1460935644696705,7496.17141389544,-0.6170592140451139,-1.214531066732234,0.0678566205654127,-0.3002217201661107
MDA,Digestive diseases,7.368111111111111,143145.40787410343,0.0062380694251604,-5.075482754925104,L,-0.4348873047725504,57.52,1025.16,791.1779167999999,30.582399999999996,20742.6071924,1.3067507525185311,0.2601055417626437,10541.106021422418,0.1054930117983935,-0.0054495930068134,-0.4729442985384272,-0.8280003991763384
MEX,Digestive diseases,7165.748222727273,2034614.3663634823,0.4268260286968592,-0.8513553472390566,UM,-0.4004159239181893,3497.52,89418.84,303.6330748,21.1272,118420.111624,-0.4816462417038926,0.5010711132563898,20862.6077118635,0.1892169241518748,0.3029213600554353,0.3572993660012702,-0.4184441442644015
MKD,Digestive diseases,35.4544875,20706.727867118258,0.0495882939074404,-3.003798842870256,LM,-0.4447812599070674,178.08,4548.32,682.2130980000001,27.465800000000005,9242.013092,-1.4247478821841577,-0.0956055399662188,17335.33891683372,0.2236477638475373,-0.1380304513546449,-0.8461731018636114,-0.7562224988309474
MLI,Digestive diseases,882.9310285714286,243187.64791784965,0.4400041015557815,-0.8209485035929756,L,-0.4925217732812587,105.44,2811.88,33.941968599999996,1.0396,4003.253818400001,-1.3782146655675636,-1.7410561567377976,2679.265335748308,-2.0579526997261826,-0.2889519208221068,-1.265103391310248,-0.882889381793402
MLT,Digestive diseases,0.4603,3411.257019093141,0.0006437969716977,-7.332713695532971,H,-0.1520181529554655,153.92,4448.92,1590.6303136,35.9156,2372.1001244,0.2546725489378728,0.8292432725288245,43690.113072275446,0.8800630530094478,0.8399282364818814,-0.4043920693562499,1.2957810051608192
MMR,Digestive diseases,30.0,1087361.4075987502,0.0033436344982005,-5.697710596414806,L,-0.7407849064408301,75.2,1745.6,24.3904088,5.7177999999999995,45057.8505552,0.2543526959842814,-1.038813634098881,4160.257687868157,-1.2278969887897442,-1.4243600922534216,1.278946002783869,1.6377815891594465
MNE,Digestive diseases,100.0,6257.265839355127,0.139864647338198,-1.967008633617226,UM,-0.0953800041900855,62.8,1202.52,691.0647623999998,22.7052,2472.6120060000003,-0.4364737873645732,0.1683091335745504,20214.682614526668,0.5511122967803843,-0.2446546821009674,-0.59481492819563,-1.4908904200131847
MOZ,Digestive diseases,811.98025,285149.5208308221,0.3450994582879139,-1.063893641870637,L,-0.441411211580922,132.04,5272.52,32.79408900000001,0.6626000000000001,20040.8482376,-1.140076444058883,-1.598771724046252,1300.3855616581347,-1.8850553895997628,-0.6008977387636056,-1.16608350471377,-1.0897786239654117
MRT,Digestive diseases,17.48,36628.04733312186,0.024448340354717,-3.710784002426715,L,-0.842806509439879,,,,1.65,1205.464,-1.2878847399390634,-1.9361235241374963,5810.14361105773,-1.229878619851365,-0.7378306065296548,-1.16608350471377,-0.6000000098439198
MWI,Digestive diseases,924.8636933333332,247457.20502207393,0.4529487708248544,-0.7919541712727629,L,-0.5072401214689258,332.88,9001.64,42.9861488,0.3731999999999999,17978.519106400003,-0.9663518487866488,-1.369280703576018,1500.3485355091457,-1.5744347206906932,-0.2205632013929792,-1.16608350471377,0.4893351836331908
MYS,Digestive diseases,1301.375266666667,254514.8533779031,0.6196705741418727,-0.4785511367026453,UM,0.3205595102977949,2605.48,55587.32,1096.0548646,13.974800000000002,56728.86625879999,0.9490977587343962,0.7007283010654937,26017.720142413487,0.3222339091631748,-0.8323313824680858,-1.50122773627108,0.172667976227054
NER,Digestive diseases,4048.75,251651.1842787045,1.9498151488084476,0.6677397012775856,L,-0.5072401214689258,34.96,660.08,19.779595,0.321,6958.332784000001,-1.6347626647580045,-2.0095606506879715,1463.401968659742,-2.3358764561185086,-0.1737791001471439,-1.16608350471377,-0.9968895764596114
NGA,Digestive diseases,1326.989028571429,2193194.8259881167,0.0733266049215291,-2.612695409726689,L,-0.5965390932024645,2139.6,34309.04,30.4566354,3.4715999999999996,70528.5225,-0.960798900109685,-1.5551684301569078,7594.354887665404,-1.3435747020118616,-0.3508126261239092,-2.2553022572750243,0.8017801616072459
NIC,Digestive diseases,675.5732499999999,65610.84396376113,0.9448881436237028,-0.056678141822746,L,-0.7516200439326223,51.36,1387.76,,6.7478,5399.1255344,-1.0628404320668117,0.1178211090710991,6299.515574871409,-0.4238501855370798,-0.7317688791257092,0.288747136819093,-0.3804440793756651
NLD,Digestive diseases,38456.60532608696,148209.57675183954,20.0,2.995732773553866,H,1.6760164894550469,16957.44,859167.12,4281.813516,31.9052,62550.2333876,1.5517671302296476,0.9715277052203698,62999.86555815831,1.2560775469520056,1.1470557582817829,1.012354000408737,1.8024485370106376
NOR,Digestive diseases,4214.9401727272725,37180.247668109325,5.895211208101035,1.7741420579843732,H,1.346422634431936,4862.76,209808.6,5739.830929999999,41.2756,20221.0005844,0.8433966781901925,1.0793884848413795,85207.42722944335,1.3868651970189827,1.2600525742476367,0.981886342994438,1.0213360920755006
NPL,Digestive diseases,4777.3871714285715,400023.1651867328,1.4473606293916927,0.3697485512664544,L,-0.5849687050789807,901.52,11567.88,59.65797,5.1694,8137.124040399999,-0.842358014740521,-1.4518974709453023,3508.52037662225,-1.082247105760611,-0.3497246237693546,-0.015929437323915,-0.3762218499435834
NZL,Digestive diseases,526.1926736842105,28750.85357894084,0.7359575273678561,-0.3065692816507039,H,0.7569952581257706,3266.96,128033.0,4179.645111999999,28.086,11776.8108888,1.1486204745742885,1.2560965706034597,43747.40306150099,1.2322979742125555,1.2142010464485624,1.0352047434694611,2.2668937745396383
PAK,Digestive diseases,1319.3178999999998,2379049.2573376135,0.0672074594314194,-2.6998222522310256,L,-0.5323366079765423,2507.96,50960.8,218.36298560000003,8.3796,102724.429004,-0.61746182271422,-1.0938914790117371,4604.534345725936,-1.3683450902821224,-0.741250042501111,0.2163864504601283,-1.1700009831749665
PAN,Digestive diseases,400.9878,29204.96105089834,0.5608401723391988,-0.578301481608793,UM,-0.6140284156054884,76.24,4280.52,118.2820104,14.8664,7854.0216504,-0.7564787574548428,0.6731893786090654,25958.763735724344,0.3569124527415395,0.6501495400660523,0.2468541078744295,-0.0088878893524642
PER,Digestive diseases,748.9005950000001,387011.3055240485,0.2345157318161749,-1.450189966556379,LM,-0.6981916603943965,622.88,16100.88,,14.3462,48266.29250039999,-0.6962755389557354,0.1453600315275267,12528.092016874456,0.0827042545897528,0.7769795288255256,-0.6024318425492058,-0.6380000747326562
PHL,Digestive diseases,5469.5202538461535,947575.1704471152,0.6995310889109159,-0.3573307462001558,LM,-0.6155235363528765,608.6,15265.12,115.4890196,8.777199999999999,99546.5422768,0.039412942133762,-0.0910157195568143,7275.56410305801,-0.306190841253341,-0.3525223441096372,0.517254567426349,0.2740014825970179
POL,Digestive diseases,5227.19751,646680.2277443908,0.979604531511046,-0.0205961198869072,UM,0.3119632071327089,6545.88,171263.2,2251.738904,25.763999999999996,247467.471128,1.4163487598517872,0.6640097377902562,29884.23115253326,0.8156600435067692,0.9036540886772048,0.7762296554479063,-0.7562224988309474
PRI,Digestive diseases,100.74065333333334,46460.34071463326,0.1409005595108633,-1.959629919586368,UM,-0.2912377446624314,,,293.1154456,,,-0.7259081394261464,0.6146691683891559,41285.88234229262,0.3102202708520987,0.9021775140531676,0.2963640511726688,0.2866681708932631
PRT,Digestive diseases,598.830325,133578.96780872374,0.5432968156694462,-0.6100810805568234,H,0.7576933230784961,4251.6,127431.44,3690.75784,44.1928,36170.0584736,0.7436194726614643,1.0449648317708449,37093.18332037167,0.7200463447835633,1.2093827503069654,0.631508282729977,-1.208001048063703
QAT,Digestive diseases,95.33333333333331,8959.059633848161,0.1333376304624154,-2.0147957978227105,H,-0.1760847243822053,762.52,20507.08,699.6647419999999,27.269,2408.958384,1.369961805366068,0.989886986857988,117119.99710764772,0.7299545000916665,-2.037060846775289,0.2392371935208548,1.371781134938292
ROU,Digestive diseases,1175.3923588235295,492584.53144182,0.2891835276341633,-1.2406591691894513,LM,-0.2801164056690808,1687.2,36692.92,931.5613616,26.8992,142187.626808,0.4608248454821719,0.3771459622024635,27423.4610312035,0.4874523989258137,0.3750403732716061,0.1897272502226155,-1.414890290235712
RUS,Digestive diseases,4105.377536842106,3506694.9501280184,0.1418817614363019,-1.952690755442415,LM,0.5238738769881611,6103.04,95354.44,3038.264508,45.41480000000001,1224673.333888,0.0957556262539488,0.6043420724679949,32776.237809188046,0.5134613066095881,-1.1015342507663797,-0.0844816665060912,-1.31777901329783
RWA,Digestive diseases,5456.26835,155003.4980006812,4.266047436553729,1.450690083754521,L,0.0225057788146977,175.0,3518.68,35.758095000000004,0.71254,7801.1199232,-1.2878847399390634,-1.288958846411436,2101.280425014305,-1.447114924981552,-1.4361726892457254,-1.16608350471377,-1.7315574976418489
SAU,Digestive diseases,366.9454375,221270.62105372,0.2009783123847467,-1.604508519953252,UM,-0.3195537416096209,4051.96,88253.56,589.8781,22.165199999999995,63306.122842,1.087822954732511,0.8820262072369784,58198.93178177366,0.5981760344938795,-2.148347944755415,0.0678566205654127,-0.2326660492528014
SDN,Digestive diseases,42.0,283677.19939802674,0.0179430520713117,-4.019995146673668,L,-0.5384291609089094,243.48,4856.4,,2.8784000000000005,27173.1927936,-0.6309188242347716,-1.467961842378219,3739.5830431078225,-1.5043345218858548,-1.4787602099811368,0.2582794794047928,0.1346679113383176
SEN,Digestive diseases,1543.6775,167396.99925133484,1.1175844831869302,0.1111785926446825,L,-0.2795214348056261,181.24,3415.92,435.4852584,1.1557000000000002,10467.9669544,-1.1288642282346195,-1.5046804056534564,3670.3894565647,-1.5296003179215203,0.447470244303365,-0.6405164143170818,-0.5408887977947744
SGP,Digestive diseases,656.6768333333333,20883.465915487664,0.918458737093313,-0.0850474118215081,H,1.8002535864272085,3571.44,149622.84,6402.609976000002,20.4104,12778.507642,1.640414410801008,1.2813405828551865,102904.17860234065,1.2278393043239095,-0.6695973160083207,0.943801771226561,-0.0975547074261829
SLE,Digestive diseases,752.3333333333334,96093.52751603312,0.9488282918447992,-0.0525168933692352,L,-0.5072401214689258,58.96,1416.92,,0.5186,2249.7864,-1.5218206290689078,-1.8076085526741652,2628.7693181987156,-1.9489629913370357,-0.2586432838023796,-1.16608350471377,1.1480029750379557
SLV,Digestive diseases,9.243,81512.50025527539,0.0129276893534696,-4.347610572046677,LM,-0.7051789776985711,44.48,1186.48,64.6676792,18.7678,6746.7366368,-0.4238102430226781,0.624996264310316,9273.01392438114,-0.4461435349803141,-0.0618702865358437,-0.5262626990134538,-0.9884451175954476
SOM,Digestive diseases,1430.0,250565.9892450365,0.6916483956104788,-0.3686630932104721,L,-0.5072401214689258,35.08,377.68,,0.3918,9774.58734,-1.4626103546763545,-2.4410037691720117,1179.2940396454433,-2.1067503646185965,-1.1630840982525947,-1.16608350471377,0.3837794478311452
SRB,Digestive diseases,208.652625,130758.48528804464,0.1933861776735287,-1.6430144599972951,UM,0.078537672786454,1172.16,24938.56,1709.916424,29.2386,39829.6700988,-0.9026283560717088,-0.0611818868956836,18124.0177351574,0.3217385013977691,-0.2903507809922484,0.1668765071618901,-1.6893352033210305
SVK,Digestive diseases,140.49775882352944,99078.3450163108,0.1718549756977501,-1.7610461354752562,UM,0.0790428851144737,711.76,20155.96,2604.693996,33.9888,34136.6889316,1.0561154061859035,0.8017043500723969,30335.36358264918,0.7200463447835627,1.0267537836496354,1.1646922874802412,-0.9588895115708752
SVN,Digestive diseases,63.909464285714286,33448.363571362446,0.0893867468389459,-2.4146709862908664,H,1.5688212044735264,826.24,27272.8,3843.0390280000006,27.227199999999996,9423.0723276,0.4858611588299455,0.9302193215357276,39279.976435910976,1.0529603631358675,0.9916268504883106,0.905717199458686,0.160001287930808
SWE,Digestive diseases,5536.386496,83188.46888549694,7.743447447910018,2.046848286557859,H,3.5012809270090774,10995.76,518697.44,6472.473894,38.8488,24547.856226400003,1.473524592750634,0.8613720153946574,57211.250518340894,1.2753984498028084,1.3132092607130048,1.522687262098276,0.4513351187444545
SYR,Digestive diseases,501.0,97998.569049083,0.6195686712635167,-0.4787155944284415,LM,-0.8144638413850175,151.84,2188.76,96.7019363996,14.2816,29217.336314799995,-0.2543426108629983,0.2853495540143702,6713.927078335845,-0.7689016941418123,-1.6607674610072929,-0.0959070380364544,0.0797789287212536
THA,Digestive diseases,2936.083568421053,994733.2203108416,0.3577117849310797,-1.0279997317730076,LM,-0.0890658759016732,2742.76,67800.16,897.2197834,4.1786,146109.074908,-1.0712678786124514,0.67777919901847,17420.47860657954,0.1337312544264902,-0.8848663533022793,0.6924435975585773,0.886224750248882
TUN,Digestive diseases,10.166466666666668,70454.25103367906,0.0142192927500887,-4.252452569444496,LM,0.0009232107428812,844.36,14196.08,1474.0663639999998,11.498,20373.418867999997,0.4116063108887263,0.2968241050378812,11883.999462028434,-0.0837527545863996,-0.5494507702839665,-0.5719641851349045,-0.8322226286084204
TUR,Digestive diseases,1940.751695,480631.7764096257,0.4893605455215529,-0.7146353146610193,UM,0.2945397931399904,9173.76,161346.6,1180.9438388,17.195600000000002,205899.00472800003,0.2173835384083884,0.4092747050682964,24132.177663504997,0.2788857296902191,-0.4148493361348195,-1.417441678381752,-1.495112649445267
TWN,Digestive diseases,26474.734333333337,324358.6266182218,9.891852131304349,2.2917124121686294,H,0.164071915090892,7309.68,202897.52,,,,0.9879854174359308,0.9554633337874534,49027.62762815805,1.1454777633252913,0.9052083777551394,0.1744934215154649,-0.1271103134507558
TZA,Digestive diseases,3760.278133333333,582570.5248821215,0.7822452222055808,-0.2455742205774096,L,-0.3009049953817357,574.24,14129.28,27.44056920000001,0.5366,34089.553026400004,-1.2874065621011082,-1.598771724046252,2943.8138350321356,-1.3787486533556326,-0.5241158583136302,0.7305281693264534,0.0628900109929266
UGA,Digestive diseases,3616.8265866666666,327331.36056783254,1.3390954320771469,0.2920018030245952,L,-0.5072401214689258,836.28,21372.24,30.2253728,1.1968,14749.42476,-1.2844238342586884,-1.3876399852136367,2351.4495322320777,-1.2984925953599873,-1.0811730638454349,-2.148665456324972,0.1177789936099899
UKR,Digestive diseases,1303.042625,1088681.6034814937,0.1450538285442316,-1.9305814365630056,L,0.0263689861798188,1320.52,13619.72,1140.1403976,32.0196,359398.68044400006,1.3067507525185311,0.654830096971447,15902.135507178204,0.2677390549686009,-0.4111190423477763,-0.0235463516774898,-1.1193342299899844
USA,Digestive diseases,174478.71838,3537104.5916018444,5.978139130717382,1.7881110101409805,H,2.8302856098528664,196098.56,8732175.16,3937.0878280000006,28.6468,934111.267824,1.531247288427929,1.1413510603683428,63579.52211583438,1.1916745374493285,1.1408386019700445,0.86763262769081,2.296449380564211
UZB,Digestive diseases,183.428,445660.4299474907,0.0498807544543553,-2.997919574867242,L,-0.6105929717749546,93.32,757.28,548.7124468000001,25.948799999999995,145820.8233,0.7352887163765999,0.845307643961741,6771.372711363738,-0.2682921471998427,-1.5342483300634064,1.4465181185625238,0.3795572183990635
VEN,Digestive diseases,1756.4203,268679.8757582877,0.7922545951903065,-0.2328598581253783,UM,-0.341527656895934,225.92,8078.48,205.77687919999997,17.6204,27298.575182399996,-0.9929102806348242,0.3817357826118681,,0.0571907546713842,-0.8264250839719341,-0.2825214396990471,-0.9588895115708752
VNM,Digestive diseases,795.2894777777778,972743.5474060216,0.0990828147660278,-2.311698345158476,L,-0.4934521846142816,927.6,19423.76,525.8847767999999,7.8774,187418.696472,-0.514446394638925,0.0030755988359821,8760.437449736877,-0.1976965406295996,-1.6107193526977948,0.3268317085869689,-1.174223212607048
ZAF,Digestive diseases,3653.7429157894735,592752.3877239145,0.7470267129091567,-0.291640947922922,UM,0.0291253425765472,4149.12,125429.28,404.9987222,7.338399999999999,123314.596444,0.1460837543893123,-0.0382327848486599,13658.44123280344,-0.2863745306371325,0.7082799515808104,-2.2553022572750243,-0.1271103134507558
ZMB,Digestive diseases,854.8548,221421.513850269,0.4678902514180576,-0.7595001437772242,L,-0.5940702205720861,246.32,6149.96,41.90146,1.4438000000000002,26718.732488,-1.2878847399390634,-0.9814408789813224,3255.1775640080373,-1.212043940296777,-0.3951098648450484,-0.937576074106514,0.4006683655594721
ZWE,Digestive diseases,980.7626333333334,170947.78300827957,0.695299466160605,-0.363398257471632,L,-0.5072401214689258,244.4,5941.76,95.1253,1.26488,25704.12307,-0.9015173122490596,-1.0938914790117371,4759.5101951403985,-1.2489518188194657,-1.1296668830769985,-0.6862179004385326,-0.6844445984855564
AFG,Mental disorders,2376.5,477331.6183523964,0.8755914763691828,-0.1328442272119832,L,-0.5977808384269677,64.9,1727.86,,2.4104,13906.3606524,-1.2536259804415315,-1.562053160771015,2426.9467970680007,-1.6626173029328206,-1.168834967840953,0.2163864504601283,-0.2073326726603103
ALB,Mental disorders,4.816,45977.430740239186,0.0065491510420214,-5.026894098726892,LM,-0.6855572489465708,94.2,1340.48,155.23569,13.945600000000002,8767.3661396,-0.4930546068402314,-0.2126459604060382,12849.222175247694,0.2380145890442885,-0.2151231896202075,-0.937576074106514,-1.0686674768050024
ARE,Mental disorders,122.8747,173595.26598028804,0.1244825575067081,-2.0835093439267993,H,0.1920029761475444,1116.96,24179.72,2305.6505460000003,21.4316,11601.6235952,1.5859591123627317,0.739741774545433,75883.36711327448,0.799806995013803,-1.9344777676315972,-0.4500935554777018,0.6962244258052003
ARG,Mental disorders,403.76590714285715,855872.3653335597,0.0829668403480151,-2.4891937420738226,UM,-0.1971266896177451,2264.52,74790.52,1070.2597744000002,44.25206,181393.79928400004,-0.1479497937403469,0.7764603378206705,25990.3505237228,0.6905695827419523,0.8295144996597187,0.3344486229405448,-0.4775553563135469
AUS,Mental disorders,27325.289172,637603.3776577574,7.536992220737499,2.019824519506042,H,1.686037901709881,22961.92,947877.52,4359.00251,33.058800000000005,85850.1701944,1.456383302363544,1.3180591461304236,54212.04883866928,1.2635086634330837,1.1629095068767166,0.669592854497853,2.2668937745396383
AUT,Mental disorders,602.3132777777778,190038.6220162963,0.5573968036255875,-0.5844599580066515,H,2.655772449106955,5286.92,240017.96,4695.050182000001,48.396800000000006,63505.0815056,1.6309661067007597,0.8590771051899555,60268.85667814417,1.1438676880877248,1.1294922917011208,0.9514186855801358,1.3042254640249829
BDI,Mental disorders,1974.0,158663.25628804605,2.188037165773534,0.7830094408966521,L,-0.6220351334192457,17.6,368.2,20.6824158,0.5528,8759.857224799998,-1.2878847399390634,-1.4450127403311952,1019.3543992426344,-2.0178246707283605,-1.2653563195806996,-1.16608350471377,-2.4408920422315954
BEL,Mental disorders,1222.5583842105264,246372.6931391667,0.872691903829098,-0.1361612432762364,H,2.2618360855426443,7814.2,391540.56,4406.680888,31.26,65894.4112724,1.0201304133783438,1.1229917787307244,56940.3921111463,1.2300686392682318,1.2583428562619086,1.24847834536957,-0.013110118784546
BFA,Mental disorders,57.6244,269304.97612976056,0.0376310163166985,-3.2796609636544902,L,-0.5476922417657978,159.56,3312.8,46.57809999999999,0.665,4295.738,-1.3435486109526469,-1.8580965771776168,2061.603181376113,-2.060182034670506,-0.1773539650263939,-0.9528099028136646,-1.0855563945333295
BGD,Mental disorders,1561.888888888889,2621496.942204578,0.1047815188361056,-2.255782437506369,L,-0.5977808384269677,1578.28,27412.72,,4.420799999999999,98716.98583,-1.0628404320668117,-1.4312432791029814,5113.32897934955,-0.8813592568887959,-0.8733646141255625,-0.2672876109918965,-1.2797789484090936
BGR,Mental disorders,68.3191375,129022.014007392,0.0929053884028514,-2.3760660020699045,LM,-0.0529334492358485,540.64,14482.68,1794.3050359999995,39.0588,51813.283158,0.3708480312202768,0.1866684152121687,22821.77151822954,0.4636728261863637,0.4064370126458878,0.3725331947084208,-1.5500016320623302
BIH,Mental disorders,87.60255,65226.30055823958,0.1191283911163283,-2.1274695110164035,LM,-0.6863384046578135,267.0,3933.32,278.01888440000005,19.2996,8156.2943572,-0.6615872221458549,-0.2654288951141922,13009.191373023836,0.096080264255694,-0.0009421546808029,0.0602397062118369,-0.9926673470275296
BLR,Mental disorders,101.82005,196290.34808488705,0.0912259238662937,-2.3943065574182003,LM,-0.0607532128429428,198.64,3022.28,1472.9208640000004,39.4592,100249.4446188,0.8904415654722012,0.624996264310316,22194.85517432224,0.4379116223852935,-1.3315690343007185,0.0602397062118369,-1.030667411916266
BMU,Mental disorders,0.344,1357.320402631009,0.0004677965030015,-7.646325642058048,H,-0.6027532048371063,17.08,435.76,,,,0.875489649203869,1.2572440257058115,101849.20174323895,1.199972617519866,1.0762578907818563,0.9019087422818975,2.1993381036263293
BOL,Mental disorders,118.4108,205411.7350387863,0.1013794600439628,-2.2887861375672585,LM,-0.6163180276179551,58.8,2683.08,100.5244707968,9.19619999988,12581.1942184,-0.2250687763546017,-0.5178690176314497,9949.461080913694,-0.2566500647128187,0.2946836279423804,-0.4196258980634005,-0.2453327375490466
BRA,Mental disorders,16838.429959999998,5158209.786585789,0.574098620291508,-0.5549366666077264,UM,0.5891447452387177,13637.08,322292.68,714.2783391999999,20.265399999999996,489032.7424200001,-0.3604685310344718,0.8039992602770988,17255.480171781295,0.1272909534762228,0.9720428081063328,-0.0844816665060912,-0.4606664385852196
BWA,Mental disorders,197.0,36648.586393077654,0.267895090381692,-1.3171225015606096,UM,-0.2097087846620601,121.56,3325.96,173.69786240000005,3.6592,4949.3935444,0.1460837543893123,-0.5706519523396035,16066.874131336312,-0.3802543021814212,0.4232233346875828,-1.9734764261927416,-0.4015552265360742
CAN,Mental disorders,7437.7556875,708511.867673519,1.846199755166805,0.6131347564765425,H,1.489609040499211,29544.04,1275399.56,4570.958856,22.546620000000004,99529.369204,0.875489649203869,1.3731369910432796,54193.397774207595,1.2082706975904025,1.0116771795936688,0.9361848568729852,2.102226826688448
CHE,Mental disorders,1387.533957894737,208387.72203503348,1.1709959765164568,0.157863188374082,H,2.83128423767282,11251.64,585294.32,4556.711074,40.1264,40273.9280124,1.5890091833903168,1.1229917787307244,75268.81661408668,1.322462187516304,1.262539436772333,0.9361848568729852,1.3760033643703735
CHL,Mental disorders,2340.1667,413801.17256348423,0.9945783187854113,-0.0054263774060889,UM,-0.4130662354494351,1847.84,56678.32,427.5335204,18.3712,38510.5147576,1.0855542670616256,0.5905726112397812,25118.03849731798,0.6531662964538584,1.18093926018076,0.2963640511726688,0.316223776917836
CHN,Mental disorders,28101.16843157895,21399396.625948414,0.2309440402161527,-1.4655365483587657,LM,1.4510467220526826,70455.56,1591215.32,1135.717754,17.930799999999998,4576265.56984,-0.4306275453050752,0.5951624316491857,12907.16100572696,-0.0636887400874875,-1.873083349053176,1.4389012042089502,-1.7653353330985035
CMR,Mental disorders,740.0,377456.40494605177,0.3447853704166796,-1.0648041671485184,L,-0.5072401214689258,322.64,7905.04,,1.2016,62153.52664999999,-1.2878847399390634,-1.422063638284172,4525.251514428976,-1.2093191975870483,-1.0312803844437304,-2.64376488930736,-0.295999490734029
COD,Mental disorders,913.7733333333334,1279246.9780105206,0.1256226612976136,-2.0743930165746933,L,-0.4953296767226226,140.12,2689.56,10.10515,1.2394,48492.72640000001,-1.2770076933611387,-1.7525307077613093,1285.819981235234,-1.6878830989684863,-1.0872347912493805,-1.16608350471377,-1.3642235370507303
COL,Mental disorders,1042.3780928571427,785512.9740363556,0.233375801441748,-1.455062394563032,LM,-0.5575000287062973,1535.84,34683.2,70.2291404,18.6208,74993.781868,-1.260564016157332,0.6410606357432325,15052.503408239549,0.096080264255694,0.2129280224430147,-0.0768647521525165,0.088223387585417
CRI,Mental disorders,13099.42055,85997.06144801472,17.813555594873314,2.8799602791096337,UM,-0.3306758499618466,168.72,5317.68,325.1844104,21.7234,5792.390856399999,-1.0313112732057932,0.957758243992156,20060.82964907356,0.3494813362604607,1.2672023040061362,0.1364088497475889,0.3880016772632269
CUB,Mental disorders,226.0,250000.1644805662,0.1589835001870362,-1.838891956924304,LM,-0.2544546968411825,214.8,5593.84,2055.97578,74.8132,50246.253984,-0.4386190363850955,0.9692327950156672,,0.1949141134540343,-1.6295262505408048,-0.5110288703063032,-0.2453327375490466
CYP,Mental disorders,323.3333333333333,26819.96597218992,0.4396924495266349,-0.8216570319065577,H,-0.2176931910684379,465.16,12374.08,1138.2687364,24.4508,2915.2800792,0.8165243500751518,0.4207492560918083,42427.20460720808,0.8961638053851175,0.9855651230843652,0.1135581066868635,0.4302239715840451
CZE,Mental disorders,176.20882666666665,188940.67027908773,0.1640159625754315,-1.807730555300611,UM,1.1611697366947522,2464.28,83101.08,3115.7949599999997,38.12964,73756.44399880001,1.2863611701080897,0.9462836929686442,40335.77650259335,0.948181620752665,1.142082033232391,1.3551151463196212,-0.7013335162138837
DEU,Mental disorders,23437.760290909093,1926934.31169517,2.1391099491325423,0.7603945057288157,H,2.728296832832491,34293.0,1532108.0,4359.623428000001,39.07,677483.163832,1.515365013659394,1.1138121379119152,57073.37934866153,1.3090861778503635,1.228189648149975,1.4998365190375504,0.8735580619526369
DNK,Mental disorders,5412.891633333334,127927.76059778326,7.360848189533694,1.996176527782136,H,2.688188615952814,7153.56,338384.52,6645.832076,37.828,17918.6769232,1.518770655459118,0.8980905786698948,63245.14222976299,1.2768846730990249,1.3472481915197752,1.0732893152373375,1.0128916332113371
DOM,Mental disorders,78.5846,198465.47753704316,0.0696364114884086,-2.664324102145242,LM,-0.6163180276179551,76.56,1606.92,23.9788592,15.9652,13655.559303199998,-0.1924475372210277,0.4207492560918083,16818.470743654518,-0.0089461820102115,0.2587795502420891,0.288747136819093,0.3120015474857542
DZA,Mental disorders,100.4634,800458.7758743938,0.0220725653362582,-3.8129668806147,LM,-0.4470272749166086,207.72,4076.2,521.9864392000001,13.898400000000002,62365.351725199995,0.2919927298209828,0.2256818886921089,14364.642594725296,-0.0441201333539812,-0.998951171622688,0.5629560535478009,-1.0433341002125116
ECU,Mental disorders,151.4255,305927.83078903536,0.0870490304868543,-2.44116887906915,LM,-0.465617549869982,328.24,6772.68,240.1625596,15.6632,22522.0236884,-0.2250687763546017,0.487301652028176,12441.051274374971,0.0782455847011063,0.2217874701872428,-0.983277560227966,-1.0180007236200206
EGY,Mental disorders,776.4617666666667,1717840.2007036123,0.0794915972247348,-2.531978166646502,LM,-0.1462666824577513,5285.44,71870.08,621.9283252000001,6.3452,133970.47101199997,-0.6458053506197035,0.4850067418234732,13357.879306684385,-0.2197421861901304,-1.449850433131551,-0.5491134420741792,-1.030667411916266
ESP,Mental disorders,10101.283576190475,1164504.5481821112,1.52552484034015,0.4223450635504006,H,0.7212703352108207,17886.52,638478.0,2728.3601160000003,37.743199999999995,142394.354176,1.3191574531884838,0.8797312970322765,43711.9780393328,0.9521448828759064,1.1705255233585974,1.2256276023088415,-0.4944442740418742
EST,Mental disorders,65.59480833333333,27268.848180424746,0.0892006452133406,-2.4167549055600057,UM,0.9088682387994828,389.56,18838.48,3225.7261000000003,32.8172,6929.693693999999,1.3200029007099876,0.551559137759841,34147.59681739785,0.88303549960188,1.222438778561617,1.126607715712365,-1.0222229530521023
ETH,Mental disorders,2769.3333333333335,1464414.2442802573,0.3325792870710741,-1.100846922390055,L,-0.4948360047777304,1176.0,22007.16,52.3478988,0.5660000000000001,26162.863530400005,-1.6890782080036626,-2.3698615528262392,1821.9964066710625,-1.9155229671721832,-1.2364465427311138,0.3192147942333942,-0.6886668279176381
FIN,Mental disorders,1608.4889095238093,120393.70720239102,2.1873415319534524,0.7826914658392915,H,3.215384091565292,4334.96,206147.32,7524.242588000001,34.032000000000004,27518.692702,1.2316545120575315,1.0449648317708449,53891.28379728628,1.2513711731806567,1.1834261227054552,1.3017967458445934,0.4555573481765362
FRA,Mental disorders,12758.184669565217,1618168.00223132,1.3865935778861531,0.3268572878533389,H,1.9322709532508728,21434.08,1005259.36,4058.14122,32.8628,422344.22919199994,1.2577313164408972,0.9003854888745976,50206.07391192202,1.0217496739153389,1.1953941486055528,1.3017967458445934,-0.5915555509797563
GAB,Mental disorders,6.2632,31105.961754971337,0.0085171600511604,-4.764498909472205,UM,-0.1834849309493806,51.88,1594.76,,3.39772,3474.87075,0.1460837543893123,-0.9332477646825736,19483.622283180644,-0.1801095649577127,-0.8352845317161619,-1.9734764261927416,-0.7055557456459655
GBR,Mental disorders,59880.723915999995,1520442.270995804,6.92629550135654,1.935326554357216,H,1.7873119443352363,50955.64,2309909.96,4100.1239000000005,26.6688,191846.488844,1.5557859539332275,1.1138121379119152,48709.53277199082,1.1844911248509518,1.127160858084218,1.2027768592481172,1.8531152901956205
GEO,Mental disorders,24.5473,68195.19133568808,0.0333812241224695,-3.3994621643487917,L,-0.5943974545469862,150.76,4053.08,1033.0797744,49.87840000000001,15784.702178799998,-0.7122671795473384,0.193553145826276,13219.248340109913,0.3465088896680306,-0.0837857625347237,0.2582794794047928,-1.347334619322403
GHA,Mental disorders,7797.6194,435001.4014755294,3.15250139087843,1.1481994021346065,L,-0.4399609701012515,789.04,17859.36,54.02035479999999,1.2055999999999998,18842.2045884,-1.482073723356602,-1.3371519607101856,5281.493507040973,-1.00991757201145,0.5940397043526083,-0.937576074106514,0.3837794478311452
GMB,Mental disorders,124.0,32877.369701729964,0.1686243208493898,-1.7800226903739111,L,-0.7940840376880294,100.12,4097.76,62.712215400000005,0.9686,2436.9764118,-0.6645454941030067,-1.0548780055317974,2685.014329065316,-1.5952418468377114,-0.8657485976436823,-1.16608350471377,1.059336156964237
GRC,Mental disorders,4855.1780125,305680.30066373805,2.793325945715619,1.0272365610458334,H,0.2951881062187891,4336.72,150813.44,2715.1557740000003,56.946000000000005,48714.6293188,1.127178183699807,0.4230441662965101,34962.40147931398,0.9199433781245676,1.1296477206089144,0.4563192525977476,-1.8624466100363852
GRL,Mental disorders,2877.0,1594.1115174830184,3.912356218416893,1.3641423619057906,H,-0.0512865083370962,19.4,659.16,680.0240208,,,-1.8661592011402857,1.2572440257058115,60403.040732769936,1.199972617519866,1.0762578907818563,0.9019087422818975,2.1993381036263293
GTM,Mental disorders,810.8686,248906.57876353676,0.5729253215603416,-0.5569824454965121,LM,-0.8004733066932486,99.44,2566.92,23.9059628,8.4648,8965.4912772,-0.4238102430226781,-0.4077133278057371,10493.190490144729,-0.6571872430429359,-0.0018747281275638,-0.5262626990134538,0.7131133435335272
HND,Mental disorders,60.37,140730.8271661774,0.0754424606476688,-2.5842524813422325,LM,-0.8047306822554082,47.52,1026.36,69.9383956,4.2728,5237.808084400001,-0.4238102430226781,-0.2562492542953826,5659.597256564474,-0.7763328106228904,-0.3759921091864512,-0.5262626990134538,0.1220012230420717
HRV,Mental disorders,551.8523153846154,80559.53761285306,0.7504493700878556,-0.2870697664988635,UM,0.3697420586569883,1030.28,27929.72,1797.05422,30.722800000000003,24049.1890904,0.8242599381710966,0.4895965622328778,30424.392753499713,0.696019068161409,0.7939212797750141,0.9514186855801358,-1.3431123898903212
HTI,Mental disorders,626.0,192164.6354644852,0.5729078543077636,-0.5570129332639631,L,-0.5771758690325169,45.92,956.52,,1.833,24589.3873284,-1.0628404320668117,-1.4909109444252424,3257.3885005278403,-1.2038697121675912,-0.7086099718644819,-0.4462850983009133,0.3753349889669817
HUN,Mental disorders,612.7151,178790.50794133547,0.6026956190727581,-0.5063263953695871,UM,0.6803707045015658,2102.56,78112.24,2685.499484,32.2488,71875.4526304,0.7481050872363765,0.7351519541360284,30921.08529583642,0.6828907623781721,0.4529102560761359,1.2637121740767174,-1.0686674768050024
IDN,Mental disorders,369.6666666666667,3541455.7949569956,0.0183574509152879,-3.997175152841019,L,-0.6656954802255216,3763.72,23272.12,210.39034100799995,3.1054000000000004,225577.216428,-0.3561563550969788,-0.5224588380408542,10027.896402198325,-0.31758521985766,0.27851902153186,-0.4196258980634005,1.2662253991362464
IND,Mental disorders,18573.99764210526,22525748.651539255,0.1450140432792098,-1.930855734588781,L,0.0720960873777242,20999.84,361898.64,187.8770994,7.322399999999999,2253635.67836,-0.61746182271422,-0.6119603360242456,5997.703428215718,-0.7773236261537012,0.1022626400940626,-0.6633671573778073,-0.9968895764596114
IRL,Mental disorders,461.038455,120237.84209184654,0.6269540029018307,-0.4668661516371511,H,0.7307749947545085,3862.56,148567.64,4045.541872,34.0572,16883.00737,0.6240834065073566,0.7856399786394805,78796.19120554483,1.188206683091492,1.2448205412838769,1.0656724008837637,2.102226826688448
IRN,Mental disorders,2513.61514,2118461.837186778,0.2086709763856796,-1.5669486219732611,LM,-0.1557949356736106,7732.64,138160.44,1107.6320056,11.578600000000002,135331.79713999998,-0.2543426108629983,0.5836878806256739,15041.31246333119,0.2729408365053547,-1.5152860033126028,0.5477222248406503,0.1431123702024811
IRQ,Mental disorders,498.1666666666667,670565.4344999492,0.130652405741242,-2.035138337514621,LM,-0.8030624557611098,686.48,7819.12,257.05344,7.317,39542.690875199994,-0.4867073888031044,0.005370509040684,12618.200750284284,-0.4709139232505756,-0.8753851899268775,-0.2596706966383217,-0.3973329971039924
ISL,Mental disorders,1177.911442857143,7025.569003474825,1.6018106215525054,0.4711408708116562,H,2.279052798450904,355.56,19543.32,6682.198872,38.19,1133.7224292,1.2446929142492145,1.2331474685564368,59846.93658326752,1.3556545077984543,1.1394397417999025,1.0656724008837637,1.2408920225437552
ISR,Mental disorders,1168.363122222222,176533.5803116908,1.163950257560093,0.1518282057367502,H,4.973907159605384,5799.44,244241.44,,35.7984,25646.0703424,1.2440864165759786,0.9325142317404296,39990.70193898606,0.9964838778796736,0.658542701086899,0.9285679425194104,0.4006683655594721
ITA,Mental disorders,3508.246295,1401398.5713893827,0.4402631273906074,-0.8203600005821757,H,0.7472433779301987,27038.92,1044767.56,1939.442776,40.6904,211767.055088,0.8954470267798256,0.8728465664181693,49972.48038745556,0.995988470114268,1.086438484242328,1.24847834536957,0.1051123053137447
JAM,Mental disorders,198.8,50536.83261830444,0.2703428627811186,-1.3080272740438532,LM,-0.7789225387882717,118.64,3659.12,,5.4326,4748.064388399999,0.2852990076084474,0.2945291948331793,10285.854351618776,-0.1511282106815095,0.7853726898463729,-0.5110288703063032,0.4386684304482085
JOR,Mental disorders,996.49705,178934.7498833802,0.979411583788818,-0.0207931021899338,LM,-0.1636011072739102,781.36,15669.68,369.9050768,23.2558,12540.478012,0.7812987562779177,0.5423794969410318,9665.93327239689,0.0128517596676184,-1.2883597979341332,0.0983242779797129,-1.195334359767457
JPN,Mental disorders,9770.663645454544,2188632.488087649,0.7851183552410408,-0.2419080647048105,H,3.232001217456847,32291.16,953951.56,5272.902023999999,22.9328,1709055.64024,1.5721622277790648,0.9554633337874534,42257.92967148511,1.1347026444277288,1.026598354741841,0.7000605119121542,-1.334667931026157
KAZ,Mental disorders,810.2843,263300.2917912704,0.5412152099206362,-0.6139198022466716,LM,-0.6258432033983137,310.16,6497.16,535.2867768,36.1964,113626.77276320002,-0.2543426108629983,0.9095651296934067,27333.243732460403,0.3777195788885594,-1.2653563195806996,0.0602397062118369,-1.0180007236200206
KEN,Mental disorders,5649.369958333333,700821.3213895411,1.4176747997869443,0.3490251183423781,L,-0.2059053308362432,958.72,28060.28,148.20428219999997,1.6988,59290.953204,-0.8837322135441875,-1.0617627361459043,4610.232110620364,-0.9873765186855128,-0.3242342828912252,-1.0670636181172928,1.22822533424751
KHM,Mental disorders,107.1238,225482.7364760122,0.0835519485358032,-2.482167023563702,L,-0.7358589580161591,118.96,3149.44,25.740740800000005,1.9989999999999997,10587.494602,-0.8422434767823592,-1.0525830953270952,4524.759432725333,-1.1194026881660022,-1.150183498905737,0.3344486229405448,-1.495112649445267
KOR,Mental disorders,2310.568305882353,385952.69094973034,1.0528552037953054,0.0515152133672523,UM,3.817072996717791,15668.2,409587.4,6080.884064,20.5616,475607.754164,1.4261136430282402,1.0633241134084632,41569.26564396438,1.04181368841425,0.8637088593742831,1.019970914762314,-0.3466662439190105
LBN,Mental disorders,1608.3734,118666.80382144214,2.1871844536066463,0.7826196511424557,UM,-0.4678020161695108,793.44,24871.56,,24.6196,16220.9302684,-1.0788283613009042,0.0856923662052662,14167.592478390638,0.0965756720210983,-0.5667033790490419,-1.9277749400712896,-0.2875550318698647
LBR,Mental disorders,257.5,69790.85061818596,0.3501674404735314,-1.049315280184442,L,-0.5072401214689258,28.6,743.24,,0.6732,4521.4085844,-1.2878847399390634,-1.6194259158885735,1595.545288408795,-1.5679944197404252,-0.0674657272164091,-1.16608350471377,0.7975579321751641
LKA,Mental disorders,805.0784285714286,326892.42749076826,0.4331289768018558,-0.8366966398862297,LM,-0.690422161567146,442.4,10503.36,106.5670474,7.6884000000000015,74974.4832076,-0.2543426108629983,0.1430651213228248,10999.968054238268,0.1337312544264902,-0.2877084895597593,0.2658963937583676,1.6884483423444288
LSO,Mental disorders,371.0,34747.756389967755,0.5045130889929327,-0.6841416741446631,L,-0.8014752684016613,24.64,516.4,17.112728,1.8528,2528.5819,-0.833959060508108,-1.0479932749176906,2572.4743171143664,-1.4245738716556144,0.0138235915595765,-1.16608350471377,-0.3931107676719107
LTU,Mental disorders,161.85150833333333,66644.58089307327,0.2200975860577234,-1.5136388246296653,LM,0.2701680426927716,521.2,14151.84,2906.158892,41.2456,21687.603698,1.2541591137972343,0.4322238071153193,31533.10830529218,0.7931189901808314,0.969866803397224,0.5020207387191984,-1.7611131036664214
LUX,Mental disorders,3.6999333333333335,12428.47725549291,0.0050314414961399,-5.290063226653372,H,0.8674798087515446,309.2,12400.72,4689.78792,27.3772,2757.048789200001,1.411644006868198,0.948578603173346,129290.29825284838,1.0811986057639649,1.1709918100819778,1.0656724008837637,0.6371132137560546
LVA,Mental disorders,10.833633333333331,42485.96167752292,0.0147323714771342,-4.217029517975047,LM,-0.1041619792970423,209.6,6386.2,1829.198268,31.3912,13563.396933200002,1.1296947912680313,0.5056609336657943,27594.885351783112,0.7148445632468075,0.9765502464323438,0.6162744540228264,-1.1066675416937388
MAR,Mental disorders,99.0108,782336.844031457,0.0222573110551735,-3.804635547922788,LM,-0.0600153976816673,625.52,9553.64,870.8234672000002,6.5986,26635.4212752,-1.511975471024861,-0.1460935644696705,7496.17141389544,-0.6170592140451139,-1.214531066732234,0.0678566205654127,-0.3002217201661107
MDA,Mental disorders,62.571425,73013.73209060305,0.0850892261709962,-2.463937336616934,L,-0.4348873047725504,57.52,1025.16,791.1779167999999,30.582399999999996,20742.6071924,1.3067507525185311,0.2601055417626437,10541.106021422418,0.1054930117983935,-0.0054495930068134,-0.4729442985384272,-0.8280003991763384
MDV,Mental disorders,0.9566,6282.06388527671,0.0013008550429397,-6.637075650153894,LM,-0.6258432033983137,,,,16.3596,1651.7447694,-0.2543426108629983,0.0122552396547912,18245.236581728695,-0.1469172446755638,-0.6018303122103668,0.2658963937583676,0.1431123702024811
MEX,Mental disorders,1810.74623125,2190443.066626472,0.1453816286663461,-1.9283242900495048,UM,-0.4004159239181893,3497.52,89418.84,303.6330748,21.1272,118420.111624,-0.4816462417038926,0.5010711132563898,20862.6077118635,0.1892169241518748,0.3029213600554353,0.3572993660012702,-0.4184441442644015
MKD,Mental disorders,105.88053333333332,35934.48412039916,0.1439841372943913,-1.937982693468336,LM,-0.4447812599070674,178.08,4548.32,682.2130980000001,27.465800000000005,9242.013092,-1.4247478821841577,-0.0956055399662188,17335.33891683372,0.2236477638475373,-0.1380304513546449,-0.8461731018636114,-0.7562224988309474
MMR,Mental disorders,35396.9683,707324.8498231794,8.800980532167003,2.174864275623229,L,-0.7407849064408301,75.2,1745.6,24.3904088,5.7177999999999995,45057.8505552,0.2543526959842814,-1.038813634098881,4160.257687868157,-1.2278969887897442,-1.4243600922534216,1.278946002783869,1.6377815891594465
MNE,Mental disorders,40.6016,11086.27393299397,0.0552130421403111,-2.8963749827206833,UM,-0.0953800041900855,62.8,1202.52,691.0647623999998,22.7052,2472.6120060000003,-0.4364737873645732,0.1683091335745504,20214.682614526668,0.5511122967803843,-0.2446546821009674,-0.59481492819563,-1.4908904200131847
MNG,Mental disorders,1080.0,45704.574967495006,1.4686634396559766,0.3843595713600394,L,-0.606735919280835,64.88,1420.4,370.69395800000007,31.70519999999999,21939.410153999997,0.0555595620579777,0.1338854805040156,11806.669179457976,-0.0914315749501805,0.3153556726789135,0.6848266832050036,0.2106680411157903
MOZ,Mental disorders,75.15646666666667,393170.6270786595,0.0336177929979835,-3.392402381372629,L,-0.441411211580922,132.04,5272.52,32.79408900000001,0.6626000000000001,20040.8482376,-1.140076444058883,-1.598771724046252,1300.3855616581347,-1.8850553895997628,-0.6008977387636056,-1.16608350471377,-1.0897786239654117
MWI,Mental disorders,2418.8006,236136.28104590837,1.8014460400989063,0.5885952490758675,L,-0.5072401214689258,332.88,9001.64,42.9861488,0.3731999999999999,17978.519106400003,-0.9663518487866488,-1.369280703576018,1500.3485355091457,-1.5744347206906932,-0.2205632013929792,-1.16608350471377,0.4893351836331908
MYS,Mental disorders,1076.03035625,509370.2714048389,0.3715137042980866,-0.990142609866399,UM,0.3205595102977949,2605.48,55587.32,1096.0548646,13.974800000000002,56728.86625879999,0.9490977587343962,0.7007283010654937,26017.720142413487,0.3222339091631748,-0.8323313824680858,-1.50122773627108,0.172667976227054
NAM,Mental disorders,165.7332,35110.46069524115,0.2253761959048073,-1.4899399219102218,LM,-0.4431584255864033,64.68,1245.32,168.65080719999995,4.247199999999999,5608.9638,-0.3877370729215434,-0.4077133278057371,10254.713643524048,-0.7473514563466852,0.3315202790894335,-2.415257458700104,-0.4311108325606471
NGA,Mental disorders,1033.5043714285714,2664682.197312561,0.068210433078128,-2.6850111537542665,L,-0.5965390932024645,2139.6,34309.04,30.4566354,3.4715999999999996,70528.5225,-0.960798900109685,-1.5551684301569078,7594.354887665404,-1.3435747020118616,-0.3508126261239092,-2.2553022572750243,0.8017801616072459
NLD,Mental disorders,17530.74941304348,425842.33764609846,7.239949787396947,1.979615652155259,H,1.6760164894550469,16957.44,859167.12,4281.813516,31.9052,62550.2333876,1.5517671302296476,0.9715277052203698,62999.86555815831,1.2560775469520056,1.1470557582817829,1.012354000408737,1.8024485370106376
NOR,Mental disorders,9551.744122727272,120675.76298793426,12.9891642388874,2.5641162596771108,H,1.346422634431936,4862.76,209808.6,5739.830929999999,41.2756,20221.0005844,0.8433966781901925,1.0793884848413795,85207.42722944335,1.3868651970189827,1.2600525742476367,0.981886342994438,1.0213360920755006
NPL,Mental disorders,1723.0,507086.81389773847,0.5975673624580101,-0.5148715266407122,L,-0.5849687050789807,901.52,11567.88,59.65797,5.1694,8137.124040399999,-0.842358014740521,-1.4518974709453023,3508.52037662225,-1.082247105760611,-0.3497246237693546,-0.015929437323915,-0.3762218499435834
NZL,Mental disorders,1809.980745,123342.0379546084,2.4613449506136917,0.9007119912459148,H,0.7569952581257706,3266.96,128033.0,4179.645111999999,28.086,11776.8108888,1.1486204745742885,1.2560965706034597,43747.40306150099,1.2322979742125555,1.2142010464485624,1.0352047434694611,2.2668937745396383
OMN,Mental disorders,275.3295,71898.07178574153,0.3744133060266298,-0.9823682873133384,UM,-0.6160502907294005,324.8,6590.2,254.8387608,19.08,4783.3042396,0.2173835384083884,0.5171354846893061,40703.55778955031,0.4792781707966277,-1.5976633244431433,-0.6747925289081694,0.9537804211621912
PAK,Mental disorders,2463.9161000000004,3037632.792775387,0.1426509119000423,-1.9472847100312505,L,-0.5323366079765423,2507.96,50960.8,218.36298560000003,8.3796,102724.429004,-0.61746182271422,-1.0938914790117371,4604.534345725936,-1.3683450902821224,-0.741250042501111,0.2163864504601283,-1.1700009831749665
PER,Mental disorders,803.7330076923076,570895.1776426364,0.2475935570802721,-1.395926372037926,LM,-0.6981916603943965,622.88,16100.88,,14.3462,48266.29250039999,-0.6962755389557354,0.1453600315275267,12528.092016874456,0.0827042545897528,0.7769795288255256,-0.6024318425492058,-0.6380000747326562
PHL,Mental disorders,355.58563076923076,1473011.1271151588,0.0424543391258482,-3.1590906346677285,LM,-0.6155235363528765,608.6,15265.12,115.4890196,8.777199999999999,99546.5422768,0.039412942133762,-0.0910157195568143,7275.56410305801,-0.306190841253341,-0.3525223441096372,0.517254567426349,0.2740014825970179
POL,Mental disorders,1169.3159133333334,604050.3760376472,0.3404415902578557,-1.0774823360173509,UM,0.3119632071327089,6545.88,171263.2,2251.738904,25.763999999999996,247467.471128,1.4163487598517872,0.6640097377902562,29884.23115253326,0.8156600435067692,0.9036540886772048,0.7762296554479063,-0.7562224988309474
PRI,Mental disorders,126.67544666666666,71083.3119099463,0.1722625900198369,-1.758677230982923,UM,-0.2912377446624314,,,293.1154456,,,-0.7259081394261464,0.6146691683891559,41285.88234229262,0.3102202708520987,0.9021775140531676,0.2963640511726688,0.2866681708932631
PRT,Mental disorders,2350.8485642857145,320152.91267408064,1.291371228092701,0.2557123650140585,H,0.7576933230784961,4251.6,127431.44,3690.75784,44.1928,36170.0584736,0.7436194726614643,1.0449648317708449,37093.18332037167,0.7200463447835633,1.2093827503069654,0.631508282729977,-1.208001048063703
PRY,Mental disorders,11.2794,131537.70994407698,0.0150806350831664,-4.19368092072838,LM,-0.7439433810763073,61.48,1653.72,119.17626299999998,17.148000000000003,5292.8180728,0.0087721680868115,0.3473121295413333,13192.181127501142,-0.0763216381053215,0.0716431452587482,-0.7928547013885858,-0.4395552914248105
PSE,Mental disorders,1627.8927,104021.78791420977,2.213728233493384,0.7946825949086332,LM,-0.4089788881986852,188.88,4298.48,364.2897808,15.2826,5693.440376799999,-0.2543426108629983,0.1499498519369312,5354.912957495792,-0.2261824871403991,-1.214531066732234,-0.0959070380364544,-1.5457794026302485
QAT,Mental disorders,146.0,46124.597687340814,0.1985415390646042,-1.616706569913367,H,-0.1760847243822053,762.52,20507.08,699.6647419999999,27.269,2408.958384,1.369961805366068,0.989886986857988,117119.99710764772,0.7299545000916665,-2.037060846775289,0.2392371935208548,1.371781134938292
ROU,Mental disorders,619.759825,348767.3432054445,0.3125154673197281,-1.1630693177031224,LM,-0.2801164056690808,1687.2,36692.92,931.5613616,26.8992,142187.626808,0.4608248454821719,0.3771459622024635,27423.4610312035,0.4874523989258137,0.3750403732716061,0.1897272502226155,-1.414890290235712
RUS,Mental disorders,2004.5517882352945,2624428.201864275,0.1343279832064085,-2.007396391862864,LM,0.5238738769881611,6103.04,95354.44,3038.264508,45.41480000000001,1224673.333888,0.0957556262539488,0.6043420724679949,32776.237809188046,0.5134613066095881,-1.1015342507663797,-0.0844816665060912,-1.31777901329783
RWA,Mental disorders,914.1666666666666,188691.80412328613,0.852032682945179,-0.1601186560541554,L,0.0225057788146977,175.0,3518.68,35.758095000000004,0.71254,7801.1199232,-1.2878847399390634,-1.288958846411436,2101.280425014305,-1.447114924981552,-1.4361726892457254,-1.16608350471377,-1.7315574976418489
SAU,Mental disorders,683.727975,656787.1503232721,0.1830807199491325,-1.6977735115509656,UM,-0.3195537416096209,4051.96,88253.56,589.8781,22.165199999999995,63306.122842,1.087822954732511,0.8820262072369784,58198.93178177366,0.5981760344938795,-2.148347944755415,0.0678566205654127,-0.2326660492528014
SDN,Mental disorders,188.0,701453.289629621,0.0471349447583116,-3.05452849180531,L,-0.5384291609089094,243.48,4856.4,,2.8784000000000005,27173.1927936,-0.6309188242347716,-1.467961842378219,3739.5830431078225,-1.5043345218858548,-1.4787602099811368,0.2582794794047928,0.1346679113383176
SGP,Mental disorders,670.9429473684211,89815.3684492285,0.9123975711990964,-0.0916684904924617,H,1.8002535864272085,3571.44,149622.84,6402.609976000002,20.4104,12778.507642,1.640414410801008,1.2813405828551865,102904.17860234065,1.2278393043239095,-0.6695973160083207,0.943801771226561,-0.0975547074261829
SLE,Mental disorders,1090.0,107004.01554363762,1.4822621752083465,0.3935761639983048,L,-0.5072401214689258,58.96,1416.92,,0.5186,2249.7864,-1.5218206290689078,-1.8076085526741652,2628.7693181987156,-1.9489629913370357,-0.2586432838023796,-1.16608350471377,1.1480029750379557
SRB,Mental disorders,149.4920923076923,162439.6926807395,0.1618489814509263,-1.821029807712545,UM,0.078537672786454,1172.16,24938.56,1709.916424,29.2386,39829.6700988,-0.9026283560717088,-0.0611818868956836,18124.0177351574,0.3217385013977691,-0.2903507809922484,0.1668765071618901,-1.6893352033210305
SSD,Mental disorders,3446.0,148402.88680052047,4.0837282407507,1.4070128044066708,LM,-0.4779870454117954,16.48,391.56,,0.408,,-0.3877370729215434,-1.9682522670033291,,-2.0728149326883396,-1.5446620668855688,-2.415257458700104,0.0586677815608449
SVK,Mental disorders,60.6012,94899.08622701114,0.0824099692956294,-2.495927525606971,UM,0.0790428851144737,711.76,20155.96,2604.693996,33.9888,34136.6889316,1.0561154061859035,0.8017043500723969,30335.36358264918,0.7200463447835627,1.0267537836496354,1.1646922874802412,-0.9588895115708752
SVN,Mental disorders,118.20534,39388.518661539914,0.1607443159538001,-1.8278780673675996,H,1.5688212044735264,826.24,27272.8,3843.0390280000006,27.227199999999996,9423.0723276,0.4858611588299455,0.9302193215357276,39279.976435910976,1.0529603631358675,0.9916268504883106,0.905717199458686,0.160001287930808
SWE,Mental disorders,10102.982533333332,238070.37541073424,7.463252838848942,2.0099926964556416,H,3.5012809270090774,10995.76,518697.44,6472.473894,38.8488,24547.856226400003,1.473524592750634,0.8613720153946574,57211.250518340894,1.2753984498028084,1.3132092607130048,1.522687262098276,0.4513351187444545
SYR,Mental disorders,128.98306666666667,382237.3593217144,0.059344910027261,-2.8242204313187287,LM,-0.8144638413850175,151.84,2188.76,96.7019363996,14.2816,29217.336314799995,-0.2543426108629983,0.2853495540143702,6713.927078335845,-0.7689016941418123,-1.6607674610072929,-0.0959070380364544,0.0797789287212536
THA,Mental disorders,1186.3176823529411,1074887.3069492138,0.1940984104173896,-1.6393384594141696,LM,-0.0890658759016732,2742.76,67800.16,897.2197834,4.1786,146109.074908,-1.0712678786124514,0.67777919901847,17420.47860657954,0.1337312544264902,-0.8848663533022793,0.6924435975585773,0.886224750248882
TUN,Mental disorders,230.41673333333333,270859.8103938601,0.149607496148054,-1.8996732674188896,LM,0.0009232107428812,844.36,14196.08,1474.0663639999998,11.498,20373.418867999997,0.4116063108887263,0.2968241050378812,11883.999462028434,-0.0837527545863996,-0.5494507702839665,-0.5719641851349045,-0.8322226286084204
TUR,Mental disorders,974.1138578947368,1623312.997627174,0.105533748712531,-2.248629732282267,UM,0.2945397931399904,9173.76,161346.6,1180.9438388,17.195600000000002,205899.00472800003,0.2173835384083884,0.4092747050682964,24132.177663504997,0.2788857296902191,-0.4148493361348195,-1.417441678381752,-1.495112649445267
TWN,Mental disorders,46683.03357,374929.1219949392,20.0,2.995732773553866,H,0.164071915090892,7309.68,202897.52,,,,0.9879854174359308,0.9554633337874534,49027.62762815805,1.1454777633252913,0.9052083777551394,0.1744934215154649,-0.1271103134507558
TZA,Mental disorders,3966.831684615385,758248.10664621,0.920060420283458,-0.0833050680820097,L,-0.3009049953817357,574.24,14129.28,27.44056920000001,0.5366,34089.553026400004,-1.2874065621011082,-1.598771724046252,2943.8138350321356,-1.3787486533556326,-0.5241158583136302,0.7305281693264534,0.0628900109929266
UGA,Mental disorders,2966.21195,634040.723029342,0.822751981889423,-0.1950883280445262,L,-0.5072401214689258,836.28,21372.24,30.2253728,1.1968,14749.42476,-1.2844238342586884,-1.3876399852136367,2351.4495322320777,-1.2984925953599873,-1.0811730638454349,-2.148665456324972,0.1177789936099899
UKR,Mental disorders,550.9488642857143,937040.4291551427,0.1034038889130117,-2.269016003752095,L,0.0263689861798188,1320.52,13619.72,1140.1403976,32.0196,359398.68044400006,1.3067507525185311,0.654830096971447,15902.135507178204,0.2677390549686009,-0.4111190423477763,-0.0235463516774898,-1.1193342299899844
URY,Mental disorders,12.080075,70949.70416814712,0.0164273745377797,-4.108197601755881,UM,-0.3238726658817929,296.0,10230.92,615.0790922,41.8794,6442.1798528,-0.4592438262531174,0.9210396807169186,25109.14942301282,0.4971128503512155,1.2160661933420849,0.4715530813048982,-0.5408887977947744
USA,Mental disorders,266323.80144,7961437.175398874,5.883048358241859,1.7720767556430548,H,2.8302856098528664,196098.56,8732175.16,3937.0878280000006,28.6468,934111.267824,1.531247288427929,1.1413510603683428,63579.52211583438,1.1916745374493285,1.1408386019700445,0.86763262769081,2.296449380564211
VEN,Mental disorders,233.576175,502135.6085653016,0.0818071817585208,-2.5032680114823096,UM,-0.341527656895934,225.92,8078.48,205.77687919999997,17.6204,27298.575182399996,-0.9929102806348242,0.3817357826118681,,0.0571907546713842,-0.8264250839719341,-0.2825214396990471,-0.9588895115708752
VNM,Mental disorders,1316.33654,1197880.9058022948,0.1932578768879919,-1.6436780892575371,L,-0.4934521846142816,927.6,19423.76,525.8847767999999,7.8774,187418.696472,-0.514446394638925,0.0030755988359821,8760.437449736877,-0.1976965406295996,-1.6107193526977948,0.3268317085869689,-1.174223212607048
ZAF,Mental disorders,5769.228233333333,976147.7596846129,1.0394080302192872,0.0386609701988103,UM,0.0291253425765472,4149.12,125429.28,404.9987222,7.338399999999999,123314.596444,0.1460837543893123,-0.0382327848486599,13658.44123280344,-0.2863745306371325,0.7082799515808104,-2.2553022572750243,-0.1271103134507558
ZMB,Mental disorders,1274.7200714285714,229410.67260613915,0.9772037286179854,-0.0230498907635638,L,-0.5940702205720861,246.32,6149.96,41.90146,1.4438000000000002,26718.732488,-1.2878847399390634,-0.9814408789813224,3255.1775640080373,-1.212043940296777,-0.3951098648450484,-0.937576074106514,0.4006683655594721
ZWE,Mental disorders,4713.8901,192579.12677599615,4.304811601435331,1.4597356971686193,L,-0.5072401214689258,244.4,5941.76,95.1253,1.26488,25704.12307,-0.9015173122490596,-1.0938914790117371,4759.5101951403985,-1.2489518188194657,-1.1296668830769985,-0.6862179004385326,-0.6844445984855564
ALB,Neurological disorders,154.0,46134.62020164246,0.2835349583906835,-1.260384584998692,LM,-0.6855572489465708,94.2,1340.48,155.23569,13.945600000000002,8767.3661396,-0.4930546068402314,-0.2126459604060382,12849.222175247694,0.2380145890442885,-0.2151231896202075,-0.937576074106514,-1.0686674768050024
ARE,Neurological disorders,244.84316666666663,76143.11374289816,0.4507895913836138,-0.7967324032419181,H,0.1920029761475444,1116.96,24179.72,2305.6505460000003,21.4316,11601.6235952,1.5859591123627317,0.739741774545433,75883.36711327448,0.799806995013803,-1.9344777676315972,-0.4500935554777018,0.6962244258052003
ARG,Neurological disorders,882.2852736842106,545168.3184557616,0.2816980296175343,-1.2668841003614435,UM,-0.1971266896177451,2264.52,74790.52,1070.2597744000002,44.25206,181393.79928400004,-0.1479497937403469,0.7764603378206705,25990.3505237228,0.6905695827419523,0.8295144996597187,0.3344486229405448,-0.4775553563135469
AUS,Neurological disorders,12300.94631304348,405676.54653910146,5.27793467905811,1.663536756604851,H,1.686037901709881,22961.92,947877.52,4359.00251,33.058800000000005,85850.1701944,1.456383302363544,1.3180591461304236,54212.04883866928,1.2635086634330837,1.1629095068767166,0.669592854497853,2.2668937745396383
AUT,Neurological disorders,545.0822105263157,186417.64868721215,0.5089561552737175,-0.675373757228361,H,2.655772449106955,5286.92,240017.96,4695.050182000001,48.396800000000006,63505.0815056,1.6309661067007597,0.8590771051899555,60268.85667814417,1.1438676880877248,1.1294922917011208,0.9514186855801358,1.3042254640249829
BDI,Neurological disorders,329.0,93617.58417268978,0.605733774743733,-0.5012981962780823,L,-0.6220351334192457,17.6,368.2,20.6824158,0.5528,8759.857224799998,-1.2878847399390634,-1.4450127403311952,1019.3543992426344,-2.0178246707283605,-1.2653563195806996,-1.16608350471377,-2.4408920422315954
BEL,Neurological disorders,1069.79425,291183.86368891294,0.6394967524759705,-0.4470580990260684,H,2.2618360855426443,7814.2,391540.56,4406.680888,31.26,65894.4112724,1.0201304133783438,1.1229917787307244,56940.3921111463,1.2300686392682318,1.2583428562619086,1.24847834536957,-0.013110118784546
BEN,Neurological disorders,20.4631,101567.32113847192,0.0350689543735235,-3.35015391883449,L,-0.5072401214689258,99.28,2101.76,,0.7802,4799.8084716,-1.4796755259063692,-1.9682522670033291,3038.469075736016,-1.505573041299367,0.05470139430926,-3.009376778278969,-1.0897786239654117
BFA,Neurological disorders,3295.5382,174384.59613544468,3.2894524932796,1.190724175527127,L,-0.5476922417657978,159.56,3312.8,46.57809999999999,0.665,4295.738,-1.3435486109526469,-1.8580965771776168,2061.603181376113,-2.060182034670506,-0.1773539650263939,-0.9528099028136646,-1.0855563945333295
BGD,Neurological disorders,1562.5451666666663,1350553.68682575,0.2013845344844003,-1.6024894366806024,L,-0.5977808384269677,1578.28,27412.72,,4.420799999999999,98716.98583,-1.0628404320668117,-1.4312432791029814,5113.32897934955,-0.8813592568887959,-0.8733646141255625,-0.2672876109918965,-1.2797789484090936
BGR,Neurological disorders,150.2824,139130.05789503167,0.1880150197561556,-1.671180241197714,LM,-0.0529334492358485,540.64,14482.68,1794.3050359999995,39.0588,51813.283158,0.3708480312202768,0.1866684152121687,22821.77151822954,0.4636728261863637,0.4064370126458878,0.3725331947084208,-1.5500016320623302
BIH,Neurological disorders,45.904625,61331.934254232554,0.0845166619436034,-2.4706882684270517,LM,-0.6863384046578135,267.0,3933.32,278.01888440000005,19.2996,8156.2943572,-0.6615872221458549,-0.2654288951141922,13009.191373023836,0.096080264255694,-0.0009421546808029,0.0602397062118369,-0.9926673470275296
BLR,Neurological disorders,71.87476000000001,169494.51802652635,0.0738118583448099,-2.606100407695384,LM,-0.0607532128429428,198.64,3022.28,1472.9208640000004,39.4592,100249.4446188,0.8904415654722012,0.624996264310316,22194.85517432224,0.4379116223852935,-1.3315690343007185,0.0602397062118369,-1.030667411916266
BOL,Neurological disorders,54.0,104638.91794777702,0.0898267957804355,-2.409760635033543,LM,-0.6163180276179551,58.8,2683.08,100.5244707968,9.19619999988,12581.1942184,-0.2250687763546017,-0.5178690176314497,9949.461080913694,-0.2566500647128187,0.2946836279423804,-0.4196258980634005,-0.2453327375490466
BRA,Neurological disorders,4280.413787500001,3123617.537251222,0.2385246626175549,-1.433240643291321,UM,0.5891447452387177,13637.08,322292.68,714.2783391999999,20.265399999999996,489032.7424200001,-0.3604685310344718,0.8039992602770988,17255.480171781295,0.1272909534762228,0.9720428081063328,-0.0844816665060912,-0.4606664385852196
BWA,Neurological disorders,650.0,22060.125470424093,1.196738460739898,0.1796082630894437,UM,-0.2097087846620601,121.56,3325.96,173.69786240000005,3.6592,4949.3935444,0.1460837543893123,-0.5706519523396035,16066.874131336312,-0.3802543021814212,0.4232233346875828,-1.9734764261927416,-0.4015552265360742
CAN,Neurological disorders,11707.852620833331,717892.4810246729,2.838724399185091,1.0433583187589777,H,1.489609040499211,29544.04,1275399.56,4570.958856,22.546620000000004,99529.369204,0.875489649203869,1.3731369910432796,54193.397774207595,1.2082706975904025,1.0116771795936688,0.9361848568729852,2.102226826688448
CHE,Neurological disorders,1283.111666666667,186186.11001554495,1.1995616251428285,0.1819645140141237,H,2.83128423767282,11251.64,585294.32,4556.711074,40.1264,40273.9280124,1.5890091833903168,1.1229917787307244,75268.81661408668,1.322462187516304,1.262539436772333,0.9361848568729852,1.3760033643703735
CHL,Neurological disorders,515.5339055555555,235755.96354718463,0.3806273000905825,-0.9659083255311908,UM,-0.4130662354494351,1847.84,56678.32,427.5335204,18.3712,38510.5147576,1.0855542670616256,0.5905726112397812,25118.03849731798,0.6531662964538584,1.18093926018076,0.2963640511726688,0.316223776917836
CHN,Neurological disorders,30302.21819473684,17787805.237648856,0.2965223571830629,-1.2155989360330108,LM,1.4510467220526826,70455.56,1591215.32,1135.717754,17.930799999999998,4576265.56984,-0.4306275453050752,0.5951624316491857,12907.16100572696,-0.0636887400874875,-1.873083349053176,1.4389012042089502,-1.7653353330985035
CMR,Neurological disorders,59.28735,251486.96798898603,0.0410347642211808,-3.1930919975964867,L,-0.5072401214689258,322.64,7905.04,,1.2016,62153.52664999999,-1.2878847399390634,-1.422063638284172,4525.251514428976,-1.2093191975870483,-1.0312803844437304,-2.64376488930736,-0.295999490734029
COD,Neurological disorders,457.7462,682809.5624440319,0.1166891675156533,-2.1481558732570303,L,-0.4953296767226226,140.12,2689.56,10.10515,1.2394,48492.72640000001,-1.2770076933611387,-1.7525307077613093,1285.819981235234,-1.6878830989684863,-1.0872347912493805,-1.16608350471377,-1.3642235370507303
COG,Neurological disorders,34.7614,48254.155760551446,0.0640004681987136,-2.748708643392959,L,-0.3642652890923193,66.48,1703.48,83.79845600240002,1.4682,5914.2288,-1.2878847399390634,-1.6148360954791685,7545.451550110282,-0.7305075923229075,-1.266599750843047,-2.339088315164352,-0.6506667630289018
COL,Neurological disorders,502.15635,587916.679961649,0.1486717883342856,-1.905946905549786,LM,-0.5575000287062973,1535.84,34683.2,70.2291404,18.6208,74993.781868,-1.260564016157332,0.6410606357432325,15052.503408239549,0.096080264255694,0.2129280224430147,-0.0768647521525165,0.088223387585417
CRI,Neurological disorders,72.41005714285714,59163.57730782172,0.1333167697342014,-2.0149522487474423,UM,-0.3306758499618466,168.72,5317.68,325.1844104,21.7234,5792.390856399999,-1.0313112732057932,0.957758243992156,20060.82964907356,0.3494813362604607,1.2672023040061362,0.1364088497475889,0.3880016772632269
CUB,Neurological disorders,214.81527999999997,163009.1317538854,0.2293816244767968,-1.4723245855166154,LM,-0.2544546968411825,214.8,5593.84,2055.97578,74.8132,50246.253984,-0.4386190363850955,0.9692327950156672,,0.1949141134540343,-1.6295262505408048,-0.5110288703063032,-0.2453327375490466
CYP,Neurological disorders,55.86153333333334,19702.836162249936,0.1028486852552367,-2.2743992206027577,H,-0.2176931910684379,465.16,12374.08,1138.2687364,24.4508,2915.2800792,0.8165243500751518,0.4207492560918083,42427.20460720808,0.8961638053851175,0.9855651230843652,0.1135581066868635,0.4302239715840451
CZE,Neurological disorders,743.1936470588234,190437.91616325977,0.6792880215314263,-0.3866953352999034,UM,1.1611697366947522,2464.28,83101.08,3115.7949599999997,38.12964,73756.44399880001,1.2863611701080897,0.9462836929686442,40335.77650259335,0.948181620752665,1.142082033232391,1.3551151463196212,-0.7013335162138837
DEU,Neurological disorders,22627.367063636364,2314438.060815352,1.7017425102503765,0.5316586084442195,H,2.728296832832491,34293.0,1532108.0,4359.623428000001,39.07,677483.163832,1.515365013659394,1.1138121379119152,57073.37934866153,1.3090861778503635,1.228189648149975,1.4998365190375504,0.8735580619526369
DNK,Neurological disorders,2948.7675916666667,115702.25085405656,4.4361285791825,1.4897843086716105,H,2.688188615952814,7153.56,338384.52,6645.832076,37.828,17918.6769232,1.518770655459118,0.8980905786698948,63245.14222976299,1.2768846730990249,1.3472481915197752,1.0732893152373375,1.0128916332113371
DOM,Neurological disorders,116.508,114533.723616825,0.1770629743012617,-1.731193347186162,LM,-0.6163180276179551,76.56,1606.92,23.9788592,15.9652,13655.559303199998,-0.1924475372210277,0.4207492560918083,16818.470743654518,-0.0089461820102115,0.2587795502420891,0.288747136819093,0.3120015474857542
DZA,Neurological disorders,140.5,447186.01875310583,0.0546881831845649,-2.9059247842819484,LM,-0.4470272749166086,207.72,4076.2,521.9864392000001,13.898400000000002,62365.351725199995,0.2919927298209828,0.2256818886921089,14364.642594725296,-0.0441201333539812,-0.998951171622688,0.5629560535478009,-1.0433341002125116
ECU,Neurological disorders,93.05285,184576.55235740455,0.0877523059934416,-2.4331231872272654,LM,-0.465617549869982,328.24,6772.68,240.1625596,15.6632,22522.0236884,-0.2250687763546017,0.487301652028176,12441.051274374971,0.0782455847011063,0.2217874701872428,-0.983277560227966,-1.0180007236200206
EGY,Neurological disorders,1150.05361875,929387.8461212164,0.2153904722660283,-1.535256321755157,LM,-0.1462666824577513,5285.44,71870.08,621.9283252000001,6.3452,133970.47101199997,-0.6458053506197035,0.4850067418234732,13357.879306684385,-0.2197421861901304,-1.449850433131551,-0.5491134420741792,-1.030667411916266
ESP,Neurological disorders,7364.5196,1057840.1730855363,1.2117966701335576,0.1921123618324325,H,0.7212703352108207,17886.52,638478.0,2728.3601160000003,37.743199999999995,142394.354176,1.3191574531884838,0.8797312970322765,43711.9780393328,0.9521448828759064,1.1705255233585974,1.2256276023088415,-0.4944442740418742
EST,Neurological disorders,18.87835,27080.170436206783,0.0347576115697062,-3.359069027593683,UM,0.9088682387994828,389.56,18838.48,3225.7261000000003,32.8172,6929.693693999999,1.3200029007099876,0.551559137759841,34147.59681739785,0.88303549960188,1.222438778561617,1.126607715712365,-1.0222229530521023
ETH,Neurological disorders,164.2,779314.7969171706,0.0366746196837035,-3.305397693949009,L,-0.4948360047777304,1176.0,22007.16,52.3478988,0.5660000000000001,26162.863530400005,-1.6890782080036626,-2.3698615528262392,1821.9964066710625,-1.9155229671721832,-1.2364465427311138,0.3192147942333942,-0.6886668279176381
FIN,Neurological disorders,9196.183168181818,132802.73773264993,12.053300198431284,2.4893393274760887,H,3.215384091565292,4334.96,206147.32,7524.242588000001,34.032000000000004,27518.692702,1.2316545120575315,1.0449648317708449,53891.28379728628,1.2513711731806567,1.1834261227054552,1.3017967458445934,0.4555573481765362
FRA,Neurological disorders,17443.596513636363,1456894.572028771,2.084074768288739,0.734329798826235,H,1.9322709532508728,21434.08,1005259.36,4058.14122,32.8628,422344.22919199994,1.2577313164408972,0.9003854888745976,50206.07391192202,1.0217496739153389,1.1953941486055528,1.3017967458445934,-0.5915555509797563
GAB,Neurological disorders,319.8854,19096.970397201287,0.5889525557064101,-0.529392670006029,UM,-0.1834849309493806,51.88,1594.76,,3.39772,3474.87075,0.1460837543893123,-0.9332477646825736,19483.622283180644,-0.1801095649577127,-0.8352845317161619,-1.9734764261927416,-0.7055557456459655
GBR,Neurological disorders,48064.07968,1439869.8257815358,5.8103566200995775,1.759643670439192,H,1.7873119443352363,50955.64,2309909.96,4100.1239000000005,26.6688,191846.488844,1.5557859539332275,1.1138121379119152,48709.53277199082,1.1844911248509518,1.127160858084218,1.2027768592481172,1.8531152901956205
GEO,Neurological disorders,1103.9008166666663,66380.88660542347,2.032431637149512,0.7092378472179625,L,-0.5943974545469862,150.76,4053.08,1033.0797744,49.87840000000001,15784.702178799998,-0.7122671795473384,0.193553145826276,13219.248340109913,0.3465088896680306,-0.0837857625347237,0.2582794794047928,-1.347334619322403
GHA,Neurological disorders,3000.829133333333,281903.458469322,1.8528755560567451,0.6167441839586402,L,-0.4399609701012515,789.04,17859.36,54.02035479999999,1.2055999999999998,18842.2045884,-1.482073723356602,-1.3371519607101856,5281.493507040973,-1.00991757201145,0.5940397043526083,-0.937576074106514,0.3837794478311452
GIN,Neurological disorders,21.4942,112840.87597864182,0.0331558544990855,-3.40623441125028,L,-0.5072401214689258,43.6,796.44,,1.4486,3053.1244680000004,-1.2878847399390634,-1.9797268180268408,3050.643557435063,-1.7703684919084552,-1.1091502672482598,-2.171516199385697,0.5231130190898454
GNB,Neurological disorders,867.0,17979.277745989315,1.5962649930176795,0.467672785574961,L,-0.5072401214689258,20.92,718.84,,1.5402000000000005,1526.3769999999995,-1.3833148866787637,-1.5482836995428009,2281.855422997779,-1.647507366087962,-0.5252038606681847,-1.16608350471377,-0.5704444038193469
GRC,Neurological disorders,294.5411117647059,248397.2024476298,0.2063975842512461,-1.5779025006465006,H,0.2951881062187891,4336.72,150813.44,2715.1557740000003,56.946000000000005,48714.6293188,1.127178183699807,0.4230441662965101,34962.40147931398,0.9199433781245676,1.1296477206089144,0.4563192525977476,-1.8624466100363852
GTM,Neurological disorders,179.42766666666668,158865.19936715814,0.1965920836752939,-1.626573472773384,LM,-0.8004733066932486,99.44,2566.92,23.9059628,8.4648,8965.4912772,-0.4238102430226781,-0.4077133278057371,10493.190490144729,-0.6571872430429359,-0.0018747281275638,-0.5262626990134538,0.7131133435335272
HND,Neurological disorders,0.74,100661.68520514014,0.0012795961106932,-6.653426202118073,LM,-0.8047306822554082,47.52,1026.36,69.9383956,4.2728,5237.808084400001,-0.4238102430226781,-0.2562492542953826,5659.597256564474,-0.7763328106228904,-0.3759921091864512,-0.5262626990134538,0.1220012230420717
HRV,Neurological disorders,94.48001111111112,80713.25534451395,0.1739505585658455,-1.7489266803711818,UM,0.3697420586569883,1030.28,27929.72,1797.05422,30.722800000000003,24049.1890904,0.8242599381710966,0.4895965622328778,30424.392753499713,0.696019068161409,0.7939212797750141,0.9514186855801358,-1.3431123898903212
HTI,Neurological disorders,772.0,122339.27415347163,1.0983905537657517,0.0938550796282265,L,-0.5771758690325169,45.92,956.52,,1.833,24589.3873284,-1.0628404320668117,-1.4909109444252424,3257.3885005278403,-1.2038697121675912,-0.7086099718644819,-0.4462850983009133,0.3753349889669817
HUN,Neurological disorders,243.96955625,182338.3776811831,0.2328964872935275,-1.4571182480635922,UM,0.6803707045015658,2102.56,78112.24,2685.499484,32.2488,71875.4526304,0.7481050872363765,0.7351519541360284,30921.08529583642,0.6828907623781721,0.4529102560761359,1.2637121740767174,-1.0686674768050024
IDN,Neurological disorders,263.11765,2648072.9228558578,0.0172951936672452,-4.056748610553508,L,-0.6656954802255216,3763.72,23272.12,210.39034100799995,3.1054000000000004,225577.216428,-0.3561563550969788,-0.5224588380408542,10027.896402198325,-0.31758521985766,0.27851902153186,-0.4196258980634005,1.2662253991362464
IND,Neurological disorders,11358.584465,13226949.04604442,0.1494754672904854,-1.900556099635768,L,0.0720960873777242,20999.84,361898.64,187.8770994,7.322399999999999,2253635.67836,-0.61746182271422,-0.6119603360242456,5997.703428215718,-0.7773236261537012,0.1022626400940626,-0.6633671573778073,-0.9968895764596114
IRL,Neurological disorders,1087.25679,87150.71853755429,2.0017877189132345,0.6940456362843155,H,0.7307749947545085,3862.56,148567.64,4045.541872,34.0572,16883.00737,0.6240834065073566,0.7856399786394805,78796.19120554483,1.188206683091492,1.2448205412838769,1.0656724008837637,2.102226826688448
IRN,Neurological disorders,1711.2398833333334,1006982.868585568,0.2957972962145893,-1.2180470629697835,LM,-0.1557949356736106,7732.64,138160.44,1107.6320056,11.578600000000002,135331.79713999998,-0.2543426108629983,0.5836878806256739,15041.31246333119,0.2729408365053547,-1.5152860033126028,0.5477222248406503,0.1431123702024811
IRQ,Neurological disorders,260.0,362072.095585569,0.1249924212057432,-2.0794221722214794,LM,-0.8030624557611098,686.48,7819.12,257.05344,7.317,39542.690875199994,-0.4867073888031044,0.005370509040684,12618.200750284284,-0.4709139232505756,-0.8753851899268775,-0.2596706966383217,-0.3973329971039924
ISL,Neurological disorders,1420.6416333333334,6495.774984195526,2.6155945869820743,0.9614952704051108,H,2.279052798450904,355.56,19543.32,6682.198872,38.19,1133.7224292,1.2446929142492145,1.2331474685564368,59846.93658326752,1.3556545077984543,1.1394397417999025,1.0656724008837637,1.2408920225437552
ISR,Neurological disorders,635.6366789473684,131544.41428355145,0.8410889488535699,-0.1730459697427752,H,4.973907159605384,5799.44,244241.44,,35.7984,25646.0703424,1.2440864165759786,0.9325142317404296,39990.70193898606,0.9964838778796736,0.658542701086899,0.9285679425194104,0.4006683655594721
ITA,Neurological disorders,7912.287819047619,1648227.7445866666,0.835584249261549,-0.1796121314900566,H,0.7472433779301987,27038.92,1044767.56,1939.442776,40.6904,211767.055088,0.8954470267798256,0.8728465664181693,49972.48038745556,0.995988470114268,1.086438484242328,1.24847834536957,0.1051123053137447
JAM,Neurological disorders,2.6511,37533.691615127354,0.0048810358973346,-5.320351157984526,LM,-0.7789225387882717,118.64,3659.12,,5.4326,4748.064388399999,0.2852990076084474,0.2945291948331793,10285.854351618776,-0.1511282106815095,0.7853726898463729,-0.5110288703063032,0.4386684304482085
JOR,Neurological disorders,208.0,87387.97902376,0.3829563074367674,-0.9598082638100792,LM,-0.1636011072739102,781.36,15669.68,369.9050768,23.2558,12540.478012,0.7812987562779177,0.5423794969410318,9665.93327239689,0.0128517596676184,-1.2883597979341332,0.0983242779797129,-1.195334359767457
JPN,Neurological disorders,8130.7302714285715,3079870.0745972754,0.4595180194884671,-0.7775553608333752,H,3.232001217456847,32291.16,953951.56,5272.902023999999,22.9328,1709055.64024,1.5721622277790648,0.9554633337874534,42257.92967148511,1.1347026444277288,1.026598354741841,0.7000605119121542,-1.334667931026157
KAZ,Neurological disorders,73.41095,212286.58946143955,0.0601926789851427,-2.8100384262431883,LM,-0.6258432033983137,310.16,6497.16,535.2867768,36.1964,113626.77276320002,-0.2543426108629983,0.9095651296934067,27333.243732460403,0.3777195788885594,-1.2653563195806996,0.0602397062118369,-1.0180007236200206
KEN,Neurological disorders,1859.43585,389265.2109316356,0.8314593018103584,-0.1845609000801583,L,-0.2059053308362432,958.72,28060.28,148.20428219999997,1.6988,59290.953204,-0.8837322135441875,-1.0617627361459043,4610.232110620364,-0.9873765186855128,-0.3242342828912252,-1.0670636181172928,1.22822533424751
KHM,Neurological disorders,6347.851925,150698.31083044838,7.332022542928894,1.9922527684467264,L,-0.7358589580161591,118.96,3149.44,25.740740800000005,1.9989999999999997,10587.494602,-0.8422434767823592,-1.0525830953270952,4524.759432725333,-1.1194026881660022,-1.150183498905737,0.3344486229405448,-1.495112649445267
KOR,Neurological disorders,4726.567922222222,283919.8723460655,2.89771387671707,1.063925558723071,UM,3.817072996717791,15668.2,409587.4,6080.884064,20.5616,475607.754164,1.4261136430282402,1.0633241134084632,41569.26564396438,1.04181368841425,0.8637088593742831,1.019970914762314,-0.3466662439190105
KWT,Neurological disorders,95.6829,36781.11538951762,0.176165240715584,-1.7362760934263828,H,-0.6838885095463556,371.24,8648.56,241.3141644,21.208,7519.4662628,1.640414410801008,0.960053154196858,58962.60401646187,0.5627543792674076,-1.0323683867982845,0.2392371935208548,0.8017801616072459
LBN,Neurological disorders,217.7950222222222,67896.62407098751,0.4009902763862062,-0.9137931624333956,UM,-0.4678020161695108,793.44,24871.56,,24.6196,16220.9302684,-1.0788283613009042,0.0856923662052662,14167.592478390638,0.0965756720210983,-0.5667033790490419,-1.9277749400712896,-0.2875550318698647
LKA,Neurological disorders,137.17765,276661.2864448139,0.0863058740261463,-2.4497417577596057,LM,-0.690422161567146,442.4,10503.36,106.5670474,7.6884000000000015,74974.4832076,-0.2543426108629983,0.1430651213228248,10999.968054238268,0.1337312544264902,-0.2877084895597593,0.2658963937583676,1.6884483423444288
LSO,Neurological disorders,371.0,18566.715311049866,0.6830614906684649,-0.3811557533393025,L,-0.8014752684016613,24.64,516.4,17.112728,1.8528,2528.5819,-0.833959060508108,-1.0479932749176906,2572.4743171143664,-1.4245738716556144,0.0138235915595765,-1.16608350471377,-0.3931107676719107
LTU,Neurological disorders,138.87245,58120.61580969294,0.2556830800802745,-1.3637774597016674,LM,0.2701680426927716,521.2,14151.84,2906.158892,41.2456,21687.603698,1.2541591137972343,0.4322238071153193,31533.10830529218,0.7931189901808314,0.969866803397224,0.5020207387191984,-1.7611131036664214
LUX,Neurological disorders,2.1558,9933.622515807208,0.0039691211902508,-5.526694290536756,H,0.8674798087515446,309.2,12400.72,4689.78792,27.3772,2757.048789200001,1.411644006868198,0.948578603173346,129290.29825284838,1.0811986057639649,1.1709918100819778,1.0656724008837637,0.6371132137560546
LVA,Neurological disorders,46.360646153846155,41262.204632299465,0.0853562589493245,-2.460804350528123,LM,-0.1041619792970423,209.6,6386.2,1829.198268,31.3912,13563.396933200002,1.1296947912680313,0.5056609336657943,27594.885351783112,0.7148445632468075,0.9765502464323438,0.6162744540228264,-1.1066675416937388
MAR,Neurological disorders,80.6024,431303.9597072713,0.0325289403833742,-3.4253177412317664,LM,-0.0600153976816673,625.52,9553.64,870.8234672000002,6.5986,26635.4212752,-1.511975471024861,-0.1460935644696705,7496.17141389544,-0.6170592140451139,-1.214531066732234,0.0678566205654127,-0.3002217201661107
MCO,Neurological disorders,2.67745,1021.034549572395,0.0049295498333969,-5.3104810787773244,H,-0.8069646439759053,,,303.57021199999997,78.2864,641.2279255999999,1.640414410801008,1.0013615378815,,1.1641794064693385,1.1709918100819778,1.0656724008837637,0.6371132137560546
MDA,Neurological disorders,33.16917,59478.75523771991,0.0610689560766461,-2.7955878898608284,L,-0.4348873047725504,57.52,1025.16,791.1779167999999,30.582399999999996,20742.6071924,1.3067507525185311,0.2601055417626437,10541.106021422418,0.1054930117983935,-0.0054495930068134,-0.4729442985384272,-0.8280003991763384
MEX,Neurological disorders,2654.497361111111,1468480.687227811,0.3146439946178737,-1.1562816736571615,UM,-0.4004159239181893,3497.52,89418.84,303.6330748,21.1272,118420.111624,-0.4816462417038926,0.5010711132563898,20862.6077118635,0.1892169241518748,0.3029213600554353,0.3572993660012702,-0.4184441442644015
MKD,Neurological disorders,139.78852222222224,29891.187394747863,0.2573696937128112,-1.3572028769367093,LM,-0.4447812599070674,178.08,4548.32,682.2130980000001,27.465800000000005,9242.013092,-1.4247478821841577,-0.0956055399662188,17335.33891683372,0.2236477638475373,-0.1380304513546449,-0.8461731018636114,-0.7562224988309474
MNE,Neurological disorders,50.404575,9441.665420719424,0.0928016823073057,-2.377182760180903,UM,-0.0953800041900855,62.8,1202.52,691.0647623999998,22.7052,2472.6120060000003,-0.4364737873645732,0.1683091335745504,20214.682614526668,0.5511122967803843,-0.2446546821009674,-0.59481492819563,-1.4908904200131847
MOZ,Neurological disorders,4647.3834,235158.60073010583,3.4399570762760137,1.23546190048951,L,-0.441411211580922,132.04,5272.52,32.79408900000001,0.6626000000000001,20040.8482376,-1.140076444058883,-1.598771724046252,1300.3855616581347,-1.8850553895997628,-0.6008977387636056,-1.16608350471377,-1.0897786239654117
MWI,Neurological disorders,1234.1570333333334,155486.0868548803,1.381606212001048,0.3232539820034377,L,-0.5072401214689258,332.88,9001.64,42.9861488,0.3731999999999999,17978.519106400003,-0.9663518487866488,-1.369280703576018,1500.3485355091457,-1.5744347206906932,-0.2205632013929792,-1.16608350471377,0.4893351836331908
MYS,Neurological disorders,297.33568125,312892.7544242101,0.1654081525741775,-1.799278752873005,UM,0.3205595102977949,2605.48,55587.32,1096.0548646,13.974800000000002,56728.86625879999,0.9490977587343962,0.7007283010654937,26017.720142413487,0.3222339091631748,-0.8323313824680858,-1.50122773627108,0.172667976227054
NAM,Neurological disorders,0.9449,22023.330396652233,0.0017396894946971,-6.348316938391208,LM,-0.4431584255864033,64.68,1245.32,168.65080719999995,4.247199999999999,5608.9638,-0.3877370729215434,-0.4077133278057371,10254.713643524048,-0.7473514563466852,0.3315202790894335,-2.415257458700104,-0.4311108325606471
NGA,Neurological disorders,437.06155,1859207.3063557136,0.0409185440699913,-3.1959275603298622,L,-0.5965390932024645,2139.6,34309.04,30.4566354,3.4715999999999996,70528.5225,-0.960798900109685,-1.5551684301569078,7594.354887665404,-1.3435747020118616,-0.3508126261239092,-2.2553022572750243,0.8017801616072459
NLD,Neurological disorders,14102.402404166663,376962.3041200174,6.511792721353038,1.8736163336088287,H,1.6760164894550469,16957.44,859167.12,4281.813516,31.9052,62550.2333876,1.5517671302296476,0.9715277052203698,62999.86555815831,1.2560775469520056,1.1470557582817829,1.012354000408737,1.8024485370106376
NOR,Neurological disorders,2826.965355,111681.3209212659,4.406008519912612,1.4829714517105397,H,1.346422634431936,4862.76,209808.6,5739.830929999999,41.2756,20221.0005844,0.8433966781901925,1.0793884848413795,85207.42722944335,1.3868651970189827,1.2600525742476367,0.981886342994438,1.0213360920755006
NPL,Neurological disorders,255.9672,313788.45467724133,0.1419883609063937,-1.9519397643602163,L,-0.5849687050789807,901.52,11567.88,59.65797,5.1694,8137.124040399999,-0.842358014740521,-1.4518974709453023,3508.52037662225,-1.082247105760611,-0.3497246237693546,-0.015929437323915,-0.3762218499435834
NZL,Neurological disorders,448.03164444444445,81924.06931293232,0.8248872315926304,-0.1924964681731732,H,0.7569952581257706,3266.96,128033.0,4179.645111999999,28.086,11776.8108888,1.1486204745742885,1.2560965706034597,43747.40306150099,1.2322979742125555,1.2142010464485624,1.0352047434694611,2.2668937745396383
PAK,Neurological disorders,1046.8544214285714,1968857.333320554,0.0925502151072728,-2.3798958721228303,L,-0.5323366079765423,2507.96,50960.8,218.36298560000003,8.3796,102724.429004,-0.61746182271422,-1.0938914790117371,4604.534345725936,-1.3683450902821224,-0.741250042501111,0.2163864504601283,-1.1700009831749665
PAN,Neurological disorders,100.9621,46635.82045747971,0.1858849663801041,-1.6825734616514296,UM,-0.6140284156054884,76.24,4280.52,118.2820104,14.8664,7854.0216504,-0.7564787574548428,0.6731893786090654,25958.763735724344,0.3569124527415395,0.6501495400660523,0.2468541078744295,-0.0088878893524642
PER,Neurological disorders,971.1224733333332,310567.04701461876,0.5442820605611083,-0.6082693001611205,LM,-0.6981916603943965,622.88,16100.88,,14.3462,48266.29250039999,-0.6962755389557354,0.1453600315275267,12528.092016874456,0.0827042545897528,0.7769795288255256,-0.6024318425492058,-0.6380000747326562
PHL,Neurological disorders,477.26188461538464,1000737.7151408668,0.0830121902590057,-2.488647354399714,LM,-0.6155235363528765,608.6,15265.12,115.4890196,8.777199999999999,99546.5422768,0.039412942133762,-0.0910157195568143,7275.56410305801,-0.306190841253341,-0.3525223441096372,0.517254567426349,0.2740014825970179
POL,Neurological disorders,1847.404725,696939.0646768357,0.4613947305806167,-0.7734796806279055,UM,0.3119632071327089,6545.88,171263.2,2251.738904,25.763999999999996,247467.471128,1.4163487598517872,0.6640097377902562,29884.23115253326,0.8156600435067692,0.9036540886772048,0.7762296554479063,-0.7562224988309474
PRI,Neurological disorders,138.62299333333334,63382.288095912074,0.2552237964075238,-1.3655753052157564,UM,-0.2912377446624314,,,293.1154456,,,-0.7259081394261464,0.6146691683891559,41285.88234229262,0.3102202708520987,0.9021775140531676,0.2963640511726688,0.2866681708932631
PRT,Neurological disorders,1793.2462611111114,239304.05165758135,1.3043533883812957,0.2657150967541575,H,0.7576933230784961,4251.6,127431.44,3690.75784,44.1928,36170.0584736,0.7436194726614643,1.0449648317708449,37093.18332037167,0.7200463447835633,1.2093827503069654,0.631508282729977,-1.208001048063703
PSE,Neurological disorders,538.0,43722.56632565062,0.9905312182739464,-0.0095038001061768,LM,-0.4089788881986852,188.88,4298.48,364.2897808,15.2826,5693.440376799999,-0.2543426108629983,0.1499498519369312,5354.912957495792,-0.2261824871403991,-1.214531066732234,-0.0959070380364544,-1.5457794026302485
QAT,Neurological disorders,10.285,18082.726173702653,0.018936084721092,-3.966157979824864,H,-0.1760847243822053,762.52,20507.08,699.6647419999999,27.269,2408.958384,1.369961805366068,0.989886986857988,117119.99710764772,0.7299545000916665,-2.037060846775289,0.2392371935208548,1.371781134938292
ROU,Neurological disorders,593.4900533333333,349245.2648346285,0.2957932823145699,-1.218060632368862,LM,-0.2801164056690808,1687.2,36692.92,931.5613616,26.8992,142187.626808,0.4608248454821719,0.3771459622024635,27423.4610312035,0.4874523989258137,0.3750403732716061,0.1897272502226155,-1.414890290235712
RUS,Neurological disorders,4319.8694187500005,2486542.060808949,0.3023988934665458,-1.19597522549762,LM,0.5238738769881611,6103.04,95354.44,3038.264508,45.41480000000001,1224673.333888,0.0957556262539488,0.6043420724679949,32776.237809188046,0.5134613066095881,-1.1015342507663797,-0.0844816665060912,-1.31777901329783
RWA,Neurological disorders,356.0,108216.52289247792,0.5726138007691889,-0.5575263210464676,L,0.0225057788146977,175.0,3518.68,35.758095000000004,0.71254,7801.1199232,-1.2878847399390634,-1.288958846411436,2101.280425014305,-1.447114924981552,-1.4361726892457254,-1.16608350471377,-1.7315574976418489
SAU,Neurological disorders,335.64572,330625.38145777583,0.1767055994303197,-1.7332136215479084,UM,-0.3195537416096209,4051.96,88253.56,589.8781,22.165199999999995,63306.122842,1.087822954732511,0.8820262072369784,58198.93178177366,0.5981760344938795,-2.148347944755415,0.0678566205654127,-0.2326660492528014
SEN,Neurological disorders,47.09785,145519.71667365776,0.0563358213002892,-2.8762471974077375,L,-0.2795214348056261,181.24,3415.92,435.4852584,1.1557000000000002,10467.9669544,-1.1288642282346195,-1.5046804056534564,3670.3894565647,-1.5296003179215203,0.447470244303365,-0.6405164143170818,-0.5408887977947744
SGP,Neurological disorders,347.1169411764706,51103.410325869874,0.6390895290465711,-0.4476950792271722,H,1.8002535864272085,3571.44,149622.84,6402.609976000002,20.4104,12778.507642,1.640414410801008,1.2813405828551865,102904.17860234065,1.2278393043239095,-0.6695973160083207,0.943801771226561,-0.0975547074261829
SLV,Neurological disorders,175.3537,74782.71322181402,0.3228500261893013,-1.13053640513617,LM,-0.7051789776985711,44.48,1186.48,64.6676792,18.7678,6746.7366368,-0.4238102430226781,0.624996264310316,9273.01392438114,-0.4461435349803141,-0.0618702865358437,-0.5262626990134538,-0.9884451175954476
SRB,Neurological disorders,155.4801857142857,155731.80834026725,0.1737813283332811,-1.749899961910686,UM,0.078537672786454,1172.16,24938.56,1709.916424,29.2386,39829.6700988,-0.9026283560717088,-0.0611818868956836,18124.0177351574,0.3217385013977691,-0.2903507809922484,0.1668765071618901,-1.6893352033210305
SVK,Neurological disorders,96.64865833333332,91003.19627998126,0.1779433332406302,-1.726233935868798,UM,0.0790428851144737,711.76,20155.96,2604.693996,33.9888,34136.6889316,1.0561154061859035,0.8017043500723969,30335.36358264918,0.7200463447835627,1.0267537836496354,1.1646922874802412,-0.9588895115708752
SVN,Neurological disorders,107.02103636363636,39625.24659864613,0.1970402928070874,-1.6242962893889807,H,1.5688212044735264,826.24,27272.8,3843.0390280000006,27.227199999999996,9423.0723276,0.4858611588299455,0.9302193215357276,39279.976435910976,1.0529603631358675,0.9916268504883106,0.905717199458686,0.160001287930808
SWE,Neurological disorders,9072.273260869566,229869.7580323986,6.869730067235251,1.927126269599284,H,3.5012809270090774,10995.76,518697.44,6472.473894,38.8488,24547.856226400003,1.473524592750634,0.8613720153946574,57211.250518340894,1.2753984498028084,1.3132092607130048,1.522687262098276,0.4513351187444545
SYR,Neurological disorders,54.0,185777.22826178023,0.0505948915328631,-2.9837070367510767,LM,-0.8144638413850175,151.84,2188.76,96.7019363996,14.2816,29217.336314799995,-0.2543426108629983,0.2853495540143702,6713.927078335845,-0.7689016941418123,-1.6607674610072929,-0.0959070380364544,0.0797789287212536
THA,Neurological disorders,906.9125647058823,1009523.6526169772,0.1563703141046487,-1.855464327689189,LM,-0.0890658759016732,2742.76,67800.16,897.2197834,4.1786,146109.074908,-1.0712678786124514,0.67777919901847,17420.47860657954,0.1337312544264902,-0.8848663533022793,0.6924435975585773,0.886224750248882
TUN,Neurological disorders,191.9382,148036.8457552356,0.2256820318294929,-1.4885839000375374,LM,0.0009232107428812,844.36,14196.08,1474.0663639999998,11.498,20373.418867999997,0.4116063108887263,0.2968241050378812,11883.999462028434,-0.0837527545863996,-0.5494507702839665,-0.5719641851349045,-0.8322226286084204
TUR,Neurological disorders,2574.3919315789476,1162125.9934408492,0.3855909558356905,-0.9529522374218204,UM,0.2945397931399904,9173.76,161346.6,1180.9438388,17.195600000000002,205899.00472800003,0.2173835384083884,0.4092747050682964,24132.177663504997,0.2788857296902191,-0.4148493361348195,-1.417441678381752,-1.495112649445267
TWN,Neurological disorders,85842.95762380952,327764.68278745335,20.0,2.995732773553866,H,0.164071915090892,7309.68,202897.52,,,,0.9879854174359308,0.9554633337874534,49027.62762815805,1.1454777633252913,0.9052083777551394,0.1744934215154649,-0.1271103134507558
TZA,Neurological disorders,1855.725275,477723.0350282298,0.6761497449355895,-0.391325921779449,L,-0.3009049953817357,574.24,14129.28,27.44056920000001,0.5366,34089.553026400004,-1.2874065621011082,-1.598771724046252,2943.8138350321356,-1.3787486533556326,-0.5241158583136302,0.7305281693264534,0.0628900109929266
UGA,Neurological disorders,404.75,304080.0389564469,0.2316884230495494,-1.4623186535680488,L,-0.5072401214689258,836.28,21372.24,30.2253728,1.1968,14749.42476,-1.2844238342586884,-1.3876399852136367,2351.4495322320777,-1.2984925953599873,-1.0811730638454349,-2.148665456324972,0.1177789936099899
UKR,Neurological disorders,944.6693266666666,786120.1731154807,0.2091684900785346,-1.5645673719699784,L,0.0263689861798188,1320.52,13619.72,1140.1403976,32.0196,359398.68044400006,1.3067507525185311,0.654830096971447,15902.135507178204,0.2677390549686009,-0.4111190423477763,-0.0235463516774898,-1.1193342299899844
URY,Neurological disorders,82.51533333333333,56950.74946610193,0.1519219584627276,-1.8843225000498949,UM,-0.3238726658817929,296.0,10230.92,615.0790922,41.8794,6442.1798528,-0.4592438262531174,0.9210396807169186,25109.14942301282,0.4971128503512155,1.2160661933420849,0.4715530813048982,-0.5408887977947744
USA,Neurological disorders,162409.018028,6535264.279761864,4.325659936310358,1.464567026957167,H,2.8302856098528664,196098.56,8732175.16,3937.0878280000006,28.6468,934111.267824,1.531247288427929,1.1413510603683428,63579.52211583438,1.1916745374493285,1.1408386019700445,0.86763262769081,2.296449380564211
UZB,Neurological disorders,178.0,352395.5860844464,0.0879214679843328,-2.431197540810389,L,-0.6105929717749546,93.32,757.28,548.7124468000001,25.948799999999995,145820.8233,0.7352887163765999,0.845307643961741,6771.372711363738,-0.2682921471998427,-1.5342483300634064,1.4465181185625238,0.3795572183990635
VEN,Neurological disorders,324.23344545454546,355525.4205984391,0.1587422533656549,-1.8404104468807536,UM,-0.341527656895934,225.92,8078.48,205.77687919999997,17.6204,27298.575182399996,-0.9929102806348242,0.3817357826118681,,0.0571907546713842,-0.8264250839719341,-0.2825214396990471,-0.9588895115708752
VNM,Neurological disorders,115.0972375,1084442.7276274296,0.0184741160656412,-3.9908435067446826,L,-0.4934521846142816,927.6,19423.76,525.8847767999999,7.8774,187418.696472,-0.514446394638925,0.0030755988359821,8760.437449736877,-0.1976965406295996,-1.6107193526977948,0.3268317085869689,-1.174223212607048
ZAF,Neurological disorders,1696.6481684210528,607386.974782839,0.4862187546700796,-0.7210760771992218,UM,0.0291253425765472,4149.12,125429.28,404.9987222,7.338399999999999,123314.596444,0.1460837543893123,-0.0382327848486599,13658.44123280344,-0.2863745306371325,0.7082799515808104,-2.2553022572750243,-0.1271103134507558
ZMB,Neurological disorders,486.0498,177795.21533057335,0.4758456327255431,-0.7426407633466141,L,-0.5940702205720861,246.32,6149.96,41.90146,1.4438000000000002,26718.732488,-1.2878847399390634,-0.9814408789813224,3255.1775640080373,-1.212043940296777,-0.3951098648450484,-0.937576074106514,0.4006683655594721
ZWE,Neurological disorders,496.49612,132509.89103935647,0.6521882204415912,-0.4274067441777258,L,-0.5072401214689258,244.4,5941.76,95.1253,1.26488,25704.12307,-0.9015173122490596,-1.0938914790117371,4759.5101951403985,-1.2489518188194657,-1.1296668830769985,-0.6862179004385326,-0.6844445984855564
AFG,Cardiovascular diseases,1200.0,1357618.7498675203,0.0983495657569809,-2.31912547647735,L,-0.5977808384269677,64.9,1727.86,,2.4104,13906.3606524,-1.2536259804415315,-1.562053160771015,2426.9467970680007,-1.6626173029328206,-1.168834967840953,0.2163864504601283,-0.2073326726603103
AND,Cardiovascular diseases,0.1734,2618.6060399743596,5.009993381937321e-05,-9.719501817598871,H,1.5688212044735264,,,,36.7296,213.062736,0.7033133754786799,0.4115696152729983,61549.34101972721,0.8552926647391863,1.1709918100819778,1.0656724008837637,0.6371132137560546
ARE,Cardiovascular diseases,158.750725,150549.90546923495,0.0458673634156719,-3.0817834553366863,H,0.1920029761475444,1116.96,24179.72,2305.6505460000003,21.4316,11601.6235952,1.5859591123627317,0.739741774545433,75883.36711327448,0.799806995013803,-1.9344777676315972,-0.4500935554777018,0.6962244258052003
ARG,Cardiovascular diseases,8716.326904347825,1912668.2424502168,0.5070641318982788,-0.6790980693176917,UM,-0.1971266896177451,2264.52,74790.52,1070.2597744000002,44.25206,181393.79928400004,-0.1479497937403469,0.7764603378206705,25990.3505237228,0.6905695827419523,0.8295144996597187,0.3344486229405448,-0.4775553563135469
ARM,Cardiovascular diseases,17.03805,268234.41124453483,0.0049227518881843,-5.311858254329438,L,-0.5581657805862664,110.32,1882.72,1175.627104,28.470400000000005,13243.130306,-1.429464003479396,0.055858533544136,11854.35125599687,0.1490888951540521,-0.4892997829678927,0.2582794794047928,-1.2924456367053392
AUS,Cardiovascular diseases,50998.958008,806028.8955254159,7.040114452810823,1.9516258479697808,H,1.686037901709881,22961.92,947877.52,4359.00251,33.058800000000005,85850.1701944,1.456383302363544,1.3180591461304236,54212.04883866928,1.2635086634330837,1.1629095068767166,0.669592854497853,2.2668937745396383
AUT,Cardiovascular diseases,5176.353226086956,512749.9267944842,1.123278186529559,0.116260264855486,H,2.655772449106955,5286.92,240017.96,4695.050182000001,48.396800000000006,63505.0815056,1.6309661067007597,0.8590771051899555,60268.85667814417,1.1438676880877248,1.1294922917011208,0.9514186855801358,1.3042254640249829
BEL,Cardiovascular diseases,6536.17745909091,511672.1863355483,1.4213500621373,0.3516142034623049,H,2.2618360855426443,7814.2,391540.56,4406.680888,31.26,65894.4112724,1.0201304133783438,1.1229917787307244,56940.3921111463,1.2300686392682318,1.2583428562619086,1.24847834536957,-0.013110118784546
BEN,Cardiovascular diseases,118.0,258132.0216363639,0.0340933805691236,-3.3783587626819593,L,-0.5072401214689258,99.28,2101.76,,0.7802,4799.8084716,-1.4796755259063692,-1.9682522670033291,3038.469075736016,-1.505573041299367,0.05470139430926,-3.009376778278969,-1.0897786239654117
BGD,Cardiovascular diseases,19623.6976375,7308516.735424715,0.2987587446089749,-1.2080854342437013,L,-0.5977808384269677,1578.28,27412.72,,4.420799999999999,98716.98583,-1.0628404320668117,-1.4312432791029814,5113.32897934955,-0.8813592568887959,-0.8733646141255625,-0.2672876109918965,-1.2797789484090936
BGR,Cardiovascular diseases,2443.2317421052635,1472491.35968306,0.1846209302561649,-1.6893964180984986,LM,-0.0529334492358485,540.64,14482.68,1794.3050359999995,39.0588,51813.283158,0.3708480312202768,0.1866684152121687,22821.77151822954,0.4636728261863637,0.4064370126458878,0.3725331947084208,-1.5500016320623302
BHR,Cardiovascular diseases,14.617675,31896.39181126157,0.0042234403119556,-5.464740303964295,UM,-0.7261588813181815,171.72,3694.36,384.09338,9.0324,2393.7282384,1.2791041336763491,0.6800741092231726,54743.29230787483,0.6903218788592502,-1.5793227133235133,0.2430456506976422,0.616002066595645
BHS,Cardiovascular diseases,32.252,17911.471645043664,0.0093184721196218,-4.674684037487798,H,-0.8138068089056336,36.96,823.12,,22.5584,1058.0563458,1.2020927093083464,0.8774363868275739,33575.55781679383,0.4698654232539282,0.8215876253622518,0.943801771226561,0.8017801616072459
BIH,Cardiovascular diseases,193.393075,348646.35353686323,0.0558764720797294,-2.8844329302598606,LM,-0.6863384046578135,267.0,3933.32,278.01888440000005,19.2996,8156.2943572,-0.6615872221458549,-0.2654288951141922,13009.191373023836,0.096080264255694,-0.0009421546808029,0.0602397062118369,-0.9926673470275296
BLR,Cardiovascular diseases,1213.1539916666666,1593183.3108193458,0.0847264892341704,-2.468208964495983,LM,-0.0607532128429428,198.64,3022.28,1472.9208640000004,39.4592,100249.4446188,0.8904415654722012,0.624996264310316,22194.85517432224,0.4379116223852935,-1.3315690343007185,0.0602397062118369,-1.030667411916266
BOL,Cardiovascular diseases,72.0,312132.3796783883,0.0208027406862449,-3.872189946804082,LM,-0.6163180276179551,58.8,2683.08,100.5244707968,9.19619999988,12581.1942184,-0.2250687763546017,-0.5178690176314497,9949.461080913694,-0.2566500647128187,0.2946836279423804,-0.4196258980634005,-0.2453327375490466
BRA,Cardiovascular diseases,52367.341064,8328209.092178282,0.6996453161269492,-0.357167470743078,UM,0.5891447452387177,13637.08,322292.68,714.2783391999999,20.265399999999996,489032.7424200001,-0.3604685310344718,0.8039992602770988,17255.480171781295,0.1272909534762228,0.9720428081063328,-0.0844816665060912,-0.4606664385852196
BWA,Cardiovascular diseases,216.96043333333333,69990.91950690046,0.0626857171362314,-2.7694621409134457,UM,-0.2097087846620601,121.56,3325.96,173.69786240000005,3.6592,4949.3935444,0.1460837543893123,-0.5706519523396035,16066.874131336312,-0.3802543021814212,0.4232233346875828,-1.9734764261927416,-0.4015552265360742
CAN,Cardiovascular diseases,72044.554756,1408241.4893074203,5.692369125554347,1.7391282847477656,H,1.489609040499211,29544.04,1275399.56,4570.958856,22.546620000000004,99529.369204,0.875489649203869,1.3731369910432796,54193.397774207595,1.2082706975904025,1.0116771795936688,0.9361848568729852,2.102226826688448
CHE,Cardiovascular diseases,14660.114756521738,328835.7365135297,4.235702301534924,1.44355150794799,H,2.83128423767282,11251.64,585294.32,4556.711074,40.1264,40273.9280124,1.5890091833903168,1.1229917787307244,75268.81661408668,1.322462187516304,1.262539436772333,0.9361848568729852,1.3760033643703735
CHL,Cardiovascular diseases,4055.333985,530636.9489894494,0.8503508848567984,-0.1620944491825298,UM,-0.4130662354494351,1847.84,56678.32,427.5335204,18.3712,38510.5147576,1.0855542670616256,0.5905726112397812,25118.03849731798,0.6531662964538584,1.18093926018076,0.2963640511726688,0.316223776917836
CHN,Cardiovascular diseases,394018.963304,86512948.16935381,0.5067631650786623,-0.6796917816634359,LM,1.4510467220526826,70455.56,1591215.32,1135.717754,17.930799999999998,4576265.56984,-0.4306275453050752,0.5951624316491857,12907.16100572696,-0.0636887400874875,-1.873083349053176,1.4389012042089502,-1.7653353330985035
CIV,Cardiovascular diseases,16.2633,771236.1069877337,0.0023463367749455,-6.0506470798829834,L,-0.7664348184326426,112.92,2443.28,63.99303,1.6373999999999995,8218.7208,-1.1558010247055155,-1.642375017935597,5070.246318122955,-1.4575184880550616,-0.449976269296144,-2.10296397020352,-1.246001112952439
CMR,Cardiovascular diseases,113.13305555555556,837757.2017249316,0.0150258958763577,-4.197314878260441,L,-0.5072401214689258,322.64,7905.04,,1.2016,62153.52664999999,-1.2878847399390634,-1.422063638284172,4525.251514428976,-1.2093191975870483,-1.0312803844437304,-2.64376488930736,-0.295999490734029
COD,Cardiovascular diseases,1697.8582,2266187.939253994,0.0833632275182104,-2.4844280341242273,L,-0.4953296767226226,140.12,2689.56,10.10515,1.2394,48492.72640000001,-1.2770076933611387,-1.7525307077613093,1285.819981235234,-1.6878830989684863,-1.0872347912493805,-1.16608350471377,-1.3642235370507303
COL,Cardiovascular diseases,7235.679655555555,1319813.4314202694,0.6100083999480989,-0.4942661584203575,LM,-0.5575000287062973,1535.84,34683.2,70.2291404,18.6208,74993.781868,-1.260564016157332,0.6410606357432325,15052.503408239549,0.096080264255694,0.2129280224430147,-0.0768647521525165,0.088223387585417
CRI,Cardiovascular diseases,234.39925,117231.0578821713,0.0677242613166708,-2.692163151498372,UM,-0.3306758499618466,168.72,5317.68,325.1844104,21.7234,5792.390856399999,-1.0313112732057932,0.957758243992156,20060.82964907356,0.3494813362604607,1.2672023040061362,0.1364088497475889,0.3880016772632269
CUB,Cardiovascular diseases,32.0,698579.3755597993,0.0050968663618126,-5.277169299308775,LM,-0.2544546968411825,214.8,5593.84,2055.97578,74.8132,50246.253984,-0.4386190363850955,0.9692327950156672,,0.1949141134540343,-1.6295262505408048,-0.5110288703063032,-0.2453327375490466
CYP,Cardiovascular diseases,67.6138,50522.901635742375,0.019535449280717,-3.935012793011543,H,-0.2176931910684379,465.16,12374.08,1138.2687364,24.4508,2915.2800792,0.8165243500751518,0.4207492560918083,42427.20460720808,0.8961638053851175,0.9855651230843652,0.1135581066868635,0.4302239715840451
CZE,Cardiovascular diseases,5422.868061904762,904763.187061556,0.6669037269675924,-0.4050945863084566,UM,1.1611697366947522,2464.28,83101.08,3115.7949599999997,38.12964,73756.44399880001,1.2863611701080897,0.9462836929686442,40335.77650259335,0.948181620752665,1.142082033232391,1.3551151463196212,-0.7013335162138837
DEU,Cardiovascular diseases,79322.152208,5677427.633748318,1.5545758255083244,0.4412091599982767,H,2.728296832832491,34293.0,1532108.0,4359.623428000001,39.07,677483.163832,1.515365013659394,1.1138121379119152,57073.37934866153,1.3090861778503635,1.228189648149975,1.4998365190375504,0.8735580619526369
DNK,Cardiovascular diseases,123236.60748333333,262788.3283517403,20.0,2.995732773553866,H,2.688188615952814,7153.56,338384.52,6645.832076,37.828,17918.6769232,1.518770655459118,0.8980905786698948,63245.14222976299,1.2768846730990249,1.3472481915197752,1.0732893152373375,1.0128916332113371
DOM,Cardiovascular diseases,54.98034,478764.67495033785,0.0127777489220904,-4.359267681845724,LM,-0.6163180276179551,76.56,1606.92,23.9788592,15.9652,13655.559303199998,-0.1924475372210277,0.4207492560918083,16818.470743654518,-0.0089461820102115,0.2587795502420891,0.288747136819093,0.3120015474857542
DZA,Cardiovascular diseases,426.58629999999994,1765101.441797708,0.0268909572380341,-3.615593407950445,LM,-0.4470272749166086,207.72,4076.2,521.9864392000001,13.898400000000002,62365.351725199995,0.2919927298209828,0.2256818886921089,14364.642594725296,-0.0441201333539812,-0.998951171622688,0.5629560535478009,-1.0433341002125116
ECU,Cardiovascular diseases,1199.74878125,409713.4965833441,0.3258210019905385,-1.121376430832573,LM,-0.465617549869982,328.24,6772.68,240.1625596,15.6632,22522.0236884,-0.2250687763546017,0.487301652028176,12441.051274374971,0.0782455847011063,0.2217874701872428,-0.983277560227966,-1.0180007236200206
EGY,Cardiovascular diseases,3099.6676714285713,6732711.098771657,0.0512264408304692,-2.9713042651297896,LM,-0.1462666824577513,5285.44,71870.08,621.9283252000001,6.3452,133970.47101199997,-0.6458053506197035,0.4850067418234732,13357.879306684385,-0.2197421861901304,-1.449850433131551,-0.5491134420741792,-1.030667411916266
ESP,Cardiovascular diseases,80442.60424583334,2024703.5026657905,4.42072720085973,1.4863064697069397,H,0.7212703352108207,17886.52,638478.0,2728.3601160000003,37.743199999999995,142394.354176,1.3191574531884838,0.8797312970322765,43711.9780393328,0.9521448828759064,1.1705255233585974,1.2256276023088415,-0.4944442740418742
EST,Cardiovascular diseases,620.1892399999999,148193.14432641547,0.1791893880016572,-1.719256193616462,UM,0.9088682387994828,389.56,18838.48,3225.7261000000003,32.8172,6929.693693999999,1.3200029007099876,0.551559137759841,34147.59681739785,0.88303549960188,1.222438778561617,1.126607715712365,-1.0222229530521023
ETH,Cardiovascular diseases,198.29722857142855,1841819.465544158,0.0119794978501497,-4.42372419154119,L,-0.4948360047777304,1176.0,22007.16,52.3478988,0.5660000000000001,26162.863530400005,-1.6890782080036626,-2.3698615528262392,1821.9964066710625,-1.9155229671721832,-1.2364465427311138,0.3192147942333942,-0.6886668279176381
FIN,Cardiovascular diseases,9953.066226086956,375467.3294905225,2.875709107420964,1.0563027672937764,H,3.215384091565292,4334.96,206147.32,7524.242588000001,34.032000000000004,27518.692702,1.2316545120575315,1.0449648317708449,53891.28379728628,1.2513711731806567,1.1834261227054552,1.3017967458445934,0.4555573481765362
FRA,Cardiovascular diseases,41620.517445833335,2801132.8685530187,1.6532662256093174,0.5027589105100673,H,1.9322709532508728,21434.08,1005259.36,4058.14122,32.8628,422344.22919199994,1.2577313164408972,0.9003854888745976,50206.07391192202,1.0217496739153389,1.1953941486055528,1.3017967458445934,-0.5915555509797563
GAB,Cardiovascular diseases,1.2538,63798.280376940595,0.0003622566148946,-7.895927116525435,UM,-0.1834849309493806,51.88,1594.76,,3.39772,3474.87075,0.1460837543893123,-0.9332477646825736,19483.622283180644,-0.1801095649577127,-0.8352845317161619,-1.9734764261927416,-0.7055557456459655
GBR,Cardiovascular diseases,353463.597056,3252600.246602635,12.091579348540265,2.492510115750086,H,1.7873119443352363,50955.64,2309909.96,4100.1239000000005,26.6688,191846.488844,1.5557859539332275,1.1138121379119152,48709.53277199082,1.1844911248509518,1.127160858084218,1.2027768592481172,1.8531152901956205
GEO,Cardiovascular diseases,1044.98753125,576545.5065257798,0.2016724362953774,-1.6010609161705889,L,-0.5943974545469862,150.76,4053.08,1033.0797744,49.87840000000001,15784.702178799998,-0.7122671795473384,0.193553145826276,13219.248340109913,0.3465088896680306,-0.0837857625347237,0.2582794794047928,-1.347334619322403
GHA,Cardiovascular diseases,826.3331384615384,1204827.0995800693,0.0763131657910251,-2.5727787722120268,L,-0.4399609701012515,789.04,17859.36,54.02035479999999,1.2055999999999998,18842.2045884,-1.482073723356602,-1.3371519607101856,5281.493507040973,-1.00991757201145,0.5940397043526083,-0.937576074106514,0.3837794478311452
GRC,Cardiovascular diseases,2621.4463136363634,761442.957235737,0.3830651311995417,-0.9595241440274728,H,0.2951881062187891,4336.72,150813.44,2715.1557740000003,56.946000000000005,48714.6293188,1.127178183699807,0.4230441662965101,34962.40147931398,0.9199433781245676,1.1296477206089144,0.4563192525977476,-1.8624466100363852
GRD,Cardiovascular diseases,0.6913,5729.877071098195,0.0001997352032833,-8.469664759642415,UM,-0.3238726658817929,77.44,1381.2,,9.9439999994,376.9644047999999,-0.4592438262531174,0.6387657255385305,14439.155818064788,0.280124249103732,0.9021775140531676,0.2963640511726688,-0.4606664385852196
GTM,Cardiovascular diseases,470.3711533333333,283422.6923312748,0.1359029045706012,-1.9957410059637115,LM,-0.8004733066932486,99.44,2566.92,23.9059628,8.4648,8965.4912772,-0.4238102430226781,-0.4077133278057371,10493.190490144729,-0.6571872430429359,-0.0018747281275638,-0.5262626990134538,0.7131133435335272
HND,Cardiovascular diseases,9.60515,297559.16334514244,0.0027751867319789,-5.883440358666038,LM,-0.8047306822554082,47.52,1026.36,69.9383956,4.2728,5237.808084400001,-0.4238102430226781,-0.2562492542953826,5659.597256564474,-0.7763328106228904,-0.3759921091864512,-0.5262626990134538,0.1220012230420717
HRV,Cardiovascular diseases,526.3279315789474,414246.4311108754,0.1413730639917281,-1.9562823064432675,UM,0.3697420586569883,1030.28,27929.72,1797.05422,30.722800000000003,24049.1890904,0.8242599381710966,0.4895965622328778,30424.392753499713,0.696019068161409,0.7939212797750141,0.9514186855801358,-1.3431123898903212
HTI,Cardiovascular diseases,408.20235,696827.3883518517,0.0651807444834319,-2.7304377759017875,L,-0.5771758690325169,45.92,956.52,,1.833,24589.3873284,-1.0628404320668117,-1.4909109444252424,3257.3885005278403,-1.2038697121675912,-0.7086099718644819,-0.4462850983009133,0.3753349889669817
HUN,Cardiovascular diseases,3750.86829,1151169.2446011703,0.3625447864623314,-1.014579681038661,UM,0.6803707045015658,2102.56,78112.24,2685.499484,32.2488,71875.4526304,0.7481050872363765,0.7351519541360284,30921.08529583642,0.6828907623781721,0.4529102560761359,1.2637121740767174,-1.0686674768050024
IDN,Cardiovascular diseases,2046.36520625,16648538.72481558,0.0136765340285985,-4.291342847148898,L,-0.6656954802255216,3763.72,23272.12,210.39034100799995,3.1054000000000004,225577.216428,-0.3561563550969788,-0.5224588380408542,10027.896402198325,-0.31758521985766,0.27851902153186,-0.4196258980634005,1.2662253991362464
IND,Cardiovascular diseases,207175.48958571427,61507776.89634364,0.3747808323684186,-0.9813871889799396,L,0.0720960873777242,20999.84,361898.64,187.8770994,7.322399999999999,2253635.67836,-0.61746182271422,-0.6119603360242456,5997.703428215718,-0.7773236261537012,0.1022626400940626,-0.6633671573778073,-0.9968895764596114
IRL,Cardiovascular diseases,2172.9863450000003,171992.4944116094,0.6278343256914746,-0.4654630322698159,H,0.7307749947545085,3862.56,148567.64,4045.541872,34.0572,16883.00737,0.6240834065073566,0.7856399786394805,78796.19120554483,1.188206683091492,1.2448205412838769,1.0656724008837637,2.102226826688448
IRN,Cardiovascular diseases,6717.777777777777,3304541.0311768735,0.226195266668628,-1.4863124323323167,LM,-0.1557949356736106,7732.64,138160.44,1107.6320056,11.578600000000002,135331.79713999998,-0.2543426108629983,0.5836878806256739,15041.31246333119,0.2729408365053547,-1.5152860033126028,0.5477222248406503,0.1431123702024811
IRQ,Cardiovascular diseases,188.451475,1719136.0260635102,0.012197148954129,-4.405733519015431,LM,-0.8030624557611098,686.48,7819.12,257.05344,7.317,39542.690875199994,-0.4867073888031044,0.005370509040684,12618.200750284284,-0.4709139232505756,-0.8753851899268775,-0.2596706966383217,-0.3973329971039924
ISL,Cardiovascular diseases,1783.59295,11733.656014990212,0.5153280781758975,-0.6629321312181693,H,2.279052798450904,355.56,19543.32,6682.198872,38.19,1133.7224292,1.2446929142492145,1.2331474685564368,59846.93658326752,1.3556545077984543,1.1394397417999025,1.0656724008837637,1.2408920225437552
ISR,Cardiovascular diseases,4616.829659090909,196349.021000445,1.3339265304254553,0.2881343679698318,H,4.973907159605384,5799.44,244241.44,,35.7984,25646.0703424,1.2440864165759786,0.9325142317404296,39990.70193898606,0.9964838778796736,0.658542701086899,0.9285679425194104,0.4006683655594721
ITA,Cardiovascular diseases,43314.15489583334,3294524.7784857936,1.4628712171841256,0.3804079274800934,H,0.7472433779301987,27038.92,1044767.56,1939.442776,40.6904,211767.055088,0.8954470267798256,0.8728465664181693,49972.48038745556,0.995988470114268,1.086438484242328,1.24847834536957,0.1051123053137447
JAM,Cardiovascular diseases,39.3372,107899.84968173516,0.0113655773739299,-4.476286557285589,LM,-0.7789225387882717,118.64,3659.12,,5.4326,4748.064388399999,0.2852990076084474,0.2945291948331793,10285.854351618776,-0.1511282106815095,0.7853726898463729,-0.5110288703063032,0.4386684304482085
JOR,Cardiovascular diseases,373.9961,229367.52753262687,0.1080575539717628,-2.2249987476627964,LM,-0.1636011072739102,781.36,15669.68,369.9050768,23.2558,12540.478012,0.7812987562779177,0.5423794969410318,9665.93327239689,0.0128517596676184,-1.2883597979341332,0.0983242779797129,-1.195334359767457
JPN,Cardiovascular diseases,92051.284888,5720846.017839214,1.7903528192337124,0.5824182916226894,H,3.232001217456847,32291.16,953951.56,5272.902023999999,22.9328,1709055.64024,1.5721622277790648,0.9554633337874534,42257.92967148511,1.1347026444277288,1.026598354741841,0.7000605119121542,-1.334667931026157
KAZ,Cardiovascular diseases,129.778275,1666281.2694144123,0.0086660803778407,-4.747185421671223,LM,-0.6258432033983137,310.16,6497.16,535.2867768,36.1964,113626.77276320002,-0.2543426108629983,0.9095651296934067,27333.243732460403,0.3777195788885594,-1.2653563195806996,0.0602397062118369,-1.0180007236200206
KEN,Cardiovascular diseases,50208.19507,839998.3996824023,6.65066662308226,1.894718597323722,L,-0.2059053308362432,958.72,28060.28,148.20428219999997,1.6988,59290.953204,-0.8837322135441875,-1.0617627361459043,4610.232110620364,-0.9873765186855128,-0.3242342828912252,-1.0670636181172928,1.22822533424751
KGZ,Cardiovascular diseases,244.0,395315.5065620521,0.0686775832644524,-2.6781868345977036,L,-0.6723073503986197,51.34,1149.96,,18.3112,27526.1069568,1.279308324263032,0.413864525477701,5231.7115508343395,-0.3024752830128009,-0.7689163880883493,0.4487023382441728,-0.5873333215476746
KHM,Cardiovascular diseases,104.0,667392.2522302569,0.0173388866179626,-4.0542269465237215,L,-0.7358589580161591,118.96,3149.44,25.740740800000005,1.9989999999999997,10587.494602,-0.8422434767823592,-1.0525830953270952,4524.759432725333,-1.1194026881660022,-1.150183498905737,0.3344486229405448,-1.495112649445267
KOR,Cardiovascular diseases,47089.48752272727,2214267.1785755013,2.3662627624106585,0.8613160431087179,UM,3.817072996717791,15668.2,409587.4,6080.884064,20.5616,475607.754164,1.4261136430282402,1.0633241134084632,41569.26564396438,1.04181368841425,0.8637088593742831,1.019970914762314,-0.3466662439190105
KWT,Cardiovascular diseases,22.01868,89126.52630955305,0.0063617901429639,-5.0558748217258955,H,-0.6838885095463556,371.24,8648.56,241.3141644,21.208,7519.4662628,1.640414410801008,0.960053154196858,58962.60401646187,0.5627543792674076,-1.0323683867982845,0.2392371935208548,0.8017801616072459
LBN,Cardiovascular diseases,33.77145,180028.91122633923,0.00975748217984,-4.628696555470796,UM,-0.4678020161695108,793.44,24871.56,,24.6196,16220.9302684,-1.0788283613009042,0.0856923662052662,14167.592478390638,0.0965756720210983,-0.5667033790490419,-1.9277749400712896,-0.2875550318698647
LBR,Cardiovascular diseases,170.45929999999998,147215.90037560338,0.049250286325817,-3.010637073764675,L,-0.5072401214689258,28.6,743.24,,0.6732,4521.4085844,-1.2878847399390634,-1.6194259158885735,1595.545288408795,-1.5679944197404252,-0.0674657272164091,-1.16608350471377,0.7975579321751641
LKA,Cardiovascular diseases,702.4119785714286,1106543.466999397,0.0706305289582385,-2.650151234630684,LM,-0.690422161567146,442.4,10503.36,106.5670474,7.6884000000000015,74974.4832076,-0.2543426108629983,0.1430651213228248,10999.968054238268,0.1337312544264902,-0.2877084895597593,0.2658963937583676,1.6884483423444288
LTU,Cardiovascular diseases,3924.970319999999,398091.430624521,1.0970402855104413,0.0926250193586856,LM,0.2701680426927716,521.2,14151.84,2906.158892,41.2456,21687.603698,1.2541591137972343,0.4322238071153193,31533.10830529218,0.7931189901808314,0.969866803397224,0.5020207387191984,-1.7611131036664214
LUX,Cardiovascular diseases,47.66122307692307,22617.1913466122,0.0137706120063681,-4.284492601729129,H,0.8674798087515446,309.2,12400.72,4689.78792,27.3772,2757.048789200001,1.411644006868198,0.948578603173346,129290.29825284838,1.0811986057639649,1.1709918100819778,1.0656724008837637,0.6371132137560546
LVA,Cardiovascular diseases,186.4602476190476,315175.7746094244,0.053873391382112,-2.920932986174491,LM,-0.1041619792970423,209.6,6386.2,1829.198268,31.3912,13563.396933200002,1.1296947912680313,0.5056609336657943,27594.885351783112,0.7148445632468075,0.9765502464323438,0.6162744540228264,-1.1066675416937388
MAR,Cardiovascular diseases,158.55025,2576842.998513957,0.0068461750656226,-4.98260556335358,LM,-0.0600153976816673,625.52,9553.64,870.8234672000002,6.5986,26635.4212752,-1.511975471024861,-0.1460935644696705,7496.17141389544,-0.6170592140451139,-1.214531066732234,0.0678566205654127,-0.3002217201661107
MDA,Cardiovascular diseases,24.4237625,486376.77564709657,0.0055873871781098,-5.185455365458698,L,-0.4348873047725504,57.52,1025.16,791.1779167999999,30.582399999999996,20742.6071924,1.3067507525185311,0.2601055417626437,10541.106021422418,0.1054930117983935,-0.0054495930068134,-0.4729442985384272,-0.8280003991763384
MEX,Cardiovascular diseases,32959.9824,3131795.7977299853,1.1710152802121727,0.1578796729497348,UM,-0.4004159239181893,3497.52,89418.84,303.6330748,21.1272,118420.111624,-0.4816462417038926,0.5010711132563898,20862.6077118635,0.1892169241518748,0.3029213600554353,0.3572993660012702,-0.4184441442644015
MKD,Cardiovascular diseases,71.368425,253419.1704984611,0.0206202616452877,-3.880996269221875,LM,-0.4447812599070674,178.08,4548.32,682.2130980000001,27.465800000000005,9242.013092,-1.4247478821841577,-0.0956055399662188,17335.33891683372,0.2236477638475373,-0.1380304513546449,-0.8461731018636114,-0.7562224988309474
MLI,Cardiovascular diseases,283.0,451043.9219659503,0.0698130526891222,-2.6617910559877314,L,-0.4925217732812587,105.44,2811.88,33.941968599999996,1.0396,4003.253818400001,-1.3782146655675636,-1.7410561567377976,2679.265335748308,-2.0579526997261826,-0.2889519208221068,-1.265103391310248,-0.882889381793402
MLT,Cardiovascular diseases,3.7275,22336.482094613835,0.0010769752209441,-6.824356466922453,H,-0.1520181529554655,153.92,4448.92,1590.6303136,35.9156,2372.1001244,0.2546725489378728,0.8292432725288245,43690.113072275446,0.8800630530094478,0.8399282364818814,-0.4043920693562499,1.2957810051608192
MMR,Cardiovascular diseases,80.0,3792095.176950578,0.0023473604657848,-6.050212732574234,L,-0.7407849064408301,75.2,1745.6,24.3904088,5.7177999999999995,45057.8505552,0.2543526959842814,-1.038813634098881,4160.257687868157,-1.2278969887897442,-1.4243600922534216,1.278946002783869,1.6377815891594465
MNE,Cardiovascular diseases,9.2348,72842.08577090385,0.002668182634574,-5.9226168359152815,UM,-0.0953800041900855,62.8,1202.52,691.0647623999998,22.7052,2472.6120060000003,-0.4364737873645732,0.1683091335745504,20214.682614526668,0.5511122967803843,-0.2446546821009674,-0.59481492819563,-1.4908904200131847
MNG,Cardiovascular diseases,73.1823,175002.8554460248,0.0211443390239303,-3.855910239735458,L,-0.606735919280835,64.88,1420.4,370.69395800000007,31.70519999999999,21939.410153999997,0.0555595620579777,0.1338854805040156,11806.669179457976,-0.0914315749501805,0.3153556726789135,0.6848266832050036,0.2106680411157903
MOZ,Cardiovascular diseases,98.02042857142858,806179.8442694976,0.0135286259459489,-4.302208497744391,L,-0.441411211580922,132.04,5272.52,32.79408900000001,0.6626000000000001,20040.8482376,-1.140076444058883,-1.598771724046252,1300.3855616581347,-1.8850553895997628,-0.6008977387636056,-1.16608350471377,-1.0897786239654117
MWI,Cardiovascular diseases,2884.5,451571.9951031904,0.7107429664948469,-0.3414303547068756,L,-0.5072401214689258,332.88,9001.64,42.9861488,0.3731999999999999,17978.519106400003,-0.9663518487866488,-1.369280703576018,1500.3485355091457,-1.5744347206906932,-0.2205632013929792,-1.16608350471377,0.4893351836331908
MYS,Cardiovascular diseases,3988.88497,1306628.4138151612,0.3396787998509589,-1.0797253750657712,UM,0.3205595102977949,2605.48,55587.32,1096.0548646,13.974800000000002,56728.86625879999,0.9490977587343962,0.7007283010654937,26017.720142413487,0.3222339091631748,-0.8323313824680858,-1.50122773627108,0.172667976227054
NAM,Cardiovascular diseases,1.8898,85287.41058052564,0.0005460141576231,-7.494716800686916,LM,-0.4431584255864033,64.68,1245.32,168.65080719999995,4.247199999999999,5608.9638,-0.3877370729215434,-0.4077133278057371,10254.713643524048,-0.7473514563466852,0.3315202790894335,-2.415257458700104,-0.4311108325606471
NGA,Cardiovascular diseases,1733.9867714285715,4763034.2591587175,0.0405070953852293,-3.2060312856550124,L,-0.5965390932024645,2139.6,34309.04,30.4566354,3.4715999999999996,70528.5225,-0.960798900109685,-1.5551684301569078,7594.354887665404,-1.3435747020118616,-0.3508126261239092,-2.2553022572750243,0.8017801616072459
NLD,Cardiovascular diseases,89729.53021666668,710954.451803036,14.043088862006286,2.642131090910439,H,1.6760164894550469,16957.44,859167.12,4281.813516,31.9052,62550.2333876,1.5517671302296476,0.9715277052203698,62999.86555815831,1.2560775469520056,1.1470557582817829,1.012354000408737,1.8024485370106376
NOR,Cardiovascular diseases,20381.274647826085,219012.68145898377,5.888699602137001,1.7730368908323144,H,1.346422634431936,4862.76,209808.6,5739.830929999999,41.2756,20221.0005844,0.8433966781901925,1.0793884848413795,85207.42722944335,1.3868651970189827,1.2600525742476367,0.981886342994438,1.0213360920755006
NPL,Cardiovascular diseases,3530.86746,1132921.0467445862,0.3467774099662822,-1.0590433381768287,L,-0.5849687050789807,901.52,11567.88,59.65797,5.1694,8137.124040399999,-0.842358014740521,-1.4518974709453023,3508.52037662225,-1.082247105760611,-0.3497246237693546,-0.015929437323915,-0.3762218499435834
NZL,Cardiovascular diseases,19946.620868181817,184719.86276043832,5.76311640955039,1.7514801068921544,H,0.7569952581257706,3266.96,128033.0,4179.645111999999,28.086,11776.8108888,1.1486204745742885,1.2560965706034597,43747.40306150099,1.2322979742125555,1.2142010464485624,1.0352047434694611,2.2668937745396383
OMN,Cardiovascular diseases,2.33515,113560.63082047696,0.0006746877765761,-7.286547624229444,UM,-0.6160502907294005,324.8,6590.2,254.8387608,19.08,4783.3042396,0.2173835384083884,0.5171354846893061,40703.55778955031,0.4792781707966277,-1.5976633244431433,-0.6747925289081694,0.9537804211621912
PAK,Cardiovascular diseases,4207.70196875,8535275.30976328,0.0548525049267809,-2.9029251341654483,L,-0.5323366079765423,2507.96,50960.8,218.36298560000003,8.3796,102724.429004,-0.61746182271422,-1.0938914790117371,4604.534345725936,-1.3683450902821224,-0.741250042501111,0.2163864504601283,-1.1700009831749665
PAN,Cardiovascular diseases,167.14667999999998,99095.3628248652,0.0482931811195383,-3.030257858804231,UM,-0.6140284156054884,76.24,4280.52,118.2820104,14.8664,7854.0216504,-0.7564787574548428,0.6731893786090654,25958.763735724344,0.3569124527415395,0.6501495400660523,0.2468541078744295,-0.0088878893524642
PER,Cardiovascular diseases,5247.097329411765,584912.0616423404,0.998154044620882,-0.0018376428108775,LM,-0.6981916603943965,622.88,16100.88,,14.3462,48266.29250039999,-0.6962755389557354,0.1453600315275267,12528.092016874456,0.0827042545897528,0.7769795288255256,-0.6024318425492058,-0.6380000747326562
PHL,Cardiovascular diseases,14265.12056111111,4923919.535506786,0.3223543440611841,-1.1320728698095015,LM,-0.6155235363528765,608.6,15265.12,115.4890196,8.777199999999999,99546.5422768,0.039412942133762,-0.0910157195568143,7275.56410305801,-0.306190841253341,-0.3525223441096372,0.517254567426349,0.2740014825970179
POL,Cardiovascular diseases,22440.60756,3103345.239094826,0.8045879916062485,-0.2174125156089525,UM,0.3119632071327089,6545.88,171263.2,2251.738904,25.763999999999996,247467.471128,1.4163487598517872,0.6640097377902562,29884.23115253326,0.8156600435067692,0.9036540886772048,0.7762296554479063,-0.7562224988309474
PRI,Cardiovascular diseases,938.39154,154308.24391909214,0.271126609288695,-1.305132491798572,UM,-0.2912377446624314,,,293.1154456,,,-0.7259081394261464,0.6146691683891559,41285.88234229262,0.3102202708520987,0.9021775140531676,0.2963640511726688,0.2866681708932631
PRT,Cardiovascular diseases,3758.741585,577632.2336804026,0.7240358602566908,-0.3229005457065155,H,0.7576933230784961,4251.6,127431.44,3690.75784,44.1928,36170.0584736,0.7436194726614643,1.0449648317708449,37093.18332037167,0.7200463447835633,1.2093827503069654,0.631508282729977,-1.208001048063703
PRY,Cardiovascular diseases,51.29103333333333,202357.43045497304,0.0148193620272621,-4.211146142822902,LM,-0.7439433810763073,61.48,1653.72,119.17626299999998,17.148000000000003,5292.8180728,0.0087721680868115,0.3473121295413333,13192.181127501142,-0.0763216381053215,0.0716431452587482,-0.7928547013885858,-0.4395552914248105
PSE,Cardiovascular diseases,301.0,138355.68091559233,0.0869670131466628,-2.4421114119439613,LM,-0.4089788881986852,188.88,4298.48,364.2897808,15.2826,5693.440376799999,-0.2543426108629983,0.1499498519369312,5354.912957495792,-0.2261824871403991,-1.214531066732234,-0.0959070380364544,-1.5457794026302485
QAT,Cardiovascular diseases,1008.0,31948.900611714544,0.291238369607429,-1.2335788720323018,H,-0.1760847243822053,762.52,20507.08,699.6647419999999,27.269,2408.958384,1.369961805366068,0.989886986857988,117119.99710764772,0.7299545000916665,-2.037060846775289,0.2392371935208548,1.371781134938292
ROU,Cardiovascular diseases,5782.866442105264,2705699.129681986,0.2378114101964573,-1.436235264310454,LM,-0.2801164056690808,1687.2,36692.92,931.5613616,26.8992,142187.626808,0.4608248454821719,0.3771459622024635,27423.4610312035,0.4874523989258137,0.3750403732716061,0.1897272502226155,-1.414890290235712
RUS,Cardiovascular diseases,34266.87139,23953360.838427503,0.1591757943146229,-1.8376832412453057,LM,0.5238738769881611,6103.04,95354.44,3038.264508,45.41480000000001,1224673.333888,0.0957556262539488,0.6043420724679949,32776.237809188046,0.5134613066095881,-1.1015342507663797,-0.0844816665060912,-1.31777901329783
SAU,Cardiovascular diseases,4699.581893333333,1316186.23200506,0.3972929937286072,-0.9230560810059628,UM,-0.3195537416096209,4051.96,88253.56,589.8781,22.165199999999995,63306.122842,1.087822954732511,0.8820262072369784,58198.93178177366,0.5981760344938795,-2.148347944755415,0.0678566205654127,-0.2326660492528014
SDN,Cardiovascular diseases,309.98375,1944979.9528530492,0.0177334333269017,-4.031739784924347,L,-0.5384291609089094,243.48,4856.4,,2.8784000000000005,27173.1927936,-0.6309188242347716,-1.467961842378219,3739.5830431078225,-1.5043345218858548,-1.4787602099811368,0.2582794794047928,0.1346679113383176
SEN,Cardiovascular diseases,9.026966666666668,489960.0009186265,0.0020499829075195,-6.185057593535663,L,-0.2795214348056261,181.24,3415.92,435.4852584,1.1557000000000002,10467.9669544,-1.1288642282346195,-1.5046804056534564,3670.3894565647,-1.5296003179215203,0.447470244303365,-0.6405164143170818,-0.5408887977947744
SGP,Cardiovascular diseases,1645.9031899999998,142143.36680546193,0.4755457952254627,-0.7432710637638641,H,1.8002535864272085,3571.44,149622.84,6402.609976000002,20.4104,12778.507642,1.640414410801008,1.2813405828551865,102904.17860234065,1.2278393043239095,-0.6695973160083207,0.943801771226561,-0.0975547074261829
SLV,Cardiovascular diseases,439.4034,173569.77051774613,0.1269554859285327,-2.0638399938004284,LM,-0.7051789776985711,44.48,1186.48,64.6676792,18.7678,6746.7366368,-0.4238102430226781,0.624996264310316,9273.01392438114,-0.4461435349803141,-0.0618702865358437,-0.5262626990134538,-0.9884451175954476
SRB,Cardiovascular diseases,1560.8019000000002,1211496.8771773211,0.1433489492957952,-1.9424036589132676,UM,0.078537672786454,1172.16,24938.56,1709.916424,29.2386,39829.6700988,-0.9026283560717088,-0.0611818868956836,18124.0177351574,0.3217385013977691,-0.2903507809922484,0.1668765071618901,-1.6893352033210305
SVK,Cardiovascular diseases,845.06736,507486.09379732574,0.1852832711930464,-1.68581545939362,UM,0.0790428851144737,711.76,20155.96,2604.693996,33.9888,34136.6889316,1.0561154061859035,0.8017043500723969,30335.36358264918,0.7200463447835627,1.0267537836496354,1.1646922874802412,-0.9588895115708752
SVN,Cardiovascular diseases,99.14135,120886.83396243615,0.0286446082685312,-3.5524410016867383,H,1.5688212044735264,826.24,27272.8,3843.0390280000006,27.227199999999996,9423.0723276,0.4858611588299455,0.9302193215357276,39279.976435910976,1.0529603631358675,0.9916268504883106,0.905717199458686,0.160001287930808
SWE,Cardiovascular diseases,83637.856336,569828.0867762413,16.33157499078055,2.793100962332397,H,3.5012809270090774,10995.76,518697.44,6472.473894,38.8488,24547.856226400003,1.473524592750634,0.8613720153946574,57211.250518340894,1.2753984498028084,1.3132092607130048,1.522687262098276,0.4513351187444545
THA,Cardiovascular diseases,7853.668476190476,2781326.260819827,0.3141880452548218,-1.1577317745204467,LM,-0.0890658759016732,2742.76,67800.16,897.2197834,4.1786,146109.074908,-1.0712678786124514,0.67777919901847,17420.47860657954,0.1337312544264902,-0.8848663533022793,0.6924435975585773,0.886224750248882
TUN,Cardiovascular diseases,127.92270666666668,598408.1210975328,0.0237858781152532,-3.7382429017382943,LM,0.0009232107428812,844.36,14196.08,1474.0663639999998,11.498,20373.418867999997,0.4116063108887263,0.2968241050378812,11883.999462028434,-0.0837527545863996,-0.5494507702839665,-0.5719641851349045,-0.8322226286084204
TUR,Cardiovascular diseases,11925.26720909091,3539814.6932773297,0.37484922684746,-0.9812047185635354,UM,0.2945397931399904,9173.76,161346.6,1180.9438388,17.195600000000002,205899.00472800003,0.2173835384083884,0.4092747050682964,24132.177663504997,0.2788857296902191,-0.4148493361348195,-1.417441678381752,-1.495112649445267
TWN,Cardiovascular diseases,114126.89100952382,780811.4229061018,16.26338175171395,2.788916677183147,H,0.164071915090892,7309.68,202897.52,,,,0.9879854174359308,0.9554633337874534,49027.62762815805,1.1454777633252913,0.9052083777551394,0.1744934215154649,-0.1271103134507558
TZA,Cardiovascular diseases,1091.1852285714283,1292452.0644052282,0.0939405420325053,-2.3649867837672427,L,-0.3009049953817357,574.24,14129.28,27.44056920000001,0.5366,34089.553026400004,-1.2874065621011082,-1.598771724046252,2943.8138350321356,-1.3787486533556326,-0.5241158583136302,0.7305281693264534,0.0628900109929266
UGA,Cardiovascular diseases,3245.4494999999997,716462.230084362,0.5040232649221479,-0.6851130112591349,L,-0.5072401214689258,836.28,21372.24,30.2253728,1.1968,14749.42476,-1.2844238342586884,-1.3876399852136367,2351.4495322320777,-1.2984925953599873,-1.0811730638454349,-2.148665456324972,0.1177789936099899
UKR,Cardiovascular diseases,6870.395521052632,8569725.278971503,0.0892039052491228,-2.416718363102434,L,0.0263689861798188,1320.52,13619.72,1140.1403976,32.0196,359398.68044400006,1.3067507525185311,0.654830096971447,15902.135507178204,0.2677390549686009,-0.4111190423477763,-0.0235463516774898,-1.1193342299899844
URY,Cardiovascular diseases,166.2316,186394.3745628449,0.0480287898424943,-3.035746472710158,UM,-0.3238726658817929,296.0,10230.92,615.0790922,41.8794,6442.1798528,-0.4592438262531174,0.9210396807169186,25109.14942301282,0.4971128503512155,1.2160661933420849,0.4715530813048982,-0.5408887977947744
USA,Cardiovascular diseases,1092523.565116,16744081.685789889,7.260031536106203,1.982385550047088,H,2.8302856098528664,196098.56,8732175.16,3937.0878280000006,28.6468,934111.267824,1.531247288427929,1.1413510603683428,63579.52211583438,1.1916745374493285,1.1408386019700445,0.86763262769081,2.296449380564211
UZB,Cardiovascular diseases,435.974,2129300.740450467,0.0227820401592567,-3.7813439197989296,L,-0.6105929717749546,93.32,757.28,548.7124468000001,25.948799999999995,145820.8233,0.7352887163765999,0.845307643961741,6771.372711363738,-0.2682921471998427,-1.5342483300634064,1.4465181185625238,0.3795572183990635
VEN,Cardiovascular diseases,1867.7640611111112,1121622.5127222436,0.1852867334557633,-1.6857967742554694,UM,-0.341527656895934,225.92,8078.48,205.77687919999997,17.6204,27298.575182399996,-0.9929102806348242,0.3817357826118681,,0.0571907546713842,-0.8264250839719341,-0.2825214396990471,-0.9588895115708752
VIR,Cardiovascular diseases,19.0833,6567.667151794784,0.005513679740803,-5.198711021074664,H,-0.8138068089056336,,,,,,1.2020927093083464,0.8831736623393294,51317.39505491391,0.4398932534469136,0.8215876253622518,0.943801771226561,0.8017801616072459
VNM,Cardiovascular diseases,4142.908145454546,4746578.102254881,0.097116651771749,-2.331739463780002,L,-0.4934521846142816,927.6,19423.76,525.8847767999999,7.8774,187418.696472,-0.514446394638925,0.0030755988359821,8760.437449736877,-0.1976965406295996,-1.6107193526977948,0.3268317085869689,-1.174223212607048
ZAF,Cardiovascular diseases,39588.343940000006,2305488.1627285047,1.9106162449241877,0.6474310652423048,UM,0.0291253425765472,4149.12,125429.28,404.9987222,7.338399999999999,123314.596444,0.1460837543893123,-0.0382327848486599,13658.44123280344,-0.2863745306371325,0.7082799515808104,-2.2553022572750243,-0.1271103134507558
ZMB,Cardiovascular diseases,115.43685,439615.9077246408,0.0292173010968664,-3.5326520374484662,L,-0.5940702205720861,246.32,6149.96,41.90146,1.4438000000000002,26718.732488,-1.2878847399390634,-0.9814408789813224,3255.1775640080373,-1.212043940296777,-0.3951098648450484,-0.937576074106514,0.4006683655594721
ZWE,Cardiovascular diseases,0.5588,519658.97438199207,0.0001196484270583,-8.95068417826807,L,-0.5072401214689258,244.4,5941.76,95.1253,1.26488,25704.12307,-0.9015173122490596,-1.0938914790117371,4759.5101951403985,-1.2489518188194657,-1.1296668830769985,-0.6862179004385326,-0.6844445984855564
AFG,Diabetes and kidney diseases,2400.0,313290.39064579405,0.4522594518205615,-0.7934771444198331,L,-0.5977808384269677,64.9,1727.86,,2.4104,13906.3606524,-1.2536259804415315,-1.562053160771015,2426.9467970680007,-1.6626173029328206,-1.168834967840953,0.2163864504601283,-0.2073326726603103
AGO,Diabetes and kidney diseases,192.7968,281038.47691004304,0.0405002330900174,-3.2062006678957307,L,-0.8144684575382685,24.12,437.72,35.450738799999996,1.5514,24281.724,-1.2878847399390634,-1.568937891385122,9754.451718302276,-1.174392950125981,-1.2330271067596574,-1.16608350471377,-0.3677773910794196
ALB,Diabetes and kidney diseases,248.4796,24241.07947668457,0.1537839382976531,-1.872141635576423,LM,-0.6855572489465708,94.2,1340.48,155.23569,13.945600000000002,8767.3661396,-0.4930546068402314,-0.2126459604060382,12849.222175247694,0.2380145890442885,-0.2151231896202075,-0.937576074106514,-1.0686674768050024
ARE,Diabetes and kidney diseases,1027.09648,72998.0806539257,0.6356696554005105,-0.4530605290118446,H,0.1920029761475444,1116.96,24179.72,2305.6505460000003,21.4316,11601.6235952,1.5859591123627317,0.739741774545433,75883.36711327448,0.799806995013803,-1.9344777676315972,-0.4500935554777018,0.6962244258052003
ARG,Diabetes and kidney diseases,3586.083926315789,692630.6507059191,0.3056625469129096,-1.1852408581320046,UM,-0.1971266896177451,2264.52,74790.52,1070.2597744000002,44.25206,181393.79928400004,-0.1479497937403469,0.7764603378206705,25990.3505237228,0.6905695827419523,0.8295144996597187,0.3344486229405448,-0.4775553563135469
ARM,Diabetes and kidney diseases,69.4248,52528.54334004788,0.042966984651967,-3.1470905472329145,L,-0.5581657805862664,110.32,1882.72,1175.627104,28.470400000000005,13243.130306,-1.429464003479396,0.055858533544136,11854.35125599687,0.1490888951540521,-0.4892997829678927,0.2582794794047928,-1.2924456367053392
ASM,Diabetes and kidney diseases,357.8267,2605.590519596637,0.2214588205794473,-1.507473464283594,UM,-0.3963829446946172,,,118.276418,,,-0.3724278953034905,0.5377896765316272,,0.3531968945010001,0.4585834112105977,0.2049610789297661,-0.409999685400238
AUS,Diabetes and kidney diseases,53967.12142272727,223095.851411171,14.281086305977375,2.6589367260918766,H,1.686037901709881,22961.92,947877.52,4359.00251,33.058800000000005,85850.1701944,1.456383302363544,1.3180591461304236,54212.04883866928,1.2635086634330837,1.1629095068767166,0.669592854497853,2.2668937745396383
AUT,Diabetes and kidney diseases,2850.8068857142853,109484.01200816451,1.5372361186291417,0.4299925809688541,H,2.655772449106955,5286.92,240017.96,4695.050182000001,48.396800000000006,63505.0815056,1.6309661067007597,0.8590771051899555,60268.85667814417,1.1438676880877248,1.1294922917011208,0.9514186855801358,1.3042254640249829
BEL,Diabetes and kidney diseases,4603.5231523809525,132339.6610131591,2.053637558025499,0.7196175086751171,H,2.2618360855426443,7814.2,391540.56,4406.680888,31.26,65894.4112724,1.0201304133783438,1.1229917787307244,56940.3921111463,1.2300686392682318,1.2583428562619086,1.24847834536957,-0.013110118784546
BGD,Diabetes and kidney diseases,14296.558314285716,1679544.3226826678,0.5025317611439039,-0.6880765357480437,L,-0.5977808384269677,1578.28,27412.72,,4.420799999999999,98716.98583,-1.0628404320668117,-1.4312432791029814,5113.32897934955,-0.8813592568887959,-0.8733646141255625,-0.2672876109918965,-1.2797789484090936
BGR,Diabetes and kidney diseases,1205.5589882352942,161467.95776237192,0.4407837724608992,-0.8191781490542579,LM,-0.0529334492358485,540.64,14482.68,1794.3050359999995,39.0588,51813.283158,0.3708480312202768,0.1866684152121687,22821.77151822954,0.4636728261863637,0.4064370126458878,0.3725331947084208,-1.5500016320623302
BHR,Diabetes and kidney diseases,459.6,25801.19329891543,0.2844462806669093,-1.2571757079908883,UM,-0.7261588813181815,171.72,3694.36,384.09338,9.0324,2393.7282384,1.2791041336763491,0.6800741092231726,54743.29230787483,0.6903218788592502,-1.5793227133235133,0.2430456506976422,0.616002066595645
BHS,Diabetes and kidney diseases,48.378,9428.619465768115,0.0299411274284241,-3.5081883114422348,H,-0.8138068089056336,36.96,823.12,,22.5584,1058.0563458,1.2020927093083464,0.8774363868275739,33575.55781679383,0.4698654232539282,0.8215876253622518,0.943801771226561,0.8017801616072459
BIH,Diabetes and kidney diseases,133.1611,82803.07331386009,0.0824133586260104,-2.495886403768141,LM,-0.6863384046578135,267.0,3933.32,278.01888440000005,19.2996,8156.2943572,-0.6615872221458549,-0.2654288951141922,13009.191373023836,0.096080264255694,-0.0009421546808029,0.0602397062118369,-0.9926673470275296
BLR,Diabetes and kidney diseases,65.14569,63364.594034495734,0.0403186449564392,-3.210693269559426,LM,-0.0607532128429428,198.64,3022.28,1472.9208640000004,39.4592,100249.4446188,0.8904415654722012,0.624996264310316,22194.85517432224,0.4379116223852935,-1.3315690343007185,0.0602397062118369,-1.030667411916266
BMU,Diabetes and kidney diseases,0.5946,1316.4565717291666,0.0003679977338654,-7.880622357427699,H,-0.6027532048371063,17.08,435.76,,,,0.875489649203869,1.2572440257058115,101849.20174323895,1.199972617519866,1.0762578907818563,0.9019087422818975,2.1993381036263293
BOL,Diabetes and kidney diseases,144.0,200126.4609106416,0.0424797019912469,-3.1584935385009363,LM,-0.6163180276179551,58.8,2683.08,100.5244707968,9.19619999988,12581.1942184,-0.2250687763546017,-0.5178690176314497,9949.461080913694,-0.2566500647128187,0.2946836279423804,-0.4196258980634005,-0.2453327375490466
BRA,Diabetes and kidney diseases,17857.748213043476,3165481.8018152677,0.3330507060712057,-1.0994305051022817,UM,0.5891447452387177,13637.08,322292.68,714.2783391999999,20.265399999999996,489032.7424200001,-0.3604685310344718,0.8039992602770988,17255.480171781295,0.1272909534762228,0.9720428081063328,-0.0844816665060912,-0.4606664385852196
BWA,Diabetes and kidney diseases,330.6304,29096.581322131657,0.2046270399377991,-1.5865174059855045,UM,-0.2097087846620601,121.56,3325.96,173.69786240000005,3.6592,4949.3935444,0.1460837543893123,-0.5706519523396035,16066.874131336312,-0.3802543021814212,0.4232233346875828,-1.9734764261927416,-0.4015552265360742
CAN,Diabetes and kidney diseases,49917.36981904762,438661.374019948,6.718089478074933,1.9048052987724795,H,1.489609040499211,29544.04,1275399.56,4570.958856,22.546620000000004,99529.369204,0.875489649203869,1.3731369910432796,54193.397774207595,1.2082706975904025,1.0116771795936688,0.9361848568729852,2.102226826688448
CHE,Diabetes and kidney diseases,11970.048036363638,106290.04864701036,6.648547440041887,1.894399904826357,H,2.83128423767282,11251.64,585294.32,4556.711074,40.1264,40273.9280124,1.5890091833903168,1.1229917787307244,75268.81661408668,1.322462187516304,1.262539436772333,0.9361848568729852,1.3760033643703735
CHL,Diabetes and kidney diseases,1081.638705882353,228218.9667101904,0.2798040328230931,-1.2736300649594394,UM,-0.4130662354494351,1847.84,56678.32,427.5335204,18.3712,38510.5147576,1.0855542670616256,0.5905726112397812,25118.03849731798,0.6531662964538584,1.18093926018076,0.2963640511726688,0.316223776917836
CHN,Diabetes and kidney diseases,178239.58801500002,14383395.575015545,0.7315874209456369,-0.3125248876963026,LM,1.4510467220526826,70455.56,1591215.32,1135.717754,17.930799999999998,4576265.56984,-0.4306275453050752,0.5951624316491857,12907.16100572696,-0.0636887400874875,-1.873083349053176,1.4389012042089502,-1.7653353330985035
CMR,Diabetes and kidney diseases,151.4,349168.96326975373,0.0255984533553895,-3.6648327728087744,L,-0.5072401214689258,322.64,7905.04,,1.2016,62153.52664999999,-1.2878847399390634,-1.422063638284172,4525.251514428976,-1.2093191975870483,-1.0312803844437304,-2.64376488930736,-0.295999490734029
COD,Diabetes and kidney diseases,1522.6530333333333,882033.6115855962,0.1019152798782818,-2.2835152843568047,L,-0.4953296767226226,140.12,2689.56,10.10515,1.2394,48492.72640000001,-1.2770076933611387,-1.7525307077613093,1285.819981235234,-1.6878830989684863,-1.0872347912493805,-1.16608350471377,-1.3642235370507303
COL,Diabetes and kidney diseases,3282.1587875,550684.0089156664,0.3518686762103458,-1.0444688326533194,LM,-0.5575000287062973,1535.84,34683.2,70.2291404,18.6208,74993.781868,-1.260564016157332,0.6410606357432325,15052.503408239549,0.096080264255694,0.2129280224430147,-0.0768647521525165,0.088223387585417
CRI,Diabetes and kidney diseases,120.3614125,71648.35057925632,0.0744916364696271,-2.596934187802609,UM,-0.3306758499618466,168.72,5317.68,325.1844104,21.7234,5792.390856399999,-1.0313112732057932,0.957758243992156,20060.82964907356,0.3494813362604607,1.2672023040061362,0.1364088497475889,0.3880016772632269
CUB,Diabetes and kidney diseases,267.6666666666667,182699.6673742568,0.0864928123140504,-2.447578353271656,LM,-0.2544546968411825,214.8,5593.84,2055.97578,74.8132,50246.253984,-0.4386190363850955,0.9692327950156672,,0.1949141134540343,-1.6295262505408048,-0.5110288703063032,-0.2453327375490466
CYP,Diabetes and kidney diseases,304.3598,20527.973713666845,0.1883681747052315,-1.6693037690641173,H,-0.2176931910684379,465.16,12374.08,1138.2687364,24.4508,2915.2800792,0.8165243500751518,0.4207492560918083,42427.20460720808,0.8961638053851175,0.9855651230843652,0.1135581066868635,0.4302239715840451
CZE,Diabetes and kidney diseases,3315.8180428571427,161174.63851429007,1.21455579394268,0.1943866416795994,UM,1.1611697366947522,2464.28,83101.08,3115.7949599999997,38.12964,73756.44399880001,1.2863611701080897,0.9462836929686442,40335.77650259335,0.948181620752665,1.142082033232391,1.3551151463196212,-0.7013335162138837
DEU,Diabetes and kidney diseases,36010.458895238095,1166708.3414780516,1.8221739659331304,0.6000357629685606,H,2.728296832832491,34293.0,1532108.0,4359.623428000001,39.07,677483.163832,1.515365013659394,1.1138121379119152,57073.37934866153,1.3090861778503635,1.228189648149975,1.4998365190375504,0.8735580619526369
DNK,Diabetes and kidney diseases,5938.172204347826,65932.856899904,3.6751327186387326,1.3015919669144775,H,2.688188615952814,7153.56,338384.52,6645.832076,37.828,17918.6769232,1.518770655459118,0.8980905786698948,63245.14222976299,1.2768846730990249,1.3472481915197752,1.0732893152373375,1.0128916332113371
DOM,Diabetes and kidney diseases,50.94095,179528.09249366252,0.016751669957976,-4.088660549394506,LM,-0.6163180276179551,76.56,1606.92,23.9788592,15.9652,13655.559303199998,-0.1924475372210277,0.4207492560918083,16818.470743654518,-0.0089461820102115,0.2587795502420891,0.288747136819093,0.3120015474857542
DZA,Diabetes and kidney diseases,542.3998,460144.3455202047,0.0695903331636744,-2.6649859248188177,LM,-0.4470272749166086,207.72,4076.2,521.9864392000001,13.898400000000002,62365.351725199995,0.2919927298209828,0.2256818886921089,14364.642594725296,-0.0441201333539812,-0.998951171622688,0.5629560535478009,-1.0433341002125116
ECU,Diabetes and kidney diseases,183.2144875,303558.1594522113,0.0356320973065802,-3.3342278311249673,LM,-0.465617549869982,328.24,6772.68,240.1625596,15.6632,22522.0236884,-0.2250687763546017,0.487301652028176,12441.051274374971,0.0782455847011063,0.2217874701872428,-0.983277560227966,-1.0180007236200206
EGY,Diabetes and kidney diseases,2154.479791666666,1571305.6504786524,0.0809478348912179,-2.5138268167450226,LM,-0.1462666824577513,5285.44,71870.08,621.9283252000001,6.3452,133970.47101199997,-0.6458053506197035,0.4850067418234732,13357.879306684385,-0.2197421861901304,-1.449850433131551,-0.5491134420741792,-1.030667411916266
ESP,Diabetes and kidney diseases,27244.77324285714,726648.4211155857,2.2135143811982365,0.7945859879015839,H,0.7212703352108207,17886.52,638478.0,2728.3601160000003,37.743199999999995,142394.354176,1.3191574531884838,0.8797312970322765,43711.9780393328,0.9521448828759064,1.1705255233585974,1.2256276023088415,-0.4944442740418742
EST,Diabetes and kidney diseases,67.5401,19879.73333768552,0.0418005444753505,-3.1746067110878236,UM,0.9088682387994828,389.56,18838.48,3225.7261000000003,32.8172,6929.693693999999,1.3200029007099876,0.551559137759841,34147.59681739785,0.88303549960188,1.222438778561617,1.126607715712365,-1.0222229530521023
ETH,Diabetes and kidney diseases,722.0,960855.984420033,0.0443611077778473,-3.115166747081995,L,-0.4948360047777304,1176.0,22007.16,52.3478988,0.5660000000000001,26162.863530400005,-1.6890782080036626,-2.3698615528262392,1821.9964066710625,-1.9155229671721832,-1.2364465427311138,0.3192147942333942,-0.6886668279176381
FIN,Diabetes and kidney diseases,42093.686024999995,57536.80935327558,20.0,2.995732773553866,H,3.215384091565292,4334.96,206147.32,7524.242588000001,34.032000000000004,27518.692702,1.2316545120575315,1.0449648317708449,53891.28379728628,1.2513711731806567,1.1834261227054552,1.3017967458445934,0.4555573481765362
FRA,Diabetes and kidney diseases,22565.310695454547,615475.3370879852,2.16448284085056,0.7721860803640794,H,1.9322709532508728,21434.08,1005259.36,4058.14122,32.8628,422344.22919199994,1.2577313164408972,0.9003854888745976,50206.07391192202,1.0217496739153389,1.1953941486055528,1.3017967458445934,-0.5915555509797563
GBR,Diabetes and kidney diseases,158865.119624,650102.6098748504,14.4268039175786,2.6690885526742143,H,1.7873119443352363,50955.64,2309909.96,4100.1239000000005,26.6688,191846.488844,1.5557859539332275,1.1138121379119152,48709.53277199082,1.1844911248509518,1.127160858084218,1.2027768592481172,1.8531152901956205
GEO,Diabetes and kidney diseases,114.94743076923078,73519.67140019378,0.071140925053361,-2.6429519530780734,L,-0.5943974545469862,150.76,4053.08,1033.0797744,49.87840000000001,15784.702178799998,-0.7122671795473384,0.193553145826276,13219.248340109913,0.3465088896680306,-0.0837857625347237,0.2582794794047928,-1.347334619322403
GHA,Diabetes and kidney diseases,531.0594857142858,394808.0960823594,0.079410989064574,-2.532992599760832,L,-0.4399609701012515,789.04,17859.36,54.02035479999999,1.2055999999999998,18842.2045884,-1.482073723356602,-1.3371519607101856,5281.493507040973,-1.00991757201145,0.5940397043526083,-0.937576074106514,0.3837794478311452
GMB,Diabetes and kidney diseases,74.8914,21406.02974203751,0.0463502614968184,-3.0713126199566387,L,-0.7940840376880294,100.12,4097.76,62.712215400000005,0.9686,2436.9764118,-0.6645454941030067,-1.0548780055317974,2685.014329065316,-1.5952418468377114,-0.8657485976436823,-1.16608350471377,1.059336156964237
GRC,Diabetes and kidney diseases,1967.86177,166315.8356814785,0.6985290482315685,-0.3587641988675789,H,0.2951881062187891,4336.72,150813.44,2715.1557740000003,56.946000000000005,48714.6293188,1.127178183699807,0.4230441662965101,34962.40147931398,0.9199433781245676,1.1296477206089144,0.4563192525977476,-1.8624466100363852
GRL,Diabetes and kidney diseases,7255.5,439.6441096687589,4.4904264346796365,1.501949898518074,H,-0.0512865083370962,19.4,659.16,680.0240208,,,-1.8661592011402857,1.2572440257058115,60403.040732769936,1.199972617519866,1.0762578907818563,0.9019087422818975,2.1993381036263293
GTM,Diabetes and kidney diseases,303.8044,324804.30672936776,0.0552199189522912,-2.896250462528178,LM,-0.8004733066932486,99.44,2566.92,23.9059628,8.4648,8965.4912772,-0.4238102430226781,-0.4077133278057371,10493.190490144729,-0.6571872430429359,-0.0018747281275638,-0.5262626990134538,0.7131133435335272
GUM,Diabetes and kidney diseases,4.52095,3259.4008222573257,0.0027980143876872,-5.87527766901145,H,-0.5255624030807862,,,290.4553296,,,1.3025018884689163,1.2870778583669418,,1.2479033188228197,1.1885552766626395,0.8523987989836572,2.2668937745396383
HND,Diabetes and kidney diseases,10.651,99101.50810520648,0.006345028916784,-5.0585088241096745,LM,-0.8047306822554082,47.52,1026.36,69.9383956,4.2728,5237.808084400001,-0.4238102430226781,-0.2562492542953826,5659.597256564474,-0.7763328106228904,-0.3759921091864512,-0.5262626990134538,0.1220012230420717
HRV,Diabetes and kidney diseases,182.18496842105264,78909.67454692381,0.1127542137963158,-2.182456243832502,UM,0.3697420586569883,1030.28,27929.72,1797.05422,30.722800000000003,24049.1890904,0.8242599381710966,0.4895965622328778,30424.392753499713,0.696019068161409,0.7939212797750141,0.9514186855801358,-1.3431123898903212
HUN,Diabetes and kidney diseases,2503.1560666666664,165670.48228071668,0.8920029195704073,-0.1142746626836906,UM,0.6803707045015658,2102.56,78112.24,2685.499484,32.2488,71875.4526304,0.7481050872363765,0.7351519541360284,30921.08529583642,0.6828907623781721,0.4529102560761359,1.2637121740767174,-1.0686674768050024
IDN,Diabetes and kidney diseases,4552.116569230769,3570535.5631363033,0.0752668076352611,-2.5865831911496113,L,-0.6656954802255216,3763.72,23272.12,210.39034100799995,3.1054000000000004,225577.216428,-0.3561563550969788,-0.5224588380408542,10027.896402198325,-0.31758521985766,0.27851902153186,-0.4196258980634005,1.2662253991362464
IND,Diabetes and kidney diseases,96665.12688888887,15045356.558496555,0.3793069719120992,-0.9693830859361016,L,0.0720960873777242,20999.84,361898.64,187.8770994,7.322399999999999,2253635.67836,-0.61746182271422,-0.6119603360242456,5997.703428215718,-0.7773236261537012,0.1022626400940626,-0.6633671573778073,-0.9968895764596114
IRL,Diabetes and kidney diseases,1425.9629666666667,37521.85594054963,0.8825279857203773,-0.1249534477918125,H,0.7307749947545085,3862.56,148567.64,4045.541872,34.0572,16883.00737,0.6240834065073566,0.7856399786394805,78796.19120554483,1.188206683091492,1.2448205412838769,1.0656724008837637,2.102226826688448
IRN,Diabetes and kidney diseases,3480.9155444444445,825588.7549662008,0.2489162226915167,-1.3905987208328705,LM,-0.1557949356736106,7732.64,138160.44,1107.6320056,11.578600000000002,135331.79713999998,-0.2543426108629983,0.5836878806256739,15041.31246333119,0.2729408365053547,-1.5152860033126028,0.5477222248406503,0.1431123702024811
IRQ,Diabetes and kidney diseases,534.0,560847.9918507233,0.056210774902323,-2.8784689302063007,LM,-0.8030624557611098,686.48,7819.12,257.05344,7.317,39542.690875199994,-0.4867073888031044,0.005370509040684,12618.200750284284,-0.4709139232505756,-0.8753851899268775,-0.2596706966383217,-0.3973329971039924
ISL,Diabetes and kidney diseases,439.3890727272728,2184.543578981542,0.2719377447844971,-1.3021453459054229,H,2.279052798450904,355.56,19543.32,6682.198872,38.19,1133.7224292,1.2446929142492145,1.2331474685564368,59846.93658326752,1.3556545077984543,1.1394397417999025,1.0656724008837637,1.2408920225437552
ISR,Diabetes and kidney diseases,1258.1062578947367,118351.62447292364,0.6275763713292073,-0.4658739738956812,H,4.973907159605384,5799.44,244241.44,,35.7984,25646.0703424,1.2440864165759786,0.9325142317404296,39990.70193898606,0.9964838778796736,0.658542701086899,0.9285679425194104,0.4006683655594721
ITA,Diabetes and kidney diseases,35461.59401904762,888533.5587213765,2.356176948881125,0.8570446127606091,H,0.7472433779301987,27038.92,1044767.56,1939.442776,40.6904,211767.055088,0.8954470267798256,0.8728465664181693,49972.48038745556,0.995988470114268,1.086438484242328,1.24847834536957,0.1051123053137447
JOR,Diabetes and kidney diseases,447.63444,123755.63352402142,0.2135413576767552,-1.543877924062072,LM,-0.1636011072739102,781.36,15669.68,369.9050768,23.2558,12540.478012,0.7812987562779177,0.5423794969410318,9665.93327239689,0.0128517596676184,-1.2883597979341332,0.0983242779797129,-1.195334359767457
JPN,Diabetes and kidney diseases,52707.37321666667,1944406.134865048,1.6003238388159842,0.4702122567414962,H,3.232001217456847,32291.16,953951.56,5272.902023999999,22.9328,1709055.64024,1.5721622277790648,0.9554633337874534,42257.92967148511,1.1347026444277288,1.026598354741841,0.7000605119121542,-1.334667931026157
KEN,Diabetes and kidney diseases,37585.3650625,383861.7271988148,5.780527136351182,1.7544966085311102,L,-0.2059053308362432,958.72,28060.28,148.20428219999997,1.6988,59290.953204,-0.8837322135441875,-1.0617627361459043,4610.232110620364,-0.9873765186855128,-0.3242342828912252,-1.0670636181172928,1.22822533424751
KHM,Diabetes and kidney diseases,183.1658,184039.70674823865,0.0587565569854467,-2.8341823446330747,L,-0.7358589580161591,118.96,3149.44,25.740740800000005,1.9989999999999997,10587.494602,-0.8422434767823592,-1.0525830953270952,4524.759432725333,-1.1194026881660022,-1.150183498905737,0.3344486229405448,-1.495112649445267
KOR,Diabetes and kidney diseases,10631.80991904762,337244.01227057667,1.8611717007681845,0.6212116089865433,UM,3.817072996717791,15668.2,409587.4,6080.884064,20.5616,475607.754164,1.4261136430282402,1.0633241134084632,41569.26564396438,1.04181368841425,0.8637088593742831,1.019970914762314,-0.3466662439190105
KWT,Diabetes and kidney diseases,393.4249,45060.1654233064,0.2434905342183436,-1.4126361425467302,H,-0.6838885095463556,371.24,8648.56,241.3141644,21.208,7519.4662628,1.640414410801008,0.960053154196858,58962.60401646187,0.5627543792674076,-1.0323683867982845,0.2392371935208548,0.8017801616072459
LBN,Diabetes and kidney diseases,172.2745666666667,96487.08348310106,0.1054084607603096,-2.2498175086832086,UM,-0.4678020161695108,793.44,24871.56,,24.6196,16220.9302684,-1.0788283613009042,0.0856923662052662,14167.592478390638,0.0965756720210983,-0.5667033790490419,-1.9277749400712896,-0.2875550318698647
LKA,Diabetes and kidney diseases,2438.241292307692,535997.7798676197,0.2685574320963688,-1.314653252816415,LM,-0.690422161567146,442.4,10503.36,106.5670474,7.6884000000000015,74974.4832076,-0.2543426108629983,0.1430651213228248,10999.968054238268,0.1337312544264902,-0.2877084895597593,0.2658963937583676,1.6884483423444288
LTU,Diabetes and kidney diseases,1733.1388736842105,30733.549114160534,1.072639048082485,0.0701313347353234,LM,0.2701680426927716,521.2,14151.84,2906.158892,41.2456,21687.603698,1.2541591137972343,0.4322238071153193,31533.10830529218,0.7931189901808314,0.969866803397224,0.5020207387191984,-1.7611131036664214
LUX,Diabetes and kidney diseases,38.01767777777778,5515.634083162626,0.0235291275967839,-3.749091238296238,H,0.8674798087515446,309.2,12400.72,4689.78792,27.3772,2757.048789200001,1.411644006868198,0.948578603173346,129290.29825284838,1.0811986057639649,1.1709918100819778,1.0656724008837637,0.6371132137560546
LVA,Diabetes and kidney diseases,62.55025,27274.03419657886,0.0387123280402205,-3.251338893375501,LM,-0.1041619792970423,209.6,6386.2,1829.198268,31.3912,13563.396933200002,1.1296947912680313,0.5056609336657943,27594.885351783112,0.7148445632468075,0.9765502464323438,0.6162744540228264,-1.1066675416937388
MAR,Diabetes and kidney diseases,609.95005,585200.2111806552,0.0615337356700403,-2.788007207810024,LM,-0.0600153976816673,625.52,9553.64,870.8234672000002,6.5986,26635.4212752,-1.511975471024861,-0.1460935644696705,7496.17141389544,-0.6170592140451139,-1.214531066732234,0.0678566205654127,-0.3002217201661107
MDA,Diabetes and kidney diseases,77.1652,39945.896297358406,0.0477575155285426,-3.0414094619647565,L,-0.4348873047725504,57.52,1025.16,791.1779167999999,30.582399999999996,20742.6071924,1.3067507525185311,0.2601055417626437,10541.106021422418,0.1054930117983935,-0.0054495930068134,-0.4729442985384272,-0.8280003991763384
MEX,Diabetes and kidney diseases,14752.548121052632,3920029.889444221,0.2221780475778799,-1.5042311945020783,UM,-0.4004159239181893,3497.52,89418.84,303.6330748,21.1272,118420.111624,-0.4816462417038926,0.5010711132563898,20862.6077118635,0.1892169241518748,0.3029213600554353,0.3572993660012702,-0.4184441442644015
MKD,Diabetes and kidney diseases,16.35671,45666.10716324347,0.0101231621484926,-4.591941852621615,LM,-0.4447812599070674,178.08,4548.32,682.2130980000001,27.465800000000005,9242.013092,-1.4247478821841577,-0.0956055399662188,17335.33891683372,0.2236477638475373,-0.1380304513546449,-0.8461731018636114,-0.7562224988309474
MLI,Diabetes and kidney diseases,1151.0,214478.39294160035,0.3168219489926534,-1.1493837750338225,L,-0.4925217732812587,105.44,2811.88,33.941968599999996,1.0396,4003.253818400001,-1.3782146655675636,-1.7410561567377976,2679.265335748308,-2.0579526997261826,-0.2889519208221068,-1.265103391310248,-0.882889381793402
MNE,Diabetes and kidney diseases,260.0,11421.134791007316,0.1609139098637868,-1.82682363525446,UM,-0.0953800041900855,62.8,1202.52,691.0647623999998,22.7052,2472.6120060000003,-0.4364737873645732,0.1683091335745504,20214.682614526668,0.5511122967803843,-0.2446546821009674,-0.59481492819563,-1.4908904200131847
MNG,Diabetes and kidney diseases,400.0,23555.815194161387,0.2475598613289028,-1.3960624688079406,L,-0.606735919280835,64.88,1420.4,370.69395800000007,31.70519999999999,21939.410153999997,0.0555595620579777,0.1338854805040156,11806.669179457976,-0.0914315749501805,0.3153556726789135,0.6848266832050036,0.2106680411157903
MNP,Diabetes and kidney diseases,1.5339,1638.2169562505712,0.000949330178231,-6.949275248039322,H,0.7569952581257706,,,,,,1.3025018884689163,1.2870778583669418,,1.2479033188228197,1.1885552766626395,0.8523987989836572,2.2668937745396383
MOZ,Diabetes and kidney diseases,921.8424,266338.81909864536,0.2043363795598929,-1.5879387859876517,L,-0.441411211580922,132.04,5272.52,32.79408900000001,0.6626000000000001,20040.8482376,-1.140076444058883,-1.598771724046252,1300.3855616581347,-1.8850553895997628,-0.6008977387636056,-1.16608350471377,-1.0897786239654117
MUS,Diabetes and kidney diseases,0.6505000000000001,77706.46111545876,0.0004025942244861,-7.793045955277424,UM,-0.4724135532672008,60.76,1839.4,332.87009,15.0266,4492.2485772,0.1460837543893123,0.4276339867059147,20233.68591839637,0.2134919046567313,0.4642565663450595,-0.1530338956882685,0.7637800967185095
MWI,Diabetes and kidney diseases,2747.852533333333,183212.89244068935,0.8854435435619495,-0.1216552866454453,L,-0.5072401214689258,332.88,9001.64,42.9861488,0.3731999999999999,17978.519106400003,-0.9663518487866488,-1.369280703576018,1500.3485355091457,-1.5744347206906932,-0.2205632013929792,-1.16608350471377,0.4893351836331908
MYS,Diabetes and kidney diseases,3911.311570588235,407609.68715137296,0.5665019387190332,-0.5682571242100452,UM,0.3205595102977949,2605.48,55587.32,1096.0548646,13.974800000000002,56728.86625879999,0.9490977587343962,0.7007283010654937,26017.720142413487,0.3222339091631748,-0.8323313824680858,-1.50122773627108,0.172667976227054
NGA,Diabetes and kidney diseases,2361.696585714286,1731419.8441302208,0.0805276815336352,-2.5190301104937145,L,-0.5965390932024645,2139.6,34309.04,30.4566354,3.4715999999999996,70528.5225,-0.960798900109685,-1.5551684301569078,7594.354887665404,-1.3435747020118616,-0.3508126261239092,-2.2553022572750243,0.8017801616072459
NIC,Diabetes and kidney diseases,56.094,128128.18664751848,0.0258461115825311,-3.655208281115515,L,-0.7516200439326223,51.36,1387.76,,6.7478,5399.1255344,-1.0628404320668117,0.1178211090710991,6299.515574871409,-0.4238501855370798,-0.7317688791257092,0.288747136819093,-0.3804440793756651
NLD,Diabetes and kidney diseases,33917.737291304344,191371.63865367204,10.46339886544435,2.347884300902388,H,1.6760164894550469,16957.44,859167.12,4281.813516,31.9052,62550.2333876,1.5517671302296476,0.9715277052203698,62999.86555815831,1.2560775469520056,1.1470557582817829,1.012354000408737,1.8024485370106376
NOR,Diabetes and kidney diseases,5089.735675,46984.533587251535,3.150035644759424,1.147416943132374,H,1.346422634431936,4862.76,209808.6,5739.830929999999,41.2756,20221.0005844,0.8433966781901925,1.0793884848413795,85207.42722944335,1.3868651970189827,1.2600525742476367,0.981886342994438,1.0213360920755006
NPL,Diabetes and kidney diseases,1645.6,316639.99573533883,0.3068188177875108,-1.181465283693191,L,-0.5849687050789807,901.52,11567.88,59.65797,5.1694,8137.124040399999,-0.842358014740521,-1.4518974709453023,3508.52037662225,-1.082247105760611,-0.3497246237693546,-0.015929437323915,-0.3762218499435834
NZL,Diabetes and kidney diseases,5300.80632,46450.06235400613,3.2806671937764293,1.1880498626030105,H,0.7569952581257706,3266.96,128033.0,4179.645111999999,28.086,11776.8108888,1.1486204745742885,1.2560965706034597,43747.40306150099,1.2322979742125555,1.2142010464485624,1.0352047434694611,2.2668937745396383
OMN,Diabetes and kidney diseases,386.0,39547.59704002628,0.2388952661823912,-1.4316881814341753,UM,-0.6160502907294005,324.8,6590.2,254.8387608,19.08,4783.3042396,0.2173835384083884,0.5171354846893061,40703.55778955031,0.4792781707966277,-1.5976633244431433,-0.6747925289081694,0.9537804211621912
PAK,Diabetes and kidney diseases,2139.9047416666667,2517247.5575522594,0.0501870880079484,-2.991798261776763,L,-0.5323366079765423,2507.96,50960.8,218.36298560000003,8.3796,102724.429004,-0.61746182271422,-1.0938914790117371,4604.534345725936,-1.3683450902821224,-0.741250042501111,0.2163864504601283,-1.1700009831749665
PAN,Diabetes and kidney diseases,73.58211,67821.78909379608,0.0455399423697201,-3.0889459204861867,UM,-0.6140284156054884,76.24,4280.52,118.2820104,14.8664,7854.0216504,-0.7564787574548428,0.6731893786090654,25958.763735724344,0.3569124527415395,0.6501495400660523,0.2468541078744295,-0.0088878893524642
PER,Diabetes and kidney diseases,1124.3148933333332,354660.22467877285,0.1871539352166725,-1.6757703872558556,LM,-0.6981916603943965,622.88,16100.88,,14.3462,48266.29250039999,-0.6962755389557354,0.1453600315275267,12528.092016874456,0.0827042545897528,0.7769795288255256,-0.6024318425492058,-0.6380000747326562
PHL,Diabetes and kidney diseases,6117.073635294118,1696198.3633567255,0.2129073003353215,-1.5468514500021788,LM,-0.6155235363528765,608.6,15265.12,115.4890196,8.777199999999999,99546.5422768,0.039412942133762,-0.0910157195568143,7275.56410305801,-0.306190841253341,-0.3525223441096372,0.517254567426349,0.2740014825970179
POL,Diabetes and kidney diseases,6723.5262,557763.8258044816,0.7116562072681881,-0.3401462875125244,UM,0.3119632071327089,6545.88,171263.2,2251.738904,25.763999999999996,247467.471128,1.4163487598517872,0.6640097377902562,29884.23115253326,0.8156600435067692,0.9036540886772048,0.7762296554479063,-0.7562224988309474
PRI,Diabetes and kidney diseases,365.50326875,154733.15529516255,0.1394541259804873,-1.9699478722225856,UM,-0.2912377446624314,,,293.1154456,,,-0.7259081394261464,0.6146691683891559,41285.88234229262,0.3102202708520987,0.9021775140531676,0.2963640511726688,0.2866681708932631
PRT,Diabetes and kidney diseases,720.9396352941176,214018.24975369024,0.1988710556058402,-1.6150483434812062,H,0.7576933230784961,4251.6,127431.44,3690.75784,44.1928,36170.0584736,0.7436194726614643,1.0449648317708449,37093.18332037167,0.7200463447835633,1.2093827503069654,0.631508282729977,-1.208001048063703
PSE,Diabetes and kidney diseases,97.33333333333331,53345.48814389225,0.0602395662566996,-2.809259905696212,LM,-0.4089788881986852,188.88,4298.48,364.2897808,15.2826,5693.440376799999,-0.2543426108629983,0.1499498519369312,5354.912957495792,-0.2261824871403991,-1.214531066732234,-0.0959070380364544,-1.5457794026302485
QAT,Diabetes and kidney diseases,347.06147999999996,24810.12026800037,0.2147962296535094,-1.5380189146566705,H,-0.1760847243822053,762.52,20507.08,699.6647419999999,27.269,2408.958384,1.369961805366068,0.989886986857988,117119.99710764772,0.7299545000916665,-2.037060846775289,0.2392371935208548,1.371781134938292
ROU,Diabetes and kidney diseases,1533.2300166666666,226759.06248522853,0.3991775835348448,-0.9183238383981752,LM,-0.2801164056690808,1687.2,36692.92,931.5613616,26.8992,142187.626808,0.4608248454821719,0.3771459622024635,27423.4610312035,0.4874523989258137,0.3750403732716061,0.1897272502226155,-1.414890290235712
RUS,Diabetes and kidney diseases,16535.937889473684,1500555.5081573315,0.6505793159817471,-0.4298766868703056,LM,0.5238738769881611,6103.04,95354.44,3038.264508,45.41480000000001,1224673.333888,0.0957556262539488,0.6043420724679949,32776.237809188046,0.5134613066095881,-1.1015342507663797,-0.0844816665060912,-1.31777901329783
RWA,Diabetes and kidney diseases,935.1387,116686.66030255944,0.4731276232625371,-0.7483689745386045,L,0.0225057788146977,175.0,3518.68,35.758095000000004,0.71254,7801.1199232,-1.2878847399390634,-1.288958846411436,2101.280425014305,-1.447114924981552,-1.4361726892457254,-1.16608350471377,-1.7315574976418489
SAU,Diabetes and kidney diseases,5412.0383,512965.0517526967,0.6228687870151944,-0.4734033425030936,UM,-0.3195537416096209,4051.96,88253.56,589.8781,22.165199999999995,63306.122842,1.087822954732511,0.8820262072369784,58198.93178177366,0.5981760344938795,-2.148347944755415,0.0678566205654127,-0.2326660492528014
SDN,Diabetes and kidney diseases,182.0,302007.63491991966,0.0355776247561408,-3.335757320767241,L,-0.5384291609089094,243.48,4856.4,,2.8784000000000005,27173.1927936,-0.6309188242347716,-1.467961842378219,3739.5830431078225,-1.5043345218858548,-1.4787602099811368,0.2582794794047928,0.1346679113383176
SGP,Diabetes and kidney diseases,2726.117752941176,55134.08910165706,1.6871933322109445,0.5230723251751104,H,1.8002535864272085,3571.44,149622.84,6402.609976000002,20.4104,12778.507642,1.640414410801008,1.2813405828551865,102904.17860234065,1.2278393043239095,-0.6695973160083207,0.943801771226561,-0.0975547074261829
SLV,Diabetes and kidney diseases,144.46795,171152.9601114914,0.0498322595648458,-2.9988920691572902,LM,-0.7051789776985711,44.48,1186.48,64.6676792,18.7678,6746.7366368,-0.4238102430226781,0.624996264310316,9273.01392438114,-0.4461435349803141,-0.0618702865358437,-0.5262626990134538,-0.9884451175954476
SRB,Diabetes and kidney diseases,597.2918571428571,201069.8388874004,0.1753731685557475,-1.740782163992057,UM,0.078537672786454,1172.16,24938.56,1709.916424,29.2386,39829.6700988,-0.9026283560717088,-0.0611818868956836,18124.0177351574,0.3217385013977691,-0.2903507809922484,0.1668765071618901,-1.6893352033210305
SSD,Diabetes and kidney diseases,71.54849999999999,106789.54791407257,0.039554442694822,-3.229824475832848,LM,-0.4779870454117954,16.48,391.56,,0.408,,-0.3877370729215434,-1.9682522670033291,,-2.0728149326883396,-1.5446620668855688,-2.415257458700104,0.0586677815608449
SVK,Diabetes and kidney diseases,322.39845,64658.15474578689,0.199532288936633,-1.6117290904959494,UM,0.0790428851144737,711.76,20155.96,2604.693996,33.9888,34136.6889316,1.0561154061859035,0.8017043500723969,30335.36358264918,0.7200463447835627,1.0267537836496354,1.1646922874802412,-0.9588895115708752
SVN,Diabetes and kidney diseases,152.01388,26641.194578069633,0.0940813376321711,-2.3634892915465957,H,1.5688212044735264,826.24,27272.8,3843.0390280000006,27.227199999999996,9423.0723276,0.4858611588299455,0.9302193215357276,39279.976435910976,1.0529603631358675,0.9916268504883106,0.905717199458686,0.160001287930808
SWE,Diabetes and kidney diseases,4971.727822727273,111910.4269478442,2.622770420627875,0.9642349843145996,H,3.5012809270090774,10995.76,518697.44,6472.473894,38.8488,24547.856226400003,1.473524592750634,0.8613720153946574,57211.250518340894,1.2753984498028084,1.3132092607130048,1.522687262098276,0.4513351187444545
SYR,Diabetes and kidney diseases,132.0,221732.79121460265,0.0351453191730857,-3.34797934434831,LM,-0.8144638413850175,151.84,2188.76,96.7019363996,14.2816,29217.336314799995,-0.2543426108629983,0.2853495540143702,6713.927078335845,-0.7689016941418123,-1.6607674610072929,-0.0959070380364544,0.0797789287212536
THA,Diabetes and kidney diseases,4694.307755555556,1429307.6755189367,0.1938962085036208,-1.6403806981454567,LM,-0.0890658759016732,2742.76,67800.16,897.2197834,4.1786,146109.074908,-1.0712678786124514,0.67777919901847,17420.47860657954,0.1337312544264902,-0.8848663533022793,0.6924435975585773,0.886224750248882
TTO,Diabetes and kidney diseases,244.0,70244.59482593313,0.1510115154106307,-1.8903329661542845,UM,-0.7625095494515923,83.12,1672.72,502.794738,23.22340000012,3133.9902839999995,-0.5580191214717627,0.5240202153034135,31977.594284631086,0.3403162926004647,0.8323122200000018,0.2963640511726688,1.1395585161737911
TUN,Diabetes and kidney diseases,287.0943090909091,175298.83517447222,0.0966872121370068,-2.336170706959093,LM,0.0009232107428812,844.36,14196.08,1474.0663639999998,11.498,20373.418867999997,0.4116063108887263,0.2968241050378812,11883.999462028434,-0.0837527545863996,-0.5494507702839665,-0.5719641851349045,-0.8322226286084204
TUR,Diabetes and kidney diseases,4579.073925,1175298.0857449947,0.2300133856765374,-1.469574298373172,UM,0.2945397931399904,9173.76,161346.6,1180.9438388,17.195600000000002,205899.00472800003,0.2173835384083884,0.4092747050682964,24132.177663504997,0.2788857296902191,-0.4148493361348195,-1.417441678381752,-1.495112649445267
TWN,Diabetes and kidney diseases,62286.31422105263,519927.88356809434,7.0725008407321655,1.956215556992999,H,0.164071915090892,7309.68,202897.52,,,,0.9879854174359308,0.9554633337874534,49027.62762815805,1.1454777633252913,0.9052083777551394,0.1744934215154649,-0.1271103134507558
TZA,Diabetes and kidney diseases,3299.85014,477368.1376281756,0.408097818716474,-0.8962238779289258,L,-0.3009049953817357,574.24,14129.28,27.44056920000001,0.5366,34089.553026400004,-1.2874065621011082,-1.598771724046252,2943.8138350321356,-1.3787486533556326,-0.5241158583136302,0.7305281693264534,0.0628900109929266
UGA,Diabetes and kidney diseases,4622.370955555556,320388.67426052014,0.8517480045748635,-0.1604528246867305,L,-0.5072401214689258,836.28,21372.24,30.2253728,1.1968,14749.42476,-1.2844238342586884,-1.3876399852136367,2351.4495322320777,-1.2984925953599873,-1.0811730638454349,-2.148665456324972,0.1177789936099899
UKR,Diabetes and kidney diseases,2955.50455625,345967.98229261825,0.5043351166858683,-0.6844944899196251,L,0.0263689861798188,1320.52,13619.72,1140.1403976,32.0196,359398.68044400006,1.3067507525185311,0.654830096971447,15902.135507178204,0.2677390549686009,-0.4111190423477763,-0.0235463516774898,-1.1193342299899844
URY,Diabetes and kidney diseases,50.93397142857143,49550.47533791851,0.0315230172594686,-3.456720115126732,UM,-0.3238726658817929,296.0,10230.92,615.0790922,41.8794,6442.1798528,-0.4592438262531174,0.9210396807169186,25109.14942301282,0.4971128503512155,1.2160661933420849,0.4715530813048982,-0.5408887977947744
USA,Diabetes and kidney diseases,469853.975536,6109187.879283166,4.540491938764381,1.5130375651412415,H,2.8302856098528664,196098.56,8732175.16,3937.0878280000006,28.6468,934111.267824,1.531247288427929,1.1413510603683428,63579.52211583438,1.1916745374493285,1.1408386019700445,0.86763262769081,2.296449380564211
VEN,Diabetes and kidney diseases,694.2362545454545,569069.7923188125,0.0720220106576297,-2.63064466630095,UM,-0.341527656895934,225.92,8078.48,205.77687919999997,17.6204,27298.575182399996,-0.9929102806348242,0.3817357826118681,,0.0571907546713842,-0.8264250839719341,-0.2825214396990471,-0.9588895115708752
VIR,Diabetes and kidney diseases,12.2156,3768.8188591680023,0.0075602306051233,-4.883531748968583,H,-0.8138068089056336,,,,,,1.2020927093083464,0.8831736623393294,51317.39505491391,0.4398932534469136,0.8215876253622518,0.943801771226561,0.8017801616072459
VNM,Diabetes and kidney diseases,3713.136145454546,1289375.1355246438,0.1700141493658571,-1.7718147969274671,L,-0.4934521846142816,927.6,19423.76,525.8847767999999,7.8774,187418.696472,-0.514446394638925,0.0030755988359821,8760.437449736877,-0.1976965406295996,-1.6107193526977948,0.3268317085869689,-1.174223212607048
ZAF,Diabetes and kidney diseases,19557.0136,1203551.3638569606,0.95931534841132,-0.0415250036448145,UM,0.0291253425765472,4149.12,125429.28,404.9987222,7.338399999999999,123314.596444,0.1460837543893123,-0.0382327848486599,13658.44123280344,-0.2863745306371325,0.7082799515808104,-2.2553022572750243,-0.1271103134507558
ZWE,Diabetes and kidney diseases,273.28319999999997,181752.17935084752,0.0887680729242927,-2.4216155860036226,L,-0.5072401214689258,244.4,5941.76,95.1253,1.26488,25704.12307,-0.9015173122490596,-1.0938914790117371,4759.5101951403985,-1.2489518188194657,-1.1296668830769985,-0.6862179004385326,-0.6844445984855564
ALB,Musculoskeletal disorders,76.0,68890.70416014016,0.1338389582922147,-2.0110432916966787,LM,-0.6855572489465708,94.2,1340.48,155.23569,13.945600000000002,8767.3661396,-0.4930546068402314,-0.2126459604060382,12849.222175247694,0.2380145890442885,-0.2151231896202075,-0.937576074106514,-1.0686674768050024
ARG,Musculoskeletal disorders,1372.2218764705883,1130573.5683676454,0.2909792913537858,-1.234468811959288,UM,-0.1971266896177451,2264.52,74790.52,1070.2597744000002,44.25206,181393.79928400004,-0.1479497937403469,0.7764603378206705,25990.3505237228,0.6905695827419523,0.8295144996597187,0.3344486229405448,-0.4775553563135469
ARM,Musculoskeletal disorders,216.0,66432.21398256265,0.3803844077778736,-0.966546649318347,L,-0.5581657805862664,110.32,1882.72,1175.627104,28.470400000000005,13243.130306,-1.429464003479396,0.055858533544136,11854.35125599687,0.1490888951540521,-0.4892997829678927,0.2582794794047928,-1.2924456367053392
AUS,Musculoskeletal disorders,7530.702382608695,708411.373144165,2.5485111058822527,0.9355132324518174,H,1.686037901709881,22961.92,947877.52,4359.00251,33.058800000000005,85850.1701944,1.456383302363544,1.3180591461304236,54212.04883866928,1.2635086634330837,1.1629095068767166,0.669592854497853,2.2668937745396383
AUT,Musculoskeletal disorders,1351.1175333333333,231117.4448418851,1.401512493048208,0.3375591407612801,H,2.655772449106955,5286.92,240017.96,4695.050182000001,48.396800000000006,63505.0815056,1.6309661067007597,0.8590771051899555,60268.85667814417,1.1438676880877248,1.1294922917011208,0.9514186855801358,1.3042254640249829
BEL,Musculoskeletal disorders,905.144585,295494.41611892247,0.7343536369456329,-0.3087509548646312,H,2.2618360855426443,7814.2,391540.56,4406.680888,31.26,65894.4112724,1.0201304133783438,1.1229917787307244,56940.3921111463,1.2300686392682318,1.2583428562619086,1.24847834536957,-0.013110118784546
BFA,Musculoskeletal disorders,152.4732,175778.04239501097,0.2079531305069145,-1.570394472171025,L,-0.5476922417657978,159.56,3312.8,46.57809999999999,0.665,4295.738,-1.3435486109526469,-1.8580965771776168,2061.603181376113,-2.060182034670506,-0.1773539650263939,-0.9528099028136646,-1.0855563945333295
BGD,Musculoskeletal disorders,264.0,2894782.584350156,0.0218637446614194,-3.8224682352916894,L,-0.5977808384269677,1578.28,27412.72,,4.420799999999999,98716.98583,-1.0628404320668117,-1.4312432791029814,5113.32897934955,-0.8813592568887959,-0.8733646141255625,-0.2672876109918965,-1.2797789484090936
BGR,Musculoskeletal disorders,308.6327529411764,215130.01421626072,0.34393595383371,-1.067270744900474,LM,-0.0529334492358485,540.64,14482.68,1794.3050359999995,39.0588,51813.283158,0.3708480312202768,0.1866684152121687,22821.77151822954,0.4636728261863637,0.4064370126458878,0.3725331947084208,-1.5500016320623302
BIH,Musculoskeletal disorders,57.1828125,97722.94626603424,0.1007011586476189,-2.295498674596099,LM,-0.6863384046578135,267.0,3933.32,278.01888440000005,19.2996,8156.2943572,-0.6615872221458549,-0.2654288951141922,13009.191373023836,0.096080264255694,-0.0009421546808029,0.0602397062118369,-0.9926673470275296
BLR,Musculoskeletal disorders,42.022166666666664,242915.06617744637,0.0414725328967748,-3.182482834399866,LM,-0.0607532128429428,198.64,3022.28,1472.9208640000004,39.4592,100249.4446188,0.8904415654722012,0.624996264310316,22194.85517432224,0.4379116223852935,-1.3315690343007185,0.0602397062118369,-1.030667411916266
BRA,Musculoskeletal disorders,5819.833123809524,4691417.441535318,0.2974014111638645,-1.212638875941461,UM,0.5891447452387177,13637.08,322292.68,714.2783391999999,20.265399999999996,489032.7424200001,-0.3604685310344718,0.8039992602770988,17255.480171781295,0.1272909534762228,0.9720428081063328,-0.0844816665060912,-0.4606664385852196
BWA,Musculoskeletal disorders,650.0,25752.24556236642,1.144675301183416,0.1351297531010628,UM,-0.2097087846620601,121.56,3325.96,173.69786240000005,3.6592,4949.3935444,0.1460837543893123,-0.5706519523396035,16066.874131336312,-0.3802543021814212,0.4232233346875828,-1.9734764261927416,-0.4015552265360742
CAN,Musculoskeletal disorders,7648.244078260869,1106905.336503368,1.6564862257348127,0.5047046642975135,H,1.489609040499211,29544.04,1275399.56,4570.958856,22.546620000000004,99529.369204,0.875489649203869,1.3731369910432796,54193.397774207595,1.2082706975904025,1.0116771795936688,0.9361848568729852,2.102226826688448
CHE,Musculoskeletal disorders,814.3903318181818,241320.54007052307,0.8090491233891224,-0.2118832825308172,H,2.83128423767282,11251.64,585294.32,4556.711074,40.1264,40273.9280124,1.5890091833903168,1.1229917787307244,75268.81661408668,1.322462187516304,1.262539436772333,0.9361848568729852,1.3760033643703735
CHL,Musculoskeletal disorders,326.6010176470588,504894.1838589904,0.1550792659944168,-1.8637544181938053,UM,-0.4130662354494351,1847.84,56678.32,427.5335204,18.3712,38510.5147576,1.0855542670616256,0.5905726112397812,25118.03849731798,0.6531662964538584,1.18093926018076,0.2963640511726688,0.316223776917836
CHN,Musculoskeletal disorders,43507.71889047619,25750354.48020351,0.4050602933851894,-0.9036946630220234,LM,1.4510467220526826,70455.56,1591215.32,1135.717754,17.930799999999998,4576265.56984,-0.4306275453050752,0.5951624316491857,12907.16100572696,-0.0636887400874875,-1.873083349053176,1.4389012042089502,-1.7653353330985035
CMR,Musculoskeletal disorders,116.35093333333332,256189.7697566327,0.1088791342855802,-2.217425031013194,L,-0.5072401214689258,322.64,7905.04,,1.2016,62153.52664999999,-1.2878847399390634,-1.422063638284172,4525.251514428976,-1.2093191975870483,-1.0312803844437304,-2.64376488930736,-0.295999490734029
COL,Musculoskeletal disorders,1857.58946,1005141.5508613684,0.443056469884407,-0.8140354753068146,LM,-0.5575000287062973,1535.84,34683.2,70.2291404,18.6208,74993.781868,-1.260564016157332,0.6410606357432325,15052.503408239549,0.096080264255694,0.2129280224430147,-0.0768647521525165,0.088223387585417
CRI,Musculoskeletal disorders,93.15658,98583.21398099554,0.1640523634903337,-1.8075086582554585,UM,-0.3306758499618466,168.72,5317.68,325.1844104,21.7234,5792.390856399999,-1.0313112732057932,0.957758243992156,20060.82964907356,0.3494813362604607,1.2672023040061362,0.1364088497475889,0.3880016772632269
CUB,Musculoskeletal disorders,88.8,239121.7178287442,0.0890287990120313,-2.418683060290548,LM,-0.2544546968411825,214.8,5593.84,2055.97578,74.8132,50246.253984,-0.4386190363850955,0.9692327950156672,,0.1949141134540343,-1.6295262505408048,-0.5110288703063032,-0.2453327375490466
CYP,Musculoskeletal disorders,124.0,29333.742850739807,0.2183688266872977,-1.521523987213573,H,-0.2176931910684379,465.16,12374.08,1138.2687364,24.4508,2915.2800792,0.8165243500751518,0.4207492560918083,42427.20460720808,0.8961638053851175,0.9855651230843652,0.1135581066868635,0.4302239715840451
CZE,Musculoskeletal disorders,425.92087777777783,312320.76960093796,0.3269374219651112,-1.1179559101103556,UM,1.1611697366947522,2464.28,83101.08,3115.7949599999997,38.12964,73756.44399880001,1.2863611701080897,0.9462836929686442,40335.77650259335,0.948181620752665,1.142082033232391,1.3551151463196212,-0.7013335162138837
DEU,Musculoskeletal disorders,8514.330530434783,2690378.1528458376,0.7587064027020309,-0.2761272173884381,H,2.728296832832491,34293.0,1532108.0,4359.623428000001,39.07,677483.163832,1.515365013659394,1.1138121379119152,57073.37934866153,1.3090861778503635,1.228189648149975,1.4998365190375504,0.8735580619526369
DNK,Musculoskeletal disorders,7011.776077272728,179558.46915041178,9.361786126100888,2.236637165894435,H,2.688188615952814,7153.56,338384.52,6645.832076,37.828,17918.6769232,1.518770655459118,0.8980905786698948,63245.14222976299,1.2768846730990249,1.3472481915197752,1.0732893152373375,1.0128916332113371
DOM,Musculoskeletal disorders,300.55278,149960.4360793886,0.4804858757244307,-0.7329366339084585,LM,-0.6163180276179551,76.56,1606.92,23.9788592,15.9652,13655.559303199998,-0.1924475372210277,0.4207492560918083,16818.470743654518,-0.0089461820102115,0.2587795502420891,0.288747136819093,0.3120015474857542
ECU,Musculoskeletal disorders,70.91453333333334,243106.53879017703,0.0699318762173871,-2.66009072160739,LM,-0.465617549869982,328.24,6772.68,240.1625596,15.6632,22522.0236884,-0.2250687763546017,0.487301652028176,12441.051274374971,0.0782455847011063,0.2217874701872428,-0.983277560227966,-1.0180007236200206
EGY,Musculoskeletal disorders,979.7048833333332,1427294.667688411,0.1645576969223063,-1.804433261989958,LM,-0.1462666824577513,5285.44,71870.08,621.9283252000001,6.3452,133970.47101199997,-0.6458053506197035,0.4850067418234732,13357.879306684385,-0.2197421861901304,-1.449850433131551,-0.5491134420741792,-1.030667411916266
ESP,Musculoskeletal disorders,6405.505761904763,1074745.0089198556,1.4288431603929297,0.3568721367699988,H,0.7212703352108207,17886.52,638478.0,2728.3601160000003,37.743199999999995,142394.354176,1.3191574531884838,0.8797312970322765,43711.9780393328,0.9521448828759064,1.1705255233585974,1.2256276023088415,-0.4944442740418742
EST,Musculoskeletal disorders,44.88372142857143,37305.02917425993,0.0790419805299731,-2.5376496614978983,UM,0.9088682387994828,389.56,18838.48,3225.7261000000003,32.8172,6929.693693999999,1.3200029007099876,0.551559137759841,34147.59681739785,0.88303549960188,1.222438778561617,1.126607715712365,-1.0222229530521023
FIN,Musculoskeletal disorders,3194.4431521739134,138623.83117965225,5.524510935195499,1.7091965350825111,H,3.215384091565292,4334.96,206147.32,7524.242588000001,34.032000000000004,27518.692702,1.2316545120575315,1.0449648317708449,53891.28379728628,1.2513711731806567,1.1834261227054552,1.3017967458445934,0.4555573481765362
FRA,Musculoskeletal disorders,3613.807331818182,1643911.7008425351,0.527015124620023,-0.6405070567763794,H,1.9322709532508728,21434.08,1005259.36,4058.14122,32.8628,422344.22919199994,1.2577313164408972,0.9003854888745976,50206.07391192202,1.0217496739153389,1.1953941486055528,1.3017967458445934,-0.5915555509797563
GBR,Musculoskeletal disorders,46619.38565833333,1875659.3626847193,5.958667444262047,1.7848485511274688,H,1.7873119443352363,50955.64,2309909.96,4100.1239000000005,26.6688,191846.488844,1.5557859539332275,1.1138121379119152,48709.53277199082,1.1844911248509518,1.127160858084218,1.2027768592481172,1.8531152901956205
GEO,Musculoskeletal disorders,11.318928571428572,82518.31557301003,0.0199330738024208,-3.914873373749952,L,-0.5943974545469862,150.76,4053.08,1033.0797744,49.87840000000001,15784.702178799998,-0.7122671795473384,0.193553145826276,13219.248340109913,0.3465088896680306,-0.0837857625347237,0.2582794794047928,-1.347334619322403
GHA,Musculoskeletal disorders,280.0,308217.84073059785,0.2177894452988388,-1.524180615323807,L,-0.4399609701012515,789.04,17859.36,54.02035479999999,1.2055999999999998,18842.2045884,-1.482073723356602,-1.3371519607101856,5281.493507040973,-1.00991757201145,0.5940397043526083,-0.937576074106514,0.3837794478311452
GRC,Musculoskeletal disorders,371.2556777777778,308531.3056823534,0.2884764986364288,-1.2431069926163143,H,0.2951881062187891,4336.72,150813.44,2715.1557740000003,56.946000000000005,48714.6293188,1.127178183699807,0.4230441662965101,34962.40147931398,0.9199433781245676,1.1296477206089144,0.4563192525977476,-1.8624466100363852
GTM,Musculoskeletal disorders,175.56126666666665,226990.72881403417,0.185420247890301,-1.6850764898034165,LM,-0.8004733066932486,99.44,2566.92,23.9059628,8.4648,8965.4912772,-0.4238102430226781,-0.4077133278057371,10493.190490144729,-0.6571872430429359,-0.0018747281275638,-0.5262626990134538,0.7131133435335272
HRV,Musculoskeletal disorders,74.4163125,125840.77038225044,0.131050022959841,-2.032099870185077,UM,0.3697420586569883,1030.28,27929.72,1797.05422,30.722800000000003,24049.1890904,0.8242599381710966,0.4895965622328778,30424.392753499713,0.696019068161409,0.7939212797750141,0.9514186855801358,-1.3431123898903212
HUN,Musculoskeletal disorders,296.20340555555555,312262.73309050675,0.2274083786979655,-1.4809638799202614,UM,0.6803707045015658,2102.56,78112.24,2685.499484,32.2488,71875.4526304,0.7481050872363765,0.7351519541360284,30921.08529583642,0.6828907623781721,0.4529102560761359,1.2637121740767174,-1.0686674768050024
IDN,Musculoskeletal disorders,2297.4,3851622.5879530655,0.1429978351746279,-1.9448558587922609,L,-0.6656954802255216,3763.72,23272.12,210.39034100799995,3.1054000000000004,225577.216428,-0.3561563550969788,-0.5224588380408542,10027.896402198325,-0.31758521985766,0.27851902153186,-0.4196258980634005,1.2662253991362464
IND,Musculoskeletal disorders,10478.61285263158,20932651.174872987,0.1200096390967462,-2.120099890451235,L,0.0720960873777242,20999.84,361898.64,187.8770994,7.322399999999999,2253635.67836,-0.61746182271422,-0.6119603360242456,5997.703428215718,-0.7773236261537012,0.1022626400940626,-0.6633671573778073,-0.9968895764596114
IRL,Musculoskeletal disorders,515.751975,118917.0935411825,0.9082593035677948,-0.0962143545225404,H,0.7307749947545085,3862.56,148567.64,4045.541872,34.0572,16883.00737,0.6240834065073566,0.7856399786394805,78796.19120554483,1.188206683091492,1.2448205412838769,1.0656724008837637,2.102226826688448
IRN,Musculoskeletal disorders,1322.4117647058824,1567594.5524827274,0.2022411516480073,-1.5982450288792416,LM,-0.1557949356736106,7732.64,138160.44,1107.6320056,11.578600000000002,135331.79713999998,-0.2543426108629983,0.5836878806256739,15041.31246333119,0.2729408365053547,-1.5152860033126028,0.5477222248406503,0.1431123702024811
IRQ,Musculoskeletal disorders,2639.903333333333,478652.5337922353,1.322221556155622,0.279320882033709,LM,-0.8030624557611098,686.48,7819.12,257.05344,7.317,39542.690875199994,-0.4867073888031044,0.005370509040684,12618.200750284284,-0.4709139232505756,-0.8753851899268775,-0.2596706966383217,-0.3973329971039924
ISL,Musculoskeletal disorders,451.54099090909097,8241.31305851616,0.7951812611777258,-0.2291726131647879,H,2.279052798450904,355.56,19543.32,6682.198872,38.19,1133.7224292,1.2446929142492145,1.2331474685564368,59846.93658326752,1.3556545077984543,1.1394397417999025,1.0656724008837637,1.2408920225437552
ISR,Musculoskeletal disorders,441.5868222222222,182541.98186008952,0.5799491475654855,-0.544797613154271,H,4.973907159605384,5799.44,244241.44,,35.7984,25646.0703424,1.2440864165759786,0.9325142317404296,39990.70193898606,0.9964838778796736,0.658542701086899,0.9285679425194104,0.4006683655594721
ITA,Musculoskeletal disorders,3154.4488954545454,1809841.0230543164,0.4178492614852223,-0.8726105981633022,H,0.7472433779301987,27038.92,1044767.56,1939.442776,40.6904,211767.055088,0.8954470267798256,0.8728465664181693,49972.48038745556,0.995988470114268,1.086438484242328,1.24847834536957,0.1051123053137447
JAM,Musculoskeletal disorders,0.8716,49232.94943056751,0.0015349215269407,-6.472782161546498,LM,-0.7789225387882717,118.64,3659.12,,5.4326,4748.064388399999,0.2852990076084474,0.2945291948331793,10285.854351618776,-0.1511282106815095,0.7853726898463729,-0.5110288703063032,0.4386684304482085
JOR,Musculoskeletal disorders,645.1929333333333,139924.95993016317,1.1054293260015111,0.1002428360475589,LM,-0.1636011072739102,781.36,15669.68,369.9050768,23.2558,12540.478012,0.7812987562779177,0.5423794969410318,9665.93327239689,0.0128517596676184,-1.2883597979341332,0.0983242779797129,-1.195334359767457
JPN,Musculoskeletal disorders,22167.7574,5012762.89001514,1.0601838117270788,0.0584517326625124,H,3.232001217456847,32291.16,953951.56,5272.902023999999,22.9328,1709055.64024,1.5721622277790648,0.9554633337874534,42257.92967148511,1.1347026444277288,1.026598354741841,0.7000605119121542,-1.334667931026157
KAZ,Musculoskeletal disorders,101.6458,295895.84971946274,0.0823544622313048,-2.496601218696901,LM,-0.6258432033983137,310.16,6497.16,535.2867768,36.1964,113626.77276320002,-0.2543426108629983,0.9095651296934067,27333.243732460403,0.3777195788885594,-1.2653563195806996,0.0602397062118369,-1.0180007236200206
KEN,Musculoskeletal disorders,54.612,463637.9961617988,0.0282387606544718,-3.566705692990197,L,-0.2059053308362432,958.72,28060.28,148.20428219999997,1.6988,59290.953204,-0.8837322135441875,-1.0617627361459043,4610.232110620364,-0.9873765186855128,-0.3242342828912252,-1.0670636181172928,1.22822533424751
KOR,Musculoskeletal disorders,6101.4213058823525,494991.3025132109,2.9550852710608355,1.083530890968068,UM,3.817072996717791,15668.2,409587.4,6080.884064,20.5616,475607.754164,1.4261136430282402,1.0633241134084632,41569.26564396438,1.04181368841425,0.8637088593742831,1.019970914762314,-0.3466662439190105
KWT,Musculoskeletal disorders,149.0,66787.7177899628,0.2623947998097369,-1.33786693012166,H,-0.6838885095463556,371.24,8648.56,241.3141644,21.208,7519.4662628,1.640414410801008,0.960053154196858,58962.60401646187,0.5627543792674076,-1.0323683867982845,0.2392371935208548,0.8017801616072459
LBN,Musculoskeletal disorders,129.73444,91592.5157081951,0.2284673987397874,-1.476317984963185,UM,-0.4678020161695108,793.44,24871.56,,24.6196,16220.9302684,-1.0788283613009042,0.0856923662052662,14167.592478390638,0.0965756720210983,-0.5667033790490419,-1.9277749400712896,-0.2875550318698647
LBR,Musculoskeletal disorders,7500.0,42864.623866116766,13.207791936731722,2.5808077108006446,L,-0.5072401214689258,28.6,743.24,,0.6732,4521.4085844,-1.2878847399390634,-1.6194259158885735,1595.545288408795,-1.5679944197404252,-0.0674657272164091,-1.16608350471377,0.7975579321751641
LKA,Musculoskeletal disorders,91.1686,333775.7734952554,0.0654827705217565,-2.7258155161461977,LM,-0.690422161567146,442.4,10503.36,106.5670474,7.6884000000000015,74974.4832076,-0.2543426108629983,0.1430651213228248,10999.968054238268,0.1337312544264902,-0.2877084895597593,0.2658963937583676,1.6884483423444288
LTU,Musculoskeletal disorders,152.34447142857144,83114.12346382673,0.2682845441786589,-1.3156698565368177,LM,0.2701680426927716,521.2,14151.84,2906.158892,41.2456,21687.603698,1.2541591137972343,0.4322238071153193,31533.10830529218,0.7931189901808314,0.969866803397224,0.5020207387191984,-1.7611131036664214
LVA,Musculoskeletal disorders,51.163066666666666,57085.7292384425,0.090100151917129,-2.406722446829066,LM,-0.1041619792970423,209.6,6386.2,1829.198268,31.3912,13563.396933200002,1.1296947912680313,0.5056609336657943,27594.885351783112,0.7148445632468075,0.9765502464323438,0.6162744540228264,-1.1066675416937388
MAR,Musculoskeletal disorders,207.2612,674245.2733763745,0.0736947701594013,-2.6076877578731943,LM,-0.0600153976816673,625.52,9553.64,870.8234672000002,6.5986,26635.4212752,-1.511975471024861,-0.1460935644696705,7496.17141389544,-0.6170592140451139,-1.214531066732234,0.0678566205654127,-0.3002217201661107
MCO,Musculoskeletal disorders,0.0906,1145.5673210212112,0.0001595501265957,-8.682361942735758,H,-0.8069646439759053,,,303.57021199999997,78.2864,641.2279255999999,1.640414410801008,1.0013615378815,,1.1641794064693385,1.1709918100819778,1.0656724008837637,0.6371132137560546
MDA,Musculoskeletal disorders,41.5288,91844.56774930136,0.0731338333042859,-2.615327457129965,L,-0.4348873047725504,57.52,1025.16,791.1779167999999,30.582399999999996,20742.6071924,1.3067507525185311,0.2601055417626437,10541.106021422418,0.1054930117983935,-0.0054495930068134,-0.4729442985384272,-0.8280003991763384
MEX,Musculoskeletal disorders,5146.918221052631,2426088.5986385713,0.5086009675031019,-0.6760718621229983,UM,-0.4004159239181893,3497.52,89418.84,303.6330748,21.1272,118420.111624,-0.4816462417038926,0.5010711132563898,20862.6077118635,0.1892169241518748,0.3029213600554353,0.3572993660012702,-0.4184441442644015
MKD,Musculoskeletal disorders,2.8356000000000003,51479.50740209874,0.0049936019754395,-5.297597230820118,LM,-0.4447812599070674,178.08,4548.32,682.2130980000001,27.465800000000005,9242.013092,-1.4247478821841577,-0.0956055399662188,17335.33891683372,0.2236477638475373,-0.1380304513546449,-0.8461731018636114,-0.7562224988309474
MMR,Musculoskeletal disorders,36.0,682477.1629129703,0.0126459350877596,-4.369628996939679,L,-0.7407849064408301,75.2,1745.6,24.3904088,5.7177999999999995,45057.8505552,0.2543526959842814,-1.038813634098881,4160.257687868157,-1.2278969887897442,-1.4243600922534216,1.278946002783869,1.6377815891594465
MOZ,Musculoskeletal disorders,2384.0,225119.5933473029,2.5388060613362544,0.9316978547797234,L,-0.441411211580922,132.04,5272.52,32.79408900000001,0.6626000000000001,20040.8482376,-1.140076444058883,-1.598771724046252,1300.3855616581347,-1.8850553895997628,-0.6008977387636056,-1.16608350471377,-1.0897786239654117
MWI,Musculoskeletal disorders,355.5,146516.06828655687,0.5816890923283333,-0.5418019884442675,L,-0.5072401214689258,332.88,9001.64,42.9861488,0.3731999999999999,17978.519106400003,-0.9663518487866488,-1.369280703576018,1500.3485355091457,-1.5744347206906932,-0.2205632013929792,-1.16608350471377,0.4893351836331908
MYS,Musculoskeletal disorders,1259.995907142857,428524.7627072357,0.7049036872843001,-0.3496799130489287,UM,0.3205595102977949,2605.48,55587.32,1096.0548646,13.974800000000002,56728.86625879999,0.9490977587343962,0.7007283010654937,26017.720142413487,0.3222339091631748,-0.8323313824680858,-1.50122773627108,0.172667976227054
NGA,Musculoskeletal disorders,155.5,1925068.5379516548,0.0193651456668146,-3.9437641854837815,L,-0.5965390932024645,2139.6,34309.04,30.4566354,3.4715999999999996,70528.5225,-0.960798900109685,-1.5551684301569078,7594.354887665404,-1.3435747020118616,-0.3508126261239092,-2.2553022572750243,0.8017801616072459
NLD,Musculoskeletal disorders,10980.70675,442197.5506091809,5.953200805642871,1.783930705209464,H,1.6760164894550469,16957.44,859167.12,4281.813516,31.9052,62550.2333876,1.5517671302296476,0.9715277052203698,62999.86555815831,1.2560775469520056,1.1470557582817829,1.012354000408737,1.8024485370106376
NOR,Musculoskeletal disorders,4220.401800000001,123872.99439322836,7.43229184850774,2.005835615394498,H,1.346422634431936,4862.76,209808.6,5739.830929999999,41.2756,20221.0005844,0.8433966781901925,1.0793884848413795,85207.42722944335,1.3868651970189827,1.2600525742476367,0.981886342994438,1.0213360920755006
NPL,Musculoskeletal disorders,144.0,524902.0640095512,0.0657689309518031,-2.721455690226151,L,-0.5849687050789807,901.52,11567.88,59.65797,5.1694,8137.124040399999,-0.842358014740521,-1.4518974709453023,3508.52037662225,-1.082247105760611,-0.3497246237693546,-0.015929437323915,-0.3762218499435834
NZL,Musculoskeletal disorders,869.6963055555556,120172.41317076595,1.531569046922938,0.4262992600122353,H,0.7569952581257706,3266.96,128033.0,4179.645111999999,28.086,11776.8108888,1.1486204745742885,1.2560965706034597,43747.40306150099,1.2322979742125555,1.2142010464485624,1.0352047434694611,2.2668937745396383
PAK,Musculoskeletal disorders,618.0,2449295.445763318,0.0604900399247783,-2.805111254031867,L,-0.5323366079765423,2507.96,50960.8,218.36298560000003,8.3796,102724.429004,-0.61746182271422,-1.0938914790117371,4604.534345725936,-1.3683450902821224,-0.741250042501111,0.2163864504601283,-1.1700009831749665
PAN,Musculoskeletal disorders,86.25192857142858,75353.83061978286,0.1518930035617699,-1.884513096292357,UM,-0.6140284156054884,76.24,4280.52,118.2820104,14.8664,7854.0216504,-0.7564787574548428,0.6731893786090654,25958.763735724344,0.3569124527415395,0.6501495400660523,0.2468541078744295,-0.0088878893524642
PER,Musculoskeletal disorders,579.6474928571429,518319.3305437605,0.2681038970629854,-1.3163433997125542,LM,-0.6981916603943965,622.88,16100.88,,14.3462,48266.29250039999,-0.6962755389557354,0.1453600315275267,12528.092016874456,0.0827042545897528,0.7769795288255256,-0.6024318425492058,-0.6380000747326562
PHL,Musculoskeletal disorders,1295.0466615384614,1284390.9318090607,0.2417267745006942,-1.4199058534846585,LM,-0.6155235363528765,608.6,15265.12,115.4890196,8.777199999999999,99546.5422768,0.039412942133762,-0.0910157195568143,7275.56410305801,-0.306190841253341,-0.3525223441096372,0.517254567426349,0.2740014825970179
POL,Musculoskeletal disorders,2360.6219210526315,1116212.8740827583,0.5070093629323511,-0.6792060849321496,UM,0.3119632071327089,6545.88,171263.2,2251.738904,25.763999999999996,247467.471128,1.4163487598517872,0.6640097377902562,29884.23115253326,0.8156600435067692,0.9036540886772048,0.7762296554479063,-0.7562224988309474
PRI,Musculoskeletal disorders,96.0539294117647,82833.68204247867,0.1691547085834805,-1.7768824316772711,UM,-0.2912377446624314,,,293.1154456,,,-0.7259081394261464,0.6146691683891559,41285.88234229262,0.3102202708520987,0.9021775140531676,0.2963640511726688,0.2866681708932631
PRT,Musculoskeletal disorders,469.98772142857143,322729.0995445672,0.3491282220787761,-1.0522873833858724,H,0.7576933230784961,4251.6,127431.44,3690.75784,44.1928,36170.0584736,0.7436194726614643,1.0449648317708449,37093.18332037167,0.7200463447835633,1.2093827503069654,0.631508282729977,-1.208001048063703
QAT,Musculoskeletal disorders,4.956266666666667,35036.544951589094,0.0087281785221722,-4.7400535181085734,H,-0.1760847243822053,762.52,20507.08,699.6647419999999,27.269,2408.958384,1.369961805366068,0.989886986857988,117119.99710764772,0.7299545000916665,-2.037060846775289,0.2392371935208548,1.371781134938292
ROU,Musculoskeletal disorders,724.643,577574.0431343121,0.3007828049650165,-1.2013336068567058,LM,-0.2801164056690808,1687.2,36692.92,931.5613616,26.8992,142187.626808,0.4608248454821719,0.3771459622024635,27423.4610312035,0.4874523989258137,0.3750403732716061,0.1897272502226155,-1.414890290235712
RUS,Musculoskeletal disorders,4040.0238277777776,3781853.410174828,0.2561036727069094,-1.3621338990451382,LM,0.5238738769881611,6103.04,95354.44,3038.264508,45.41480000000001,1224673.333888,0.0957556262539488,0.6043420724679949,32776.237809188046,0.5134613066095881,-1.1015342507663797,-0.0844816665060912,-1.31777901329783
SAU,Musculoskeletal disorders,258.0198571428571,484641.170805482,0.1276348864389414,-2.058503195329771,UM,-0.3195537416096209,4051.96,88253.56,589.8781,22.165199999999995,63306.122842,1.087822954732511,0.8820262072369784,58198.93178177366,0.5981760344938795,-2.148347944755415,0.0678566205654127,-0.2326660492528014
SEN,Musculoskeletal disorders,93.3011,138986.3013299364,0.1609353086685617,-1.826690669418808,L,-0.2795214348056261,181.24,3415.92,435.4852584,1.1557000000000002,10467.9669544,-1.1288642282346195,-1.5046804056534564,3670.3894565647,-1.5296003179215203,0.447470244303365,-0.6405164143170818,-0.5408887977947744
SGP,Musculoskeletal disorders,308.79278571428574,131678.28671440537,0.5437961153704092,-0.609162501222855,H,1.8002535864272085,3571.44,149622.84,6402.609976000002,20.4104,12778.507642,1.640414410801008,1.2813405828551865,102904.17860234065,1.2278393043239095,-0.6695973160083207,0.943801771226561,-0.0975547074261829
SLV,Musculoskeletal disorders,171.3436,111929.18664419289,0.301742749132078,-1.1981473084177356,LM,-0.7051789776985711,44.48,1186.48,64.6676792,18.7678,6746.7366368,-0.4238102430226781,0.624996264310316,9273.01392438114,-0.4461435349803141,-0.0618702865358437,-0.5262626990134538,-0.9884451175954476
SRB,Musculoskeletal disorders,134.29704615384617,256695.55523338175,0.1254251655027047,-2.075966263439185,UM,0.078537672786454,1172.16,24938.56,1709.916424,29.2386,39829.6700988,-0.9026283560717088,-0.0611818868956836,18124.0177351574,0.3217385013977691,-0.2903507809922484,0.1668765071618901,-1.6893352033210305
SVK,Musculoskeletal disorders,110.09096666666666,148354.8334651426,0.1779043452731303,-1.7264530508377027,UM,0.0790428851144737,711.76,20155.96,2604.693996,33.9888,34136.6889316,1.0561154061859035,0.8017043500723969,30335.36358264918,0.7200463447835627,1.0267537836496354,1.1646922874802412,-0.9588895115708752
SVN,Musculoskeletal disorders,59.931140000000006,57099.52265782921,0.1055410703534853,-2.248560364014588,H,1.5688212044735264,826.24,27272.8,3843.0390280000006,27.227199999999996,9423.0723276,0.4858611588299455,0.9302193215357276,39279.976435910976,1.0529603631358675,0.9916268504883106,0.905717199458686,0.160001287930808
SWE,Musculoskeletal disorders,3942.1674625,226499.2272756672,4.172582337837333,1.4285375064078074,H,3.5012809270090774,10995.76,518697.44,6472.473894,38.8488,24547.856226400003,1.473524592750634,0.8613720153946574,57211.250518340894,1.2753984498028084,1.3132092607130048,1.522687262098276,0.4513351187444545
THA,Musculoskeletal disorders,1561.93749,1373906.69029609,0.2725479888899633,-1.2999038842523212,LM,-0.0890658759016732,2742.76,67800.16,897.2197834,4.1786,146109.074908,-1.0712678786124514,0.67777919901847,17420.47860657954,0.1337312544264902,-0.8848663533022793,0.6924435975585773,0.886224750248882
TUN,Musculoskeletal disorders,114.2387,224815.2475648981,0.121821533030115,-2.105116065340193,LM,0.0009232107428812,844.36,14196.08,1474.0663639999998,11.498,20373.418867999997,0.4116063108887263,0.2968241050378812,11883.999462028434,-0.0837527545863996,-0.5494507702839665,-0.5719641851349045,-0.8322226286084204
TUR,Musculoskeletal disorders,1588.477452631579,1644736.4431398353,0.2315374843283637,-1.462970310599976,UM,0.2945397931399904,9173.76,161346.6,1180.9438388,17.195600000000002,205899.00472800003,0.2173835384083884,0.4092747050682964,24132.177663504997,0.2788857296902191,-0.4148493361348195,-1.417441678381752,-1.495112649445267
TWN,Musculoskeletal disorders,44890.581,603931.8028870121,17.819843981081632,2.880313227905928,H,0.164071915090892,7309.68,202897.52,,,,0.9879854174359308,0.9554633337874534,49027.62762815805,1.1454777633252913,0.9052083777551394,0.1744934215154649,-0.1271103134507558
TZA,Musculoskeletal disorders,130.1035,477672.9291542506,0.065297254539414,-2.72865215332042,L,-0.3009049953817357,574.24,14129.28,27.44056920000001,0.5366,34089.553026400004,-1.2874065621011082,-1.598771724046252,2943.8138350321356,-1.3787486533556326,-0.5241158583136302,0.7305281693264534,0.0628900109929266
UGA,Musculoskeletal disorders,132.0,295694.4533110728,0.1070205858883213,-2.23464063594383,L,-0.5072401214689258,836.28,21372.24,30.2253728,1.1968,14749.42476,-1.2844238342586884,-1.3876399852136367,2351.4495322320777,-1.2984925953599873,-1.0811730638454349,-2.148665456324972,0.1177789936099899
UKR,Musculoskeletal disorders,1124.34576,1335352.2519079975,0.2018555126148895,-1.6001535824444908,L,0.0263689861798188,1320.52,13619.72,1140.1403976,32.0196,359398.68044400006,1.3067507525185311,0.654830096971447,15902.135507178204,0.2677390549686009,-0.4111190423477763,-0.0235463516774898,-1.1193342299899844
URY,Musculoskeletal disorders,93.773,98169.9578688988,0.1651379031044191,-1.8009138241413605,UM,-0.3238726658817929,296.0,10230.92,615.0790922,41.8794,6442.1798528,-0.4592438262531174,0.9210396807169186,25109.14942301282,0.4971128503512155,1.2160661933420849,0.4715530813048982,-0.5408887977947744
USA,Musculoskeletal disorders,263338.298932,10444673.413487466,6.04443528262868,1.799139715195854,H,2.8302856098528664,196098.56,8732175.16,3937.0878280000006,28.6468,934111.267824,1.531247288427929,1.1413510603683428,63579.52211583438,1.1916745374493285,1.1408386019700445,0.86763262769081,2.296449380564211
UZB,Musculoskeletal disorders,96.0,451968.1385186709,0.0509213587746104,-2.977276459183498,L,-0.6105929717749546,93.32,757.28,548.7124468000001,25.948799999999995,145820.8233,0.7352887163765999,0.845307643961741,6771.372711363738,-0.2682921471998427,-1.5342483300634064,1.4465181185625238,0.3795572183990635
VEN,Musculoskeletal disorders,435.8475333333334,540761.3402563514,0.1932259840502173,-1.643843121698712,UM,-0.341527656895934,225.92,8078.48,205.77687919999997,17.6204,27298.575182399996,-0.9929102806348242,0.3817357826118681,,0.0571907546713842,-0.8264250839719341,-0.2825214396990471,-0.9588895115708752
VNM,Musculoskeletal disorders,214.0,1382669.0882855789,0.0371049705095362,-3.293734872982893,L,-0.4934521846142816,927.6,19423.76,525.8847767999999,7.8774,187418.696472,-0.514446394638925,0.0030755988359821,8760.437449736877,-0.1976965406295996,-1.6107193526977948,0.3268317085869689,-1.174223212607048
ZAF,Musculoskeletal disorders,2226.004188888889,787518.7000306877,0.677644118288906,-0.3891182712288969,UM,0.0291253425765472,4149.12,125429.28,404.9987222,7.338399999999999,123314.596444,0.1460837543893123,-0.0382327848486599,13658.44123280344,-0.2863745306371325,0.7082799515808104,-2.2553022572750243,-0.1271103134507558
ZMB,Musculoskeletal disorders,40.669,130385.70027660248,0.071619692036659,-2.636245597727591,L,-0.5940702205720861,246.32,6149.96,41.90146,1.4438000000000002,26718.732488,-1.2878847399390634,-0.9814408789813224,3255.1775640080373,-1.212043940296777,-0.3951098648450484,-0.937576074106514,0.4006683655594721
ZWE,Musculoskeletal disorders,544.0,144296.89156156185,0.9038128155576944,-0.1011219382898429,L,-0.5072401214689258,244.4,5941.76,95.1253,1.26488,25704.12307,-0.9015173122490596,-1.0938914790117371,4759.5101951403985,-1.2489518188194657,-1.1296668830769985,-0.6862179004385326,-0.6844445984855564
ALB,Neoplasms,5.3871,94084.03646481589,0.0005577354164176,-7.473855063935308,LM,-0.6855572489465708,94.2,1340.48,155.23569,13.945600000000002,8767.3661396,-0.4930546068402314,-0.2126459604060382,12849.222175247694,0.2380145890442885,-0.2151231896202075,-0.937576074106514,-1.0686674768050024
ARE,Neoplasms,22.15978,98850.281510168,0.0022942388531906,-6.0730048726021995,H,0.1920029761475444,1116.96,24179.72,2305.6505460000003,21.4316,11601.6235952,1.5859591123627317,0.739741774545433,75883.36711327448,0.799806995013803,-1.9344777676315972,-0.4500935554777018,0.6962244258052003
ARG,Neoplasms,5863.557699999999,1847342.3050207563,0.0739578288434709,-2.6041250256656294,UM,-0.1971266896177451,2264.52,74790.52,1070.2597744000002,44.25206,181393.79928400004,-0.1479497937403469,0.7764603378206705,25990.3505237228,0.6905695827419523,0.8295144996597187,0.3344486229405448,-0.4775553563135469
ASM,Neoplasms,2786.0,1650.057526037301,0.2884392103617044,-1.2432362558052446,UM,-0.3963829446946172,,,118.276418,,,-0.3724278953034905,0.5377896765316272,,0.3531968945010001,0.4585834112105977,0.2049610789297661,-0.409999685400238
AUS,Neoplasms,108926.446304,1017845.6084756068,2.493571088398692,0.9137198653865256,H,1.686037901709881,22961.92,947877.52,4359.00251,33.058800000000005,85850.1701944,1.456383302363544,1.3180591461304236,54212.04883866928,1.2635086634330837,1.1629095068767166,0.669592854497853,2.2668937745396383
AUT,Neoplasms,2614.5194916666665,459781.0080413962,0.1324985671422122,-2.021107977969004,H,2.655772449106955,5286.92,240017.96,4695.050182000001,48.396800000000006,63505.0815056,1.6309661067007597,0.8590771051899555,60268.85667814417,1.1438676880877248,1.1294922917011208,0.9514186855801358,1.3042254640249829
BEL,Neoplasms,15117.05435,658716.6270325747,0.534735324697878,-0.6259646740258122,H,2.2618360855426443,7814.2,391540.56,4406.680888,31.26,65894.4112724,1.0201304133783438,1.1229917787307244,56940.3921111463,1.2300686392682318,1.2583428562619086,1.24847834536957,-0.013110118784546
BGD,Neoplasms,12213.954,2364927.3074402595,0.1203396682653686,-2.1173538711725706,L,-0.5977808384269677,1578.28,27412.72,,4.420799999999999,98716.98583,-1.0628404320668117,-1.4312432791029814,5113.32897934955,-0.8813592568887959,-0.8733646141255625,-0.2672876109918965,-1.2797789484090936
BGR,Neoplasms,347.1079411764706,532271.6301121048,0.0151950298141736,-4.186128997040942,LM,-0.0529334492358485,540.64,14482.68,1794.3050359999995,39.0588,51813.283158,0.3708480312202768,0.1866684152121687,22821.77151822954,0.4636728261863637,0.4064370126458878,0.3725331947084208,-1.5500016320623302
BHS,Neoplasms,1.3039,14131.25457572538,0.0001349949340957,-8.83881175342504,H,-0.8138068089056336,36.96,823.12,,22.5584,1058.0563458,1.2020927093083464,0.8774363868275739,33575.55781679383,0.4698654232539282,0.8215876253622518,0.943801771226561,0.8017801616072459
BIH,Neoplasms,75.23202307692307,215028.1364080718,0.0077888963855783,-4.853773044325528,LM,-0.6863384046578135,267.0,3933.32,278.01888440000005,19.2996,8156.2943572,-0.6615872221458549,-0.2654288951141922,13009.191373023836,0.096080264255694,-0.0009421546808029,0.0602397062118369,-0.9926673470275296
BLR,Neoplasms,688.0622923076924,535644.5771083535,0.0299310099624849,-3.5085261676776662,LM,-0.0607532128429428,198.64,3022.28,1472.9208640000004,39.4592,100249.4446188,0.8904415654722012,0.624996264310316,22194.85517432224,0.4379116223852935,-1.3315690343007185,0.0602397062118369,-1.030667411916266
BRA,Neoplasms,15085.118447826088,6162229.624370293,0.0570402175290627,-2.8638233897266727,UM,0.5891447452387177,13637.08,322292.68,714.2783391999999,20.265399999999996,489032.7424200001,-0.3604685310344718,0.8039992602770988,17255.480171781295,0.1272909534762228,0.9720428081063328,-0.0844816665060912,-0.4606664385852196
BRN,Neoplasms,1293.0875,10901.484918550112,0.1338754980002119,-2.0107703368538092,H,-0.6459970720389641,52.84,1310.6,390.2173766,14.883000000000004,1262.0008799999998,1.640414410801008,0.8659618358040619,87508.94454351372,0.6145244907522514,-0.6695973160083207,0.943801771226561,-0.0975547074261829
BWA,Neoplasms,3.1734,44937.51897977834,0.0003285473762246,-7.990846516100652,UM,-0.2097087846620601,121.56,3325.96,173.69786240000005,3.6592,4949.3935444,0.1460837543893123,-0.5706519523396035,16066.874131336312,-0.3802543021814212,0.4232233346875828,-1.9734764261927416,-0.4015552265360742
CAN,Neoplasms,149031.56610833333,1743792.317979216,1.9913785789064724,0.6888321737472417,H,1.489609040499211,29544.04,1275399.56,4570.958856,22.546620000000004,99529.369204,0.875489649203869,1.3731369910432796,54193.397774207595,1.2082706975904025,1.0116771795936688,0.9361848568729852,2.102226826688448
CHE,Neoplasms,14379.380409090909,379110.99421017617,0.8837798998946378,-0.1235359143948829,H,2.83128423767282,11251.64,585294.32,4556.711074,40.1264,40273.9280124,1.5890091833903168,1.1229917787307244,75268.81661408668,1.322462187516304,1.262539436772333,0.9361848568729852,1.3760033643703735
CHL,Neoplasms,2457.760394736842,615418.2948323241,0.0930549467527743,-2.374457677382927,UM,-0.4130662354494351,1847.84,56678.32,427.5335204,18.3712,38510.5147576,1.0855542670616256,0.5905726112397812,25118.03849731798,0.6531662964538584,1.18093926018076,0.2963640511726688,0.316223776917836
CHN,Neoplasms,442415.687825,62141602.83636609,0.1658893072104786,-1.7963742577409392,LM,1.4510467220526826,70455.56,1591215.32,1135.717754,17.930799999999998,4576265.56984,-0.4306275453050752,0.5951624316491857,12907.16100572696,-0.0636887400874875,-1.873083349053176,1.4389012042089502,-1.7653353330985035
CIV,Neoplasms,300.0,252900.80206313875,0.0276402122705368,-3.5881218739894862,L,-0.7664348184326426,112.92,2443.28,63.99303,1.6373999999999995,8218.7208,-1.1558010247055155,-1.642375017935597,5070.246318122955,-1.4575184880550616,-0.449976269296144,-2.10296397020352,-1.246001112952439
CMR,Neoplasms,2114.0,361186.7582231608,0.1363777399509327,-1.9922534206701776,L,-0.5072401214689258,322.64,7905.04,,1.2016,62153.52664999999,-1.2878847399390634,-1.422063638284172,4525.251514428976,-1.2093191975870483,-1.0312803844437304,-2.64376488930736,-0.295999490734029
COL,Neoplasms,5437.958119999999,1135759.0346476296,0.1115629486622333,-2.193076653917165,LM,-0.5575000287062973,1535.84,34683.2,70.2291404,18.6208,74993.781868,-1.260564016157332,0.6410606357432325,15052.503408239549,0.096080264255694,0.2129280224430147,-0.0768647521525165,0.088223387585417
CRI,Neoplasms,106054.68624285716,124348.76343446548,10.980017930742294,2.3960779798616003,UM,-0.3306758499618466,168.72,5317.68,325.1844104,21.7234,5792.390856399999,-1.0313112732057932,0.957758243992156,20060.82964907356,0.3494813362604607,1.2672023040061362,0.1364088497475889,0.3880016772632269
CUB,Neoplasms,165.59359999999998,558730.3383888708,0.0069057622120762,-4.973952094043059,LM,-0.2544546968411825,214.8,5593.84,2055.97578,74.8132,50246.253984,-0.4386190363850955,0.9692327950156672,,0.1949141134540343,-1.6295262505408048,-0.5110288703063032,-0.2453327375490466
CYP,Neoplasms,304.72612857142855,43111.5706210007,0.0315488025490746,-3.4559027257688095,H,-0.2176931910684379,465.16,12374.08,1138.2687364,24.4508,2915.2800792,0.8165243500751518,0.4207492560918083,42427.20460720808,0.8961638053851175,0.9855651230843652,0.1135581066868635,0.4302239715840451
CZE,Neoplasms,2138.564638095238,683671.5374057319,0.0728861830755055,-2.6187189996989635,UM,1.1611697366947522,2464.28,83101.08,3115.7949599999997,38.12964,73756.44399880001,1.2863611701080897,0.9462836929686442,40335.77650259335,0.948181620752665,1.142082033232391,1.3551151463196212,-0.7013335162138837
DEU,Neoplasms,65725.58645833333,5210061.162822878,0.2939422229550918,-1.224338031804611,H,2.728296832832491,34293.0,1532108.0,4359.623428000001,39.07,677483.163832,1.515365013659394,1.1138121379119152,57073.37934866153,1.3090861778503635,1.228189648149975,1.4998365190375504,0.8735580619526369
DNK,Neoplasms,116604.23735217392,365886.1524217117,7.425721987297077,2.00495126397742,H,2.688188615952814,7153.56,338384.52,6645.832076,37.828,17918.6769232,1.518770655459118,0.8980905786698948,63245.14222976299,1.2768846730990249,1.3472481915197752,1.0732893152373375,1.0128916332113371
DOM,Neoplasms,36.2894,220058.6987617225,0.0037571018953697,-5.581449301163755,LM,-0.6163180276179551,76.56,1606.92,23.9788592,15.9652,13655.559303199998,-0.1924475372210277,0.4207492560918083,16818.470743654518,-0.0089461820102115,0.2587795502420891,0.288747136819093,0.3120015474857542
DZA,Neoplasms,1414.7604,428170.0513966062,0.076990463480235,-2.5639438379227366,LM,-0.4470272749166086,207.72,4076.2,521.9864392000001,13.898400000000002,62365.351725199995,0.2919927298209828,0.2256818886921089,14364.642594725296,-0.0441201333539812,-0.998951171622688,0.5629560535478009,-1.0433341002125116
ECU,Neoplasms,26.55491428571429,391535.8469745661,0.0015803151368511,-6.443823083111394,LM,-0.465617549869982,328.24,6772.68,240.1625596,15.6632,22522.0236884,-0.2250687763546017,0.487301652028176,12441.051274374971,0.0782455847011063,0.2217874701872428,-0.983277560227966,-1.0180007236200206
EGY,Neoplasms,3987.071023529412,1625259.814561654,0.0571612214793892,-2.8617046281939165,LM,-0.1462666824577513,5285.44,71870.08,621.9283252000001,6.3452,133970.47101199997,-0.6458053506197035,0.4850067418234732,13357.879306684385,-0.2197421861901304,-1.449850433131551,-0.5491134420741792,-1.030667411916266
ESP,Neoplasms,106881.75472916669,2459661.4833935057,1.012508227106325,0.0124405219168427,H,0.7212703352108207,17886.52,638478.0,2728.3601160000003,37.743199999999995,142394.354176,1.3191574531884838,0.8797312970322765,43711.9780393328,0.9521448828759064,1.1705255233585974,1.2256276023088415,-0.4944442740418742
EST,Neoplasms,11.08746875,85394.63850848432,0.0011479040671787,-6.761143746804692,UM,0.9088682387994828,389.56,18838.48,3225.7261000000003,32.8172,6929.693693999999,1.3200029007099876,0.551559137759841,34147.59681739785,0.88303549960188,1.222438778561617,1.126607715712365,-1.0222229530521023
ETH,Neoplasms,8603.333333333334,1644084.5762011353,0.1219306589092126,-2.1042207549643956,L,-0.4948360047777304,1176.0,22007.16,52.3478988,0.5660000000000001,26162.863530400005,-1.6890782080036626,-2.3698615528262392,1821.9964066710625,-1.9155229671721832,-1.2364465427311138,0.3192147942333942,-0.6886668279176381
FIN,Neoplasms,814056.1850086956,273652.3778434765,20.0,2.995732773553866,H,3.215384091565292,4334.96,206147.32,7524.242588000001,34.032000000000004,27518.692702,1.2316545120575315,1.0449648317708449,53891.28379728628,1.2513711731806567,1.1834261227054552,1.3017967458445934,0.4555573481765362
FRA,Neoplasms,170095.169588,3948316.397214552,1.0038073217187342,0.0038100542351925,H,1.9322709532508728,21434.08,1005259.36,4058.14122,32.8628,422344.22919199994,1.2577313164408972,0.9003854888745976,50206.07391192202,1.0217496739153389,1.1953941486055528,1.3017967458445934,-0.5915555509797563
FSM,Neoplasms,1519.0,2685.623943294542,0.1572645945941956,-1.849761991216884,LM,-0.8153788655405375,5.36,579.56,,6.67476,347.6215399999999,-0.476050362466987,-0.4145980584198444,3736.7675443593953,-0.7562687961239791,-0.3334045884510399,0.0602397062118369,-0.5387776830787335
GBR,Neoplasms,1873728.048804,3662474.1219821298,11.920715390086349,2.478278514658637,H,1.7873119443352363,50955.64,2309909.96,4100.1239000000005,26.6688,191846.488844,1.5557859539332275,1.1138121379119152,48709.53277199082,1.1844911248509518,1.127160858084218,1.2027768592481172,1.8531152901956205
GEO,Neoplasms,18.934683333333332,205218.90198994524,0.0019603392351455,-6.229549550475545,L,-0.5943974545469862,150.76,4053.08,1033.0797744,49.87840000000001,15784.702178799998,-0.7122671795473384,0.193553145826276,13219.248340109913,0.3465088896680306,-0.0837857625347237,0.2582794794047928,-1.347334619322403
GHA,Neoplasms,156.0,399355.71909316303,0.0091019619589006,-4.698167227681283,L,-0.4399609701012515,789.04,17859.36,54.02035479999999,1.2055999999999998,18842.2045884,-1.482073723356602,-1.3371519607101856,5281.493507040973,-1.00991757201145,0.5940397043526083,-0.937576074106514,0.3837794478311452
GMB,Neoplasms,19188.0,22980.95999974555,1.9865655306605827,0.6864123175283467,L,-0.7940840376880294,100.12,4097.76,62.712215400000005,0.9686,2436.9764118,-0.6645454941030067,-1.0548780055317974,2685.014329065316,-1.5952418468377114,-0.8657485976436823,-1.16608350471377,1.059336156964237
GRC,Neoplasms,2526.120891666667,672719.8915759115,0.0874964005133017,-2.4360433395703573,H,0.2951881062187891,4336.72,150813.44,2715.1557740000003,56.946000000000005,48714.6293188,1.127178183699807,0.4230441662965101,34962.40147931398,0.9199433781245676,1.1296477206089144,0.4563192525977476,-1.8624466100363852
GTM,Neoplasms,68.18816428571428,270386.3801235866,0.0058761721865056,-5.135149376029981,LM,-0.8004733066932486,99.44,2566.92,23.9059628,8.4648,8965.4912772,-0.4238102430226781,-0.4077133278057371,10493.190490144729,-0.6571872430429359,-0.0018747281275638,-0.5262626990134538,0.7131133435335272
GUM,Neoplasms,0.1332,4383.031888579257,1.3790417379820184e-05,-10.646227689464505,H,-0.5255624030807862,,,290.4553296,,,1.3025018884689163,1.2870778583669418,,1.2479033188228197,1.1885552766626395,0.8523987989836572,2.2668937745396383
HND,Neoplasms,174.3276,155227.57273147546,0.0180484261623298,-4.014142879733614,LM,-0.8047306822554082,47.52,1026.36,69.9383956,4.2728,5237.808084400001,-0.4238102430226781,-0.2562492542953826,5659.597256564474,-0.7763328106228904,-0.3759921091864512,-0.5262626990134538,0.1220012230420717
HRV,Neoplasms,2146.721322222222,313281.82545733044,0.1596653933238176,-1.834612316260125,UM,0.3697420586569883,1030.28,27929.72,1797.05422,30.722800000000003,24049.1890904,0.8242599381710966,0.4895965622328778,30424.392753499713,0.696019068161409,0.7939212797750141,0.9514186855801358,-1.3431123898903212
HTI,Neoplasms,107.0385,301680.78684098774,0.0082672807900647,-4.794240771519365,L,-0.5771758690325169,45.92,956.52,,1.833,24589.3873284,-1.0628404320668117,-1.4909109444252424,3257.3885005278403,-1.2038697121675912,-0.7086099718644819,-0.4462850983009133,0.3753349889669817
HUN,Neoplasms,845.3847916666667,818573.9816475522,0.0240639446596339,-3.7266251577879776,UM,0.6803707045015658,2102.56,78112.24,2685.499484,32.2488,71875.4526304,0.7481050872363765,0.7351519541360284,30921.08529583642,0.6828907623781721,0.4529102560761359,1.2637121740767174,-1.0686674768050024
IDN,Neoplasms,856.13899375,5721176.884882251,0.0034868175928504,-5.655901983299228,L,-0.6656954802255216,3763.72,23272.12,210.39034100799995,3.1054000000000004,225577.216428,-0.3561563550969788,-0.5224588380408542,10027.896402198325,-0.31758521985766,0.27851902153186,-0.4196258980634005,1.2662253991362464
IND,Neoplasms,242040.4254190476,21213920.04815912,0.2658503924931006,-1.3247839482287935,L,0.0720960873777242,20999.84,361898.64,187.8770994,7.322399999999999,2253635.67836,-0.61746182271422,-0.6119603360242456,5997.703428215718,-0.7773236261537012,0.1022626400940626,-0.6633671573778073,-0.9968895764596114
IRL,Neoplasms,2282.824322727273,202713.3442593411,0.2363445962103184,-1.4424220753048609,H,0.7307749947545085,3862.56,148567.64,4045.541872,34.0572,16883.00737,0.6240834065073566,0.7856399786394805,78796.19120554483,1.188206683091492,1.2448205412838769,1.0656724008837637,2.102226826688448
IRN,Neoplasms,3542.69644375,1385784.072240214,0.0595674078923002,-2.8204788389828,LM,-0.1557949356736106,7732.64,138160.44,1107.6320056,11.578600000000002,135331.79713999998,-0.2543426108629983,0.5836878806256739,15041.31246333119,0.2729408365053547,-1.5152860033126028,0.5477222248406503,0.1431123702024811
IRQ,Neoplasms,2471.0,580734.633756194,0.0991437505950839,-2.311083597247316,LM,-0.8030624557611098,686.48,7819.12,257.05344,7.317,39542.690875199994,-0.4867073888031044,0.005370509040684,12618.200750284284,-0.4709139232505756,-0.8753851899268775,-0.2596706966383217,-0.3973329971039924
ISL,Neoplasms,205147.29315,13696.92001650163,20.0,2.995732773553866,H,2.279052798450904,355.56,19543.32,6682.198872,38.19,1133.7224292,1.2446929142492145,1.2331474685564368,59846.93658326752,1.3556545077984543,1.1394397417999025,1.0656724008837637,1.2408920225437552
ISR,Neoplasms,15710.235563636366,274529.5190182265,1.3334108166654637,0.2877476827984728,H,4.973907159605384,5799.44,244241.44,,35.7984,25646.0703424,1.2440864165759786,0.9325142317404296,39990.70193898606,0.9964838778796736,0.658542701086899,0.9285679425194104,0.4006683655594721
ITA,Neoplasms,132022.199288,3728131.511002875,0.8251370067151044,-0.1921937185636986,H,0.7472433779301987,27038.92,1044767.56,1939.442776,40.6904,211767.055088,0.8954470267798256,0.8728465664181693,49972.48038745556,0.995988470114268,1.086438484242328,1.24847834536957,0.1051123053137447
JAM,Neoplasms,3193.5,91182.3532012925,0.3306283626310491,-1.106730060910904,LM,-0.7789225387882717,118.64,3659.12,,5.4326,4748.064388399999,0.2852990076084474,0.2945291948331793,10285.854351618776,-0.1511282106815095,0.7853726898463729,-0.5110288703063032,0.4386684304482085
JOR,Neoplasms,602.140025,117226.6345962948,0.0623405575513915,-2.774982664612327,LM,-0.1636011072739102,781.36,15669.68,369.9050768,23.2558,12540.478012,0.7812987562779177,0.5423794969410318,9665.93327239689,0.0128517596676184,-1.2883597979341332,0.0983242779797129,-1.195334359767457
JPN,Neoplasms,382797.795176,7792013.062835369,1.144695779851746,0.1351476431579431,H,3.232001217456847,32291.16,953951.56,5272.902023999999,22.9328,1709055.64024,1.5721622277790648,0.9554633337874534,42257.92967148511,1.1347026444277288,1.026598354741841,0.7000605119121542,-1.334667931026157
KAZ,Neoplasms,127.3524,572260.9226095023,0.0051854132022038,-5.25997911915242,LM,-0.6258432033983137,310.16,6497.16,535.2867768,36.1964,113626.77276320002,-0.2543426108629983,0.9095651296934067,27333.243732460403,0.3777195788885594,-1.2653563195806996,0.0602397062118369,-1.0180007236200206
KEN,Neoplasms,114743.04795454544,615560.8783204559,4.343358698836368,1.4686502449150876,L,-0.2059053308362432,958.72,28060.28,148.20428219999997,1.6988,59290.953204,-0.8837322135441875,-1.0617627361459043,4610.232110620364,-0.9873765186855128,-0.3242342828912252,-1.0670636181172928,1.22822533424751
KHM,Neoplasms,261.2856,345661.41364516685,0.0176130634545559,-4.038546811239306,L,-0.7358589580161591,118.96,3149.44,25.740740800000005,1.9989999999999997,10587.494602,-0.8422434767823592,-1.0525830953270952,4524.759432725333,-1.1194026881660022,-1.150183498905737,0.3344486229405448,-1.495112649445267
KOR,Neoplasms,27018.06633181818,1020154.1569981064,0.6171046031548131,-0.4827005297723901,UM,3.817072996717791,15668.2,409587.4,6080.884064,20.5616,475607.754164,1.4261136430282402,1.0633241134084632,41569.26564396438,1.04181368841425,0.8637088593742831,1.019970914762314,-0.3466662439190105
LBN,Neoplasms,141.1278,136295.56979466547,0.0146111956899083,-4.225283043469226,UM,-0.4678020161695108,793.44,24871.56,,24.6196,16220.9302684,-1.0788283613009042,0.0856923662052662,14167.592478390638,0.0965756720210983,-0.5667033790490419,-1.9277749400712896,-0.2875550318698647
LKA,Neoplasms,501.73133333333334,416825.1073629351,0.0280470816630144,-3.5735142131729183,LM,-0.690422161567146,442.4,10503.36,106.5670474,7.6884000000000015,74974.4832076,-0.2543426108629983,0.1430651213228248,10999.968054238268,0.1337312544264902,-0.2877084895597593,0.2658963937583676,1.6884483423444288
LTU,Neoplasms,1787.6728733333334,200935.7741473416,0.1850807437075757,-1.686909067635379,LM,0.2701680426927716,521.2,14151.84,2906.158892,41.2456,21687.603698,1.2541591137972343,0.4322238071153193,31533.10830529218,0.7931189901808314,0.969866803397224,0.5020207387191984,-1.7611131036664214
LUX,Neoplasms,7.461285714285714,26695.385442856412,0.0007724793107364,-7.1530430758529775,H,0.8674798087515446,309.2,12400.72,4689.78792,27.3772,2757.048789200001,1.411644006868198,0.948578603173346,129290.29825284838,1.0811986057639649,1.1709918100819778,1.0656724008837637,0.6371132137560546
LVA,Neoplasms,8721.24912,141082.76414539857,0.9029254162026236,-0.1021042494932217,LM,-0.1041619792970423,209.6,6386.2,1829.198268,31.3912,13563.396933200002,1.1296947912680313,0.5056609336657943,27594.885351783112,0.7148445632468075,0.9765502464323438,0.6162744540228264,-1.1066675416937388
MAR,Neoplasms,27.12742,466616.8107152909,0.0013546229725923,-6.596877099053405,LM,-0.0600153976816673,625.52,9553.64,870.8234672000002,6.5986,26635.4212752,-1.511975471024861,-0.1460935644696705,7496.17141389544,-0.6170592140451139,-1.214531066732234,0.0678566205654127,-0.3002217201661107
MCO,Neoplasms,0.6419333333333332,4022.093921315376,6.646042490004429e-05,-9.4787372725568,H,-0.8069646439759053,,,303.57021199999997,78.2864,641.2279255999999,1.640414410801008,1.0013615378815,,1.1641794064693385,1.1709918100819778,1.0656724008837637,0.6371132137560546
MDA,Neoplasms,3.4064,172463.28571097602,0.0003526702534731,-7.922016529174082,L,-0.4348873047725504,57.52,1025.16,791.1779167999999,30.582399999999996,20742.6071924,1.3067507525185311,0.2601055417626437,10541.106021422418,0.1054930117983935,-0.0054495930068134,-0.4729442985384272,-0.8280003991763384
MDG,Neoplasms,3500.0,380688.9123888792,0.2142240088713824,-1.5406863619962798,L,-0.7500759406701825,57.36,1179.48,38.3749292,1.6177999999999997,7315.641778800001,-1.582183667795631,-2.1908585568594567,1642.483307567602,-1.508545487891799,-0.5452541897735428,-1.16608350471377,-1.752668644802258
MEX,Neoplasms,7406.501026315789,2501395.2533155964,0.0689923744497739,-2.673614362661404,UM,-0.4004159239181893,3497.52,89418.84,303.6330748,21.1272,118420.111624,-0.4816462417038926,0.5010711132563898,20862.6077118635,0.1892169241518748,0.3029213600554353,0.3572993660012702,-0.4184441442644015
MKD,Neoplasms,37.703466666666664,123285.55147296604,0.0039035025675635,-5.543322508640998,LM,-0.4447812599070674,178.08,4548.32,682.2130980000001,27.465800000000005,9242.013092,-1.4247478821841577,-0.0956055399662188,17335.33891683372,0.2236477638475373,-0.1380304513546449,-0.8461731018636114,-0.7562224988309474
MLT,Neoplasms,7158.992614285715,19935.4642464934,0.7411824036790543,-0.2994950333025461,H,-0.1520181529554655,153.92,4448.92,1590.6303136,35.9156,2372.1001244,0.2546725489378728,0.8292432725288245,43690.113072275446,0.8800630530094478,0.8399282364818814,-0.4043920693562499,1.2957810051608192
MMR,Neoplasms,225.39685000000003,1247164.4791665152,0.0042110891456134,-5.467662092856476,L,-0.7407849064408301,75.2,1745.6,24.3904088,5.7177999999999995,45057.8505552,0.2543526959842814,-1.038813634098881,4160.257687868157,-1.2278969887897442,-1.4243600922534216,1.278946002783869,1.6377815891594465
MNG,Neoplasms,12.4845,122544.58925543891,0.0012925410343721,-6.6434382805166035,L,-0.606735919280835,64.88,1420.4,370.69395800000007,31.70519999999999,21939.410153999997,0.0555595620579777,0.1338854805040156,11806.669179457976,-0.0914315749501805,0.3153556726789135,0.6848266832050036,0.2106680411157903
MWI,Neoplasms,162.68269999999998,345508.4879561171,0.0109711708107267,-4.511573217371731,L,-0.5072401214689258,332.88,9001.64,42.9861488,0.3731999999999999,17978.519106400003,-0.9663518487866488,-1.369280703576018,1500.3485355091457,-1.5744347206906932,-0.2205632013929792,-1.16608350471377,0.4893351836331908
MYS,Neoplasms,3980.4341333333336,680692.4716534038,0.1362541755832771,-1.99315980987249,UM,0.3205595102977949,2605.48,55587.32,1096.0548646,13.974800000000002,56728.86625879999,0.9490977587343962,0.7007283010654937,26017.720142413487,0.3222339091631748,-0.8323313824680858,-1.50122773627108,0.172667976227054
NGA,Neoplasms,1263.3957714285714,2187634.5703917313,0.0134565883522066,-4.307543598130251,L,-0.5965390932024645,2139.6,34309.04,30.4566354,3.4715999999999996,70528.5225,-0.960798900109685,-1.5551684301569078,7594.354887665404,-1.3435747020118616,-0.3508126261239092,-2.2553022572750243,0.8017801616072459
NIC,Neoplasms,173.5492,91376.884176911,0.0179678371166207,-4.018615551022113,L,-0.7516200439326223,51.36,1387.76,,6.7478,5399.1255344,-1.0628404320668117,0.1178211090710991,6299.515574871409,-0.4238501855370798,-0.7317688791257092,0.288747136819093,-0.3804440793756651
NLD,Neoplasms,207851.69349583331,1026338.7598885548,4.718817299045172,1.5515603151356323,H,1.6760164894550469,16957.44,859167.12,4281.813516,31.9052,62550.2333876,1.5517671302296476,0.9715277052203698,62999.86555815831,1.2560775469520056,1.1470557582817829,1.012354000408737,1.8024485370106376
NOR,Neoplasms,383458.12299,247155.1763878978,20.0,2.995732773553866,H,1.346422634431936,4862.76,209808.6,5739.830929999999,41.2756,20221.0005844,0.8433966781901925,1.0793884848413795,85207.42722944335,1.3868651970189827,1.2600525742476367,0.981886342994438,1.0213360920755006
NPL,Neoplasms,2133.0,388385.9177001396,0.1279669169391385,-2.055905367738066,L,-0.5849687050789807,901.52,11567.88,59.65797,5.1694,8137.124040399999,-0.842358014740521,-1.4518974709453023,3508.52037662225,-1.082247105760611,-0.3497246237693546,-0.015929437323915,-0.3762218499435834
NZL,Neoplasms,5906.914409999999,209705.66154144355,0.6115526662220291,-0.4917378495928553,H,0.7569952581257706,3266.96,128033.0,4179.645111999999,28.086,11776.8108888,1.1486204745742885,1.2560965706034597,43747.40306150099,1.2322979742125555,1.2142010464485624,1.0352047434694611,2.2668937745396383
OMN,Neoplasms,2.8323666666666667,25351.36460276762,0.0002932396284235,-8.1009872121311,UM,-0.6160502907294005,324.8,6590.2,254.8387608,19.08,4783.3042396,0.2173835384083884,0.5171354846893061,40703.55778955031,0.4792781707966277,-1.5976633244431433,-0.6747925289081694,0.9537804211621912
PAK,Neoplasms,620.7204142857144,4387693.723977656,0.0032963251952252,-5.711917919258948,L,-0.5323366079765423,2507.96,50960.8,218.36298560000003,8.3796,102724.429004,-0.61746182271422,-1.0938914790117371,4604.534345725936,-1.3683450902821224,-0.741250042501111,0.2163864504601283,-1.1700009831749665
PAN,Neoplasms,28.869490909090903,85843.36173533024,0.0029889063752198,-5.80950759836884,UM,-0.6140284156054884,76.24,4280.52,118.2820104,14.8664,7854.0216504,-0.7564787574548428,0.6731893786090654,25958.763735724344,0.3569124527415395,0.6501495400660523,0.2468541078744295,-0.0088878893524642
PER,Neoplasms,1477.79547,762452.0966922375,0.0451618884673228,-3.0972803221903757,LM,-0.6981916603943965,622.88,16100.88,,14.3462,48266.29250039999,-0.6962755389557354,0.1453600315275267,12528.092016874456,0.0827042545897528,0.7769795288255256,-0.6024318425492058,-0.6380000747326562
PHL,Neoplasms,1169.5359470588237,2038729.539920597,0.0133667025952387,-4.314240697461339,LM,-0.6155235363528765,608.6,15265.12,115.4890196,8.777199999999999,99546.5422768,0.039412942133762,-0.0910157195568143,7275.56410305801,-0.306190841253341,-0.3525223441096372,0.517254567426349,0.2740014825970179
POL,Neoplasms,44891.68851428571,2651312.859592342,0.3945256904529248,-0.9300456726922464,UM,0.3119632071327089,6545.88,171263.2,2251.738904,25.763999999999996,247467.471128,1.4163487598517872,0.6640097377902562,29884.23115253326,0.8156600435067692,0.9036540886772048,0.7762296554479063,-0.7562224988309474
PRI,Neoplasms,2202.7504294117643,138508.17927388803,0.2280544129516994,-1.478127176980914,UM,-0.2912377446624314,,,293.1154456,,,-0.7259081394261464,0.6146691683891559,41285.88234229262,0.3102202708520987,0.9021775140531676,0.2963640511726688,0.2866681708932631
PRT,Neoplasms,956.0362045454546,634491.6905372423,0.0351090215403566,-3.3490123710715363,H,0.7576933230784961,4251.6,127431.44,3690.75784,44.1928,36170.0584736,0.7436194726614643,1.0449648317708449,37093.18332037167,0.7200463447835633,1.2093827503069654,0.631508282729977,-1.208001048063703
PSE,Neoplasms,176.0,65249.51411805772,0.0182215725138765,-4.0046004343366475,LM,-0.4089788881986852,188.88,4298.48,364.2897808,15.2826,5693.440376799999,-0.2543426108629983,0.1499498519369312,5354.912957495792,-0.2261824871403991,-1.214531066732234,-0.0959070380364544,-1.5457794026302485
QAT,Neoplasms,1.0042,19372.896445424845,0.0001039664949911,-9.079606056354685,H,-0.1760847243822053,762.52,20507.08,699.6647419999999,27.269,2408.958384,1.369961805366068,0.989886986857988,117119.99710764772,0.7299545000916665,-2.037060846775289,0.2392371935208548,1.371781134938292
ROU,Neoplasms,1677.950876470588,1272701.2460145038,0.0307201335223578,-3.482511557832659,LM,-0.2801164056690808,1687.2,36692.92,931.5613616,26.8992,142187.626808,0.4608248454821719,0.3771459622024635,27423.4610312035,0.4874523989258137,0.3750403732716061,0.1897272502226155,-1.414890290235712
RUS,Neoplasms,12580.549086363637,7978556.479705981,0.0367405453889824,-3.303602212916881,LM,0.5238738769881611,6103.04,95354.44,3038.264508,45.41480000000001,1224673.333888,0.0957556262539488,0.6043420724679949,32776.237809188046,0.5134613066095881,-1.1015342507663797,-0.0844816665060912,-1.31777901329783
RWA,Neoplasms,3584.0,229485.50779052265,0.3639008435327304,-1.0108463766965998,L,0.0225057788146977,175.0,3518.68,35.758095000000004,0.71254,7801.1199232,-1.2878847399390634,-1.288958846411436,2101.280425014305,-1.447114924981552,-1.4361726892457254,-1.16608350471377,-1.7315574976418489
SAU,Neoplasms,896.6708416666667,329950.8066353377,0.063321935194587,-2.759365571608378,UM,-0.3195537416096209,4051.96,88253.56,589.8781,22.165199999999995,63306.122842,1.087822954732511,0.8820262072369784,58198.93178177366,0.5981760344938795,-2.148347944755415,0.0678566205654127,-0.2326660492528014
SDN,Neoplasms,600.0,489020.6344401784,0.0285886989632512,-3.5543940529864804,L,-0.5384291609089094,243.48,4856.4,,2.8784000000000005,27173.1927936,-0.6309188242347716,-1.467961842378219,3739.5830431078225,-1.5043345218858548,-1.4787602099811368,0.2582794794047928,0.1346679113383176
SEN,Neoplasms,1037.4931,182342.90116755545,0.1074133849675939,-2.2309773834802256,L,-0.2795214348056261,181.24,3415.92,435.4852584,1.1557000000000002,10467.9669544,-1.1288642282346195,-1.5046804056534564,3670.3894565647,-1.5296003179215203,0.447470244303365,-0.6405164143170818,-0.5408887977947744
SGP,Neoplasms,745.84755,131759.24035116084,0.0772188364580803,-2.560982362446344,H,1.8002535864272085,3571.44,149622.84,6402.609976000002,20.4104,12778.507642,1.640414410801008,1.2813405828551865,102904.17860234065,1.2278393043239095,-0.6695973160083207,0.943801771226561,-0.0975547074261829
SLV,Neoplasms,28.0105,142591.06236566597,0.0028999736187496,-5.8396112635616,LM,-0.7051789776985711,44.48,1186.48,64.6676792,18.7678,6746.7366368,-0.4238102430226781,0.624996264310316,9273.01392438114,-0.4461435349803141,-0.0618702865358437,-0.5262626990134538,-0.9884451175954476
SRB,Neoplasms,994.9435166666668,643562.3569897187,0.0360228540716603,-3.3233241436025014,UM,0.078537672786454,1172.16,24938.56,1709.916424,29.2386,39829.6700988,-0.9026283560717088,-0.0611818868956836,18124.0177351574,0.3217385013977691,-0.2903507809922484,0.1668765071618901,-1.6893352033210305
SVK,Neoplasms,164.76709499999998,329101.73914181604,0.0116656954239758,-4.4502459119783415,UM,0.0790428851144737,711.76,20155.96,2604.693996,33.9888,34136.6889316,1.0561154061859035,0.8017043500723969,30335.36358264918,0.7200463447835627,1.0267537836496354,1.1646922874802412,-0.9588895115708752
SVN,Neoplasms,10555.345955555556,128182.90899722732,1.092812509876186,0.0887638079716105,H,1.5688212044735264,826.24,27272.8,3843.0390280000006,27.227199999999996,9423.0723276,0.4858611588299455,0.9302193215357276,39279.976435910976,1.0529603631358675,0.9916268504883106,0.905717199458686,0.160001287930808
SWE,Neoplasms,333194.605084,489860.8271447176,15.848770456475414,2.763092554553918,H,3.5012809270090774,10995.76,518697.44,6472.473894,38.8488,24547.856226400003,1.473524592750634,0.8613720153946574,57211.250518340894,1.2753984498028084,1.3132092607130048,1.522687262098276,0.4513351187444545
THA,Neoplasms,17511.886935,2820862.280580877,0.1446509821856144,-1.933362327969684,LM,-0.0890658759016732,2742.76,67800.16,897.2197834,4.1786,146109.074908,-1.0712678786124514,0.67777919901847,17420.47860657954,0.1337312544264902,-0.8848663533022793,0.6924435975585773,0.886224750248882
TUN,Neoplasms,351.4329714285714,234454.99847745657,0.03492636066369,-3.35422713929795,LM,0.0009232107428812,844.36,14196.08,1474.0663639999998,11.498,20373.418867999997,0.4116063108887263,0.2968241050378812,11883.999462028434,-0.0837527545863996,-0.5494507702839665,-0.5719641851349045,-0.8322226286084204
TUR,Neoplasms,5254.756923809524,2478355.7605776056,0.0494036810073715,-3.007527949660964,UM,0.2945397931399904,9173.76,161346.6,1180.9438388,17.195600000000002,205899.00472800003,0.2173835384083884,0.4092747050682964,24132.177663504997,0.2788857296902191,-0.4148493361348195,-1.417441678381752,-1.495112649445267
TWN,Neoplasms,72610.26955714285,1201974.684185431,1.4075798926239211,0.3418789458654299,H,0.164071915090892,7309.68,202897.52,,,,0.9879854174359308,0.9554633337874534,49027.62762815805,1.1454777633252913,0.9052083777551394,0.1744934215154649,-0.1271103134507558
TZA,Neoplasms,2968.4178166666666,870574.2433383192,0.0794492023784556,-2.5325115666720452,L,-0.3009049953817357,574.24,14129.28,27.44056920000001,0.5366,34089.553026400004,-1.2874065621011082,-1.598771724046252,2943.8138350321356,-1.3787486533556326,-0.5241158583136302,0.7305281693264534,0.0628900109929266
UGA,Neoplasms,3029.7745999999997,750242.7018378942,0.0940976693838451,-2.36331573322688,L,-0.5072401214689258,836.28,21372.24,30.2253728,1.1968,14749.42476,-1.2844238342586884,-1.3876399852136367,2351.4495322320777,-1.2984925953599873,-1.0811730638454349,-2.148665456324972,0.1177789936099899
UKR,Neoplasms,1207.6352555555557,2532525.891444856,0.0111109761444092,-4.498922211241764,L,0.0263689861798188,1320.52,13619.72,1140.1403976,32.0196,359398.68044400006,1.3067507525185311,0.654830096971447,15902.135507178204,0.2677390549686009,-0.4111190423477763,-0.0235463516774898,-1.1193342299899844
URY,Neoplasms,777.4255,212940.96466289504,0.0804881541044699,-2.51952102519978,UM,-0.3238726658817929,296.0,10230.92,615.0790922,41.8794,6442.1798528,-0.4592438262531174,0.9210396807169186,25109.14942301282,0.4971128503512155,1.2160661933420849,0.4715530813048982,-0.5408887977947744
USA,Neoplasms,3266681.034116,15157945.516072497,5.0215375586668145,1.613738164814435,H,2.8302856098528664,196098.56,8732175.16,3937.0878280000006,28.6468,934111.267824,1.531247288427929,1.1413510603683428,63579.52211583438,1.1916745374493285,1.1408386019700445,0.86763262769081,2.296449380564211
VEN,Neoplasms,518.068075,760759.5456756406,0.0158675452717791,-4.142849414974622,UM,-0.341527656895934,225.92,8078.48,205.77687919999997,17.6204,27298.575182399996,-0.9929102806348242,0.3817357826118681,,0.0571907546713842,-0.8264250839719341,-0.2825214396990471,-0.9588895115708752
VNM,Neoplasms,2635.43305,2332130.6115648057,0.026331126795473,-3.636623804710579,L,-0.4934521846142816,927.6,19423.76,525.8847767999999,7.8774,187418.696472,-0.514446394638925,0.0030755988359821,8760.437449736877,-0.1976965406295996,-1.6107193526977948,0.3268317085869689,-1.174223212607048
YEM,Neoplasms,379.1251,311176.3839635975,0.0283887476325939,-3.561410232231174,L,-0.5637744067861599,135.0,2537.48,,2.4524,15647.7173784,-0.5495704689222048,-1.217816630065664,,-1.5566000411361047,-1.345557636002131,0.2582794794047928,-1.478223731716939
ZAF,Neoplasms,4056.498890909091,1564922.1569535,0.0603988887040812,-2.8066190208940687,UM,0.0291253425765472,4149.12,125429.28,404.9987222,7.338399999999999,123314.596444,0.1460837543893123,-0.0382327848486599,13658.44123280344,-0.2863745306371325,0.7082799515808104,-2.2553022572750243,-0.1271103134507558
ZMB,Neoplasms,16674.25,331273.195656438,1.17281722953923,0.1594172694278194,L,-0.5940702205720861,246.32,6149.96,41.90146,1.4438000000000002,26718.732488,-1.2878847399390634,-0.9814408789813224,3255.1775640080373,-1.212043940296777,-0.3951098648450484,-0.937576074106514,0.4006683655594721
ZWE,Neoplasms,1598.239366666667,391915.3424915679,0.0950210629471676,-2.3535514624361418,L,-0.5072401214689258,244.4,5941.76,95.1253,1.26488,25704.12307,-0.9015173122490596,-1.0938914790117371,4759.5101951403985,-1.2489518188194657,-1.1296668830769985,-0.6862179004385326,-0.6844445984855564
ARG,Sense organ diseases,363.7178857142857,291851.559923257,0.2087549701382541,-1.5665462045852976,UM,-0.1971266896177451,2264.52,74790.52,1070.2597744000002,44.25206,181393.79928400004,-0.1479497937403469,0.7764603378206705,25990.3505237228,0.6905695827419523,0.8295144996597187,0.3344486229405448,-0.4775553563135469
ARM,Sense organ diseases,14.7332,29061.67453219785,0.0391640891689579,-3.239739741324118,L,-0.5581657805862664,110.32,1882.72,1175.627104,28.470400000000005,13243.130306,-1.429464003479396,0.055858533544136,11854.35125599687,0.1490888951540521,-0.4892997829678927,0.2582794794047928,-1.2924456367053392
AUS,Sense organ diseases,2026.537508695652,184437.74316673537,1.8405136054671765,0.6100500993277299,H,1.686037901709881,22961.92,947877.52,4359.00251,33.058800000000005,85850.1701944,1.456383302363544,1.3180591461304236,54212.04883866928,1.2635086634330837,1.1629095068767166,0.669592854497853,2.2668937745396383
AUT,Sense organ diseases,192.30621333333332,67010.09938231405,0.4807145192354322,-0.7324608980282948,H,2.655772449106955,5286.92,240017.96,4695.050182000001,48.396800000000006,63505.0815056,1.6309661067007597,0.8590771051899555,60268.85667814417,1.1438676880877248,1.1294922917011208,0.9514186855801358,1.3042254640249829
BEL,Sense organ diseases,301.74479375,90487.80819630536,0.5585780968373733,-0.5823429346179464,H,2.2618360855426443,7814.2,391540.56,4406.680888,31.26,65894.4112724,1.0201304133783438,1.1229917787307244,56940.3921111463,1.2300686392682318,1.2583428562619086,1.24847834536957,-0.013110118784546
BFA,Sense organ diseases,154.0,83717.92195687963,0.3081317612236035,-1.177195338184417,L,-0.5476922417657978,159.56,3312.8,46.57809999999999,0.665,4295.738,-1.3435486109526469,-1.8580965771776168,2061.603181376113,-2.060182034670506,-0.1773539650263939,-0.9528099028136646,-1.0855563945333295
BGD,Sense organ diseases,918.5102333333332,1105099.3800748286,0.1392248790175755,-1.9715929948136532,L,-0.5977808384269677,1578.28,27412.72,,4.420799999999999,98716.98583,-1.0628404320668117,-1.4312432791029814,5113.32897934955,-0.8813592568887959,-0.8733646141255625,-0.2672876109918965,-1.2797789484090936
BGR,Sense organ diseases,103.03855,76448.06264291196,0.2257706273537631,-1.488191426546151,LM,-0.0529334492358485,540.64,14482.68,1794.3050359999995,39.0588,51813.283158,0.3708480312202768,0.1866684152121687,22821.77151822954,0.4636728261863637,0.4064370126458878,0.3725331947084208,-1.5500016320623302
BIH,Sense organ diseases,21.0579,35812.07566072909,0.055976534175264,-2.882644078318407,LM,-0.6863384046578135,267.0,3933.32,278.01888440000005,19.2996,8156.2943572,-0.6615872221458549,-0.2654288951141922,13009.191373023836,0.096080264255694,-0.0009421546808029,0.0602397062118369,-0.9926673470275296
BLR,Sense organ diseases,16.622266666666665,100265.00183671992,0.0277699478650991,-3.5834408183639943,LM,-0.0607532128429428,198.64,3022.28,1472.9208640000004,39.4592,100249.4446188,0.8904415654722012,0.624996264310316,22194.85517432224,0.4379116223852935,-1.3315690343007185,0.0602397062118369,-1.030667411916266
BOL,Sense organ diseases,14.7496,67102.60920882125,0.036819257000341,-3.301462722490777,LM,-0.6163180276179551,58.8,2683.08,100.5244707968,9.19619999988,12581.1942184,-0.2250687763546017,-0.5178690176314497,9949.461080913694,-0.2566500647128187,0.2946836279423804,-0.4196258980634005,-0.2453327375490466
BRA,Sense organ diseases,1406.0029857142856,1891516.3565983817,0.1245117470972027,-2.08327490285182,UM,0.5891447452387177,13637.08,322292.68,714.2783391999999,20.265399999999996,489032.7424200001,-0.3604685310344718,0.8039992602770988,17255.480171781295,0.1272909534762228,0.9720428081063328,-0.0844816665060912,-0.4606664385852196
BWA,Sense organ diseases,650.0,12471.629329275833,1.72784309992552,0.5468796551509957,UM,-0.2097087846620601,121.56,3325.96,173.69786240000005,3.6592,4949.3935444,0.1460837543893123,-0.5706519523396035,16066.874131336312,-0.3802543021814212,0.4232233346875828,-1.9734764261927416,-0.4015552265360742
CAN,Sense organ diseases,1556.4773272727273,289456.6832332107,0.9007274591675466,-0.1045414521069237,H,1.489609040499211,29544.04,1275399.56,4570.958856,22.546620000000004,99529.369204,0.875489649203869,1.3731369910432796,54193.397774207595,1.2082706975904025,1.0116771795936688,0.9361848568729852,2.102226826688448
CHE,Sense organ diseases,122.42223529411764,61863.07903560029,0.3254252531236917,-1.12259175225434,H,2.83128423767282,11251.64,585294.32,4556.711074,40.1264,40273.9280124,1.5890091833903168,1.1229917787307244,75268.81661408668,1.322462187516304,1.262539436772333,0.9361848568729852,1.3760033643703735
CHL,Sense organ diseases,133.69579,121275.38227227026,0.1846627355381404,-1.6891700175180215,UM,-0.4130662354494351,1847.84,56678.32,427.5335204,18.3712,38510.5147576,1.0855542670616256,0.5905726112397812,25118.03849731798,0.6531662964538584,1.18093926018076,0.2963640511726688,0.316223776917836
CHN,Sense organ diseases,36017.88340625,15524108.8284301,0.3886383865685244,-0.9450802346884496,LM,1.4510467220526826,70455.56,1591215.32,1135.717754,17.930799999999998,4576265.56984,-0.4306275453050752,0.5951624316491857,12907.16100572696,-0.0636887400874875,-1.873083349053176,1.4389012042089502,-1.7653353330985035
COL,Sense organ diseases,194.13745833333337,361446.63301788195,0.0899703357536673,-2.4081641241505634,LM,-0.5575000287062973,1535.84,34683.2,70.2291404,18.6208,74993.781868,-1.260564016157332,0.6410606357432325,15052.503408239549,0.096080264255694,0.2129280224430147,-0.0768647521525165,0.088223387585417
CRI,Sense organ diseases,39317.7082,33823.01764519366,20.0,2.995732773553866,UM,-0.3306758499618466,168.72,5317.68,325.1844104,21.7234,5792.390856399999,-1.0313112732057932,0.957758243992156,20060.82964907356,0.3494813362604607,1.2672023040061362,0.1364088497475889,0.3880016772632269
CYP,Sense organ diseases,17.377119999999998,7071.854248894656,0.0461922105978119,-3.074727633601656,H,-0.2176931910684379,465.16,12374.08,1138.2687364,24.4508,2915.2800792,0.8165243500751518,0.4207492560918083,42427.20460720808,0.8961638053851175,0.9855651230843652,0.1135581066868635,0.4302239715840451
CZE,Sense organ diseases,239.493925,100527.98165517164,0.3990632394504295,-0.9186103214170204,UM,1.1611697366947522,2464.28,83101.08,3115.7949599999997,38.12964,73756.44399880001,1.2863611701080897,0.9462836929686442,40335.77650259335,0.948181620752665,1.142082033232391,1.3551151463196212,-0.7013335162138837
DEU,Sense organ diseases,2791.762368181818,710318.9305217363,0.6583536458641657,-0.4179978470244017,H,2.728296832832491,34293.0,1532108.0,4359.623428000001,39.07,677483.163832,1.515365013659394,1.1138121379119152,57073.37934866153,1.3090861778503635,1.228189648149975,1.4998365190375504,0.8735580619526369
DMA,Sense organ diseases,19.874,538.7313165649995,0.0528294673352612,-2.940496880089247,UM,-0.3238726658817929,,,,14.114399999999998,262.0479024,-0.4592438262531174,0.4781220112093668,16455.142538910604,0.1022728613232592,0.9021775140531676,0.2963640511726688,-0.4606664385852196
DNK,Sense organ diseases,1200.4217588235294,41656.57061298128,3.1909853122826033,1.1603328782516564,H,2.688188615952814,7153.56,338384.52,6645.832076,37.828,17918.6769232,1.518770655459118,0.8980905786698948,63245.14222976299,1.2768846730990249,1.3472481915197752,1.0732893152373375,1.0128916332113371
DOM,Sense organ diseases,110.8324,68158.58258049723,0.2723832344099821,-1.3005085419829825,LM,-0.6163180276179551,76.56,1606.92,23.9788592,15.9652,13655.559303199998,-0.1924475372210277,0.4207492560918083,16818.470743654518,-0.0089461820102115,0.2587795502420891,0.288747136819093,0.3120015474857542
DZA,Sense organ diseases,364.3206,266975.65583150426,0.2285842229062039,-1.4758067995671644,LM,-0.4470272749166086,207.72,4076.2,521.9864392000001,13.898400000000002,62365.351725199995,0.2919927298209828,0.2256818886921089,14364.642594725296,-0.0441201333539812,-0.998951171622688,0.5629560535478009,-1.0433341002125116
EGY,Sense organ diseases,333.7044090909091,537339.478340319,0.1040273129461269,-2.2630056658581745,LM,-0.1462666824577513,5285.44,71870.08,621.9283252000001,6.3452,133970.47101199997,-0.6458053506197035,0.4850067418234732,13357.879306684385,-0.2197421861901304,-1.449850433131551,-0.5491134420741792,-1.030667411916266
ESP,Sense organ diseases,1049.698661111111,463046.3363091078,0.3797295338316069,-0.9682696985664868,H,0.7212703352108207,17886.52,638478.0,2728.3601160000003,37.743199999999995,142394.354176,1.3191574531884838,0.8797312970322765,43711.9780393328,0.9521448828759064,1.1705255233585974,1.2256276023088415,-0.4944442740418742
EST,Sense organ diseases,16.11769,14005.518308496552,0.0428443683895977,-3.1499476930528685,UM,0.9088682387994828,389.56,18838.48,3225.7261000000003,32.8172,6929.693693999999,1.3200029007099876,0.551559137759841,34147.59681739785,0.88303549960188,1.222438778561617,1.126607715712365,-1.0222229530521023
ETH,Sense organ diseases,475.12085,527410.0982286356,0.1509002063124277,-1.891070279230303,L,-0.4948360047777304,1176.0,22007.16,52.3478988,0.5660000000000001,26162.863530400005,-1.6890782080036626,-2.3698615528262392,1821.9964066710625,-1.9155229671721832,-1.2364465427311138,0.3192147942333942,-0.6886668279176381
FIN,Sense organ diseases,2217.6474363636366,46211.90450743555,5.894995109212966,1.7741054006917518,H,3.215384091565292,4334.96,206147.32,7524.242588000001,34.032000000000004,27518.692702,1.2316545120575315,1.0449648317708449,53891.28379728628,1.2513711731806567,1.1834261227054552,1.3017967458445934,0.4555573481765362
FRA,Sense organ diseases,1659.4836421052632,525044.2876208465,0.5294332627039259,-0.6359292722712999,H,1.9322709532508728,21434.08,1005259.36,4058.14122,32.8628,422344.22919199994,1.2577313164408972,0.9003854888745976,50206.07391192202,1.0217496739153389,1.1953941486055528,1.3017967458445934,-0.5915555509797563
GBR,Sense organ diseases,6756.449108333333,560124.4584656667,2.020543282740578,0.7033713762555347,H,1.7873119443352363,50955.64,2309909.96,4100.1239000000005,26.6688,191846.488844,1.5557859539332275,1.1138121379119152,48709.53277199082,1.1844911248509518,1.127160858084218,1.2027768592481172,1.8531152901956205
GEO,Sense organ diseases,16.46216666666667,44006.812436093234,0.0437600632074213,-3.1288051836994666,L,-0.5943974545469862,150.76,4053.08,1033.0797744,49.87840000000001,15784.702178799998,-0.7122671795473384,0.193553145826276,13219.248340109913,0.3465088896680306,-0.0837857625347237,0.2582794794047928,-1.347334619322403
GHA,Sense organ diseases,153.0,139237.08031512582,0.1840647851005039,-1.6924131631842163,L,-0.4399609701012515,789.04,17859.36,54.02035479999999,1.2055999999999998,18842.2045884,-1.482073723356602,-1.3371519607101856,5281.493507040973,-1.00991757201145,0.5940397043526083,-0.937576074106514,0.3837794478311452
GIN,Sense organ diseases,30.0064,59492.8359927385,0.0797636172209309,-2.5285624404568567,L,-0.5072401214689258,43.6,796.44,,1.4486,3053.1244680000004,-1.2878847399390634,-1.9797268180268408,3050.643557435063,-1.7703684919084552,-1.1091502672482598,-2.171516199385697,0.5231130190898454
GMB,Sense organ diseases,14216.5,9631.058126166405,20.0,2.995732773553866,L,-0.7940840376880294,100.12,4097.76,62.712215400000005,0.9686,2436.9764118,-0.6645454941030067,-1.0548780055317974,2685.014329065316,-1.5952418468377114,-0.8657485976436823,-1.16608350471377,1.059336156964237
GRC,Sense organ diseases,168.418175,97541.84854323907,0.2892225563665059,-1.240524221152074,H,0.2951881062187891,4336.72,150813.44,2715.1557740000003,56.946000000000005,48714.6293188,1.127178183699807,0.4230441662965101,34962.40147931398,0.9199433781245676,1.1296477206089144,0.4563192525977476,-1.8624466100363852
GRL,Sense organ diseases,460.0,335.48686304020487,1.222781270716522,0.2011361722427234,H,-0.0512865083370962,19.4,659.16,680.0240208,,,-1.8661592011402857,1.2572440257058115,60403.040732769936,1.199972617519866,1.0762578907818563,0.9019087422818975,2.1993381036263293
GTM,Sense organ diseases,144.6548,82522.22150215802,0.2936270917951197,-1.2254106557692586,LM,-0.8004733066932486,99.44,2566.92,23.9059628,8.4648,8965.4912772,-0.4238102430226781,-0.4077133278057371,10493.190490144729,-0.6571872430429359,-0.0018747281275638,-0.5262626990134538,0.7131133435335272
HRV,Sense organ diseases,83.378225,43668.13883543789,0.2216376780773653,-1.5066661934725385,UM,0.3697420586569883,1030.28,27929.72,1797.05422,30.722800000000003,24049.1890904,0.8242599381710966,0.4895965622328778,30424.392753499713,0.696019068161409,0.7939212797750141,0.9514186855801358,-1.3431123898903212
HUN,Sense organ diseases,1740.83496875,98492.35923774472,2.960664843575248,1.0854172300450646,UM,0.6803707045015658,2102.56,78112.24,2685.499484,32.2488,71875.4526304,0.7481050872363765,0.7351519541360284,30921.08529583642,0.6828907623781721,0.4529102560761359,1.2637121740767174,-1.0686674768050024
IDN,Sense organ diseases,87.3195,2128887.0967675163,0.0068705704272327,-4.97905371953881,L,-0.6656954802255216,3763.72,23272.12,210.39034100799995,3.1054000000000004,225577.216428,-0.3561563550969788,-0.5224588380408542,10027.896402198325,-0.31758521985766,0.27851902153186,-0.4196258980634005,1.2662253991362464
IND,Sense organ diseases,7667.607771428571,12617399.739539571,0.1017944761289987,-2.284701205999366,L,0.0720960873777242,20999.84,361898.64,187.8770994,7.322399999999999,2253635.67836,-0.61746182271422,-0.6119603360242456,5997.703428215718,-0.7773236261537012,0.1022626400940626,-0.6633671573778073,-0.9968895764596114
IRL,Sense organ diseases,120.95884166666669,28725.483248421744,0.3215352306903592,-1.1346170587601854,H,0.7307749947545085,3862.56,148567.64,4045.541872,34.0572,16883.00737,0.6240834065073566,0.7856399786394805,78796.19120554483,1.188206683091492,1.2448205412838769,1.0656724008837637,2.102226826688448
IRN,Sense organ diseases,899.6428571428571,634772.57190432,0.2374029812694824,-1.4379541173011736,LM,-0.1557949356736106,7732.64,138160.44,1107.6320056,11.578600000000002,135331.79713999998,-0.2543426108629983,0.5836878806256739,15041.31246333119,0.2729408365053547,-1.5152860033126028,0.5477222248406503,0.1431123702024811
IRQ,Sense organ diseases,552.0,190943.92569921407,0.4842475317641663,-0.7251384233535875,LM,-0.8030624557611098,686.48,7819.12,257.05344,7.317,39542.690875199994,-0.4867073888031044,0.005370509040684,12618.200750284284,-0.4709139232505756,-0.8753851899268775,-0.2596706966383217,-0.3973329971039924
ISL,Sense organ diseases,1567.97925,2110.0514532774796,4.168034042982911,1.4274468713297157,H,2.279052798450904,355.56,19543.32,6682.198872,38.19,1133.7224292,1.2446929142492145,1.2331474685564368,59846.93658326752,1.3556545077984543,1.1394397417999025,1.0656724008837637,1.2408920225437552
ISR,Sense organ diseases,127.6591,46036.256037187464,0.3393459924272338,-1.080705597443315,H,4.973907159605384,5799.44,244241.44,,35.7984,25646.0703424,1.2440864165759786,0.9325142317404296,39990.70193898606,0.9964838778796736,0.658542701086899,0.9285679425194104,0.4006683655594721
ITA,Sense organ diseases,1362.8800157894736,673969.759388987,0.3387282342438838,-1.0825276402508095,H,0.7472433779301987,27038.92,1044767.56,1939.442776,40.6904,211767.055088,0.8954470267798256,0.8728465664181693,49972.48038745556,0.995988470114268,1.086438484242328,1.24847834536957,0.1051123053137447
JOR,Sense organ diseases,549.6613333333333,44879.21624959479,1.4611208339936326,0.3792106797472247,LM,-0.1636011072739102,781.36,15669.68,369.9050768,23.2558,12540.478012,0.7812987562779177,0.5423794969410318,9665.93327239689,0.0128517596676184,-1.2883597979341332,0.0983242779797129,-1.195334359767457
JPN,Sense organ diseases,1772.9654523809525,1452694.7912937251,0.2044372728762898,-1.587445171090041,H,3.232001217456847,32291.16,953951.56,5272.902023999999,22.9328,1709055.64024,1.5721622277790648,0.9554633337874534,42257.92967148511,1.1347026444277288,1.026598354741841,0.7000605119121542,-1.334667931026157
KEN,Sense organ diseases,27451.271357142858,278459.0280307206,16.513356057269313,2.80417011705864,L,-0.2059053308362432,958.72,28060.28,148.20428219999997,1.6988,59290.953204,-0.8837322135441875,-1.0617627361459043,4610.232110620364,-0.9873765186855128,-0.3242342828912252,-1.0670636181172928,1.22822533424751
KOR,Sense organ diseases,1244.7306235294118,197918.31764585845,1.0534733871883517,0.0521021849762643,UM,3.817072996717791,15668.2,409587.4,6080.884064,20.5616,475607.754164,1.4261136430282402,1.0633241134084632,41569.26564396438,1.04181368841425,0.8637088593742831,1.019970914762314,-0.3466662439190105
KWT,Sense organ diseases,71.3156,20063.215236794633,0.1895725651954591,-1.6629306491095543,H,-0.6838885095463556,371.24,8648.56,241.3141644,21.208,7519.4662628,1.640414410801008,0.960053154196858,58962.60401646187,0.5627543792674076,-1.0323683867982845,0.2392371935208548,0.8017801616072459
LBN,Sense organ diseases,16.936320000000002,41747.10298072958,0.045020467154047,-3.1004159704376133,UM,-0.4678020161695108,793.44,24871.56,,24.6196,16220.9302684,-1.0788283613009042,0.0856923662052662,14167.592478390638,0.0965756720210983,-0.5667033790490419,-1.9277749400712896,-0.2875550318698647
LCA,Sense organ diseases,52.126,1333.5677684657949,0.1385623837334118,-1.9763624636422497,UM,-0.3238726658817929,17.16,609.32,,26.94688,248.8206274,-0.4592438262531174,0.413864525477701,20863.36710906665,0.0856767011821851,0.9021775140531676,0.2963640511726688,-0.4606664385852196
LKA,Sense organ diseases,11.482,208577.22902726152,0.0092211446390526,-4.685172225257895,LM,-0.690422161567146,442.4,10503.36,106.5670474,7.6884000000000015,74974.4832076,-0.2543426108629983,0.1430651213228248,10999.968054238268,0.1337312544264902,-0.2877084895597593,0.2658963937583676,1.6884483423444288
LTU,Sense organ diseases,32.904758333333334,34919.56018619059,0.0874680917553334,-2.4363668969079044,LM,0.2701680426927716,521.2,14151.84,2906.158892,41.2456,21687.603698,1.2541591137972343,0.4322238071153193,31533.10830529218,0.7931189901808314,0.969866803397224,0.5020207387191984,-1.7611131036664214
LVA,Sense organ diseases,19.227257142857145,24631.583803767553,0.0511102824381221,-2.9735739439257314,LM,-0.1041619792970423,209.6,6386.2,1829.198268,31.3912,13563.396933200002,1.1296947912680313,0.5056609336657943,27594.885351783112,0.7148445632468075,0.9765502464323438,0.6162744540228264,-1.1066675416937388
MAR,Sense organ diseases,96.8508,254491.7247974624,0.0637475843817006,-2.75266713132671,LM,-0.0600153976816673,625.52,9553.64,870.8234672000002,6.5986,26635.4212752,-1.511975471024861,-0.1460935644696705,7496.17141389544,-0.6170592140451139,-1.214531066732234,0.0678566205654127,-0.3002217201661107
MDA,Sense organ diseases,8.6908,39920.4272861177,0.0231020597120503,-3.7674007322264247,L,-0.4348873047725504,57.52,1025.16,791.1779167999999,30.582399999999996,20742.6071924,1.3067507525185311,0.2601055417626437,10541.106021422418,0.1054930117983935,-0.0054495930068134,-0.4729442985384272,-0.8280003991763384
MEX,Sense organ diseases,1254.3803714285714,853124.767469777,0.2462923283535307,-1.4011955205770197,UM,-0.4004159239181893,3497.52,89418.84,303.6330748,21.1272,118420.111624,-0.4816462417038926,0.5010711132563898,20862.6077118635,0.1892169241518748,0.3029213600554353,0.3572993660012702,-0.4184441442644015
MKD,Sense organ diseases,0.4956,16688.722322226175,0.0013174139081893,-6.624522659539249,LM,-0.4447812599070674,178.08,4548.32,682.2130980000001,27.465800000000005,9242.013092,-1.4247478821841577,-0.0956055399662188,17335.33891683372,0.2236477638475373,-0.1380304513546449,-0.8461731018636114,-0.7562224988309474
MWI,Sense organ diseases,667.1105,85404.60569783236,1.3084305314166944,0.2688359940505719,L,-0.5072401214689258,332.88,9001.64,42.9861488,0.3731999999999999,17978.519106400003,-0.9663518487866488,-1.369280703576018,1500.3485355091457,-1.5744347206906932,-0.2205632013929792,-1.16608350471377,0.4893351836331908
MYS,Sense organ diseases,433.30975,225452.71660679055,0.3219416561047028,-1.133353881030113,UM,0.3205595102977949,2605.48,55587.32,1096.0548646,13.974800000000002,56728.86625879999,0.9490977587343962,0.7007283010654937,26017.720142413487,0.3222339091631748,-0.8323313824680858,-1.50122773627108,0.172667976227054
NGA,Sense organ diseases,232.66666666666663,1079610.793401946,0.0360994957317616,-3.32119940857118,L,-0.5965390932024645,2139.6,34309.04,30.4566354,3.4715999999999996,70528.5225,-0.960798900109685,-1.5551684301569078,7594.354887665404,-1.3435747020118616,-0.3508126261239092,-2.2553022572750243,0.8017801616072459
NIC,Sense organ diseases,49.5,35287.487656117344,0.1315818976097126,-2.0280498303015797,L,-0.7516200439326223,51.36,1387.76,,6.7478,5399.1255344,-1.0628404320668117,0.1178211090710991,6299.515574871409,-0.4238501855370798,-0.7317688791257092,0.288747136819093,-0.3804440793756651
NLD,Sense organ diseases,977.3642291666666,121917.20159208812,1.3428442371859717,0.2947973764206231,H,1.6760164894550469,16957.44,859167.12,4281.813516,31.9052,62550.2333876,1.5517671302296476,0.9715277052203698,62999.86555815831,1.2560775469520056,1.1470557582817829,1.012354000408737,1.8024485370106376
NOR,Sense organ diseases,391.1265833333334,39313.00995349925,1.0397005664768366,0.0389423729556621,H,1.346422634431936,4862.76,209808.6,5739.830929999999,41.2756,20221.0005844,0.8433966781901925,1.0793884848413795,85207.42722944335,1.3868651970189827,1.2600525742476367,0.981886342994438,1.0213360920755006
NPL,Sense organ diseases,142240.18857,224084.98270774857,20.0,2.995732773553866,L,-0.5849687050789807,901.52,11567.88,59.65797,5.1694,8137.124040399999,-0.842358014740521,-1.4518974709453023,3508.52037662225,-1.082247105760611,-0.3497246237693546,-0.015929437323915,-0.3762218499435834
NZL,Sense organ diseases,589.8230714285716,37221.892133942994,1.5678795756072836,0.4497304957285049,H,0.7569952581257706,3266.96,128033.0,4179.645111999999,28.086,11776.8108888,1.1486204745742885,1.2560965706034597,43747.40306150099,1.2322979742125555,1.2142010464485624,1.0352047434694611,2.2668937745396383
PAK,Sense organ diseases,238.5134285714286,1311245.2921658491,0.0304693422161747,-3.490706129230724,L,-0.5323366079765423,2507.96,50960.8,218.36298560000003,8.3796,102724.429004,-0.61746182271422,-1.0938914790117371,4604.534345725936,-1.3683450902821224,-0.741250042501111,0.2163864504601283,-1.1700009831749665
PAN,Sense organ diseases,101.0,29112.784182208256,0.2684802355268885,-1.314940732447247,UM,-0.6140284156054884,76.24,4280.52,118.2820104,14.8664,7854.0216504,-0.7564787574548428,0.6731893786090654,25958.763735724344,0.3569124527415395,0.6501495400660523,0.2468541078744295,-0.0088878893524642
PER,Sense organ diseases,113.57745,239285.9793541792,0.07950767368125,-2.5317759715731833,LM,-0.6981916603943965,622.88,16100.88,,14.3462,48266.29250039999,-0.6962755389557354,0.1453600315275267,12528.092016874456,0.0827042545897528,0.7769795288255256,-0.6024318425492058,-0.6380000747326562
PHL,Sense organ diseases,3278.6849777777775,818601.7071263827,0.6709053113462823,-0.3991123625746207,LM,-0.6155235363528765,608.6,15265.12,115.4890196,8.777199999999999,99546.5422768,0.039412942133762,-0.0910157195568143,7275.56410305801,-0.306190841253341,-0.3525223441096372,0.517254567426349,0.2740014825970179
POL,Sense organ diseases,894.14886875,374909.9520111422,0.3995002428877716,-0.9175158748359736,UM,0.3119632071327089,6545.88,171263.2,2251.738904,25.763999999999996,247467.471128,1.4163487598517872,0.6640097377902562,29884.23115253326,0.8156600435067692,0.9036540886772048,0.7762296554479063,-0.7562224988309474
PRI,Sense organ diseases,37.21814444444445,39919.29601646306,0.0989340216467148,-2.3132010266798204,UM,-0.2912377446624314,,,293.1154456,,,-0.7259081394261464,0.6146691683891559,41285.88234229262,0.3102202708520987,0.9021775140531676,0.2963640511726688,0.2866681708932631
PRT,Sense organ diseases,83.09413333333333,90715.8408182428,0.1534339329760784,-1.874420036162479,H,0.7576933230784961,4251.6,127431.44,3690.75784,44.1928,36170.0584736,0.7436194726614643,1.0449648317708449,37093.18332037167,0.7200463447835633,1.2093827503069654,0.631508282729977,-1.208001048063703
PRY,Sense organ diseases,4.8271500000000005,45992.66016968342,0.0128316274150853,-4.355063243028725,LM,-0.7439433810763073,61.48,1653.72,119.17626299999998,17.148000000000003,5292.8180728,0.0087721680868115,0.3473121295413333,13192.181127501142,-0.0763216381053215,0.0716431452587482,-0.7928547013885858,-0.4395552914248105
QAT,Sense organ diseases,2.9760999999999997,9744.330426445544,0.0079111289995205,-4.838221532870642,H,-0.1760847243822053,762.52,20507.08,699.6647419999999,27.269,2408.958384,1.369961805366068,0.989886986857988,117119.99710764772,0.7299545000916665,-2.037060846775289,0.2392371935208548,1.371781134938292
ROU,Sense organ diseases,87.1101923076923,196945.7751456058,0.0740894701432571,-2.6023468972689923,LM,-0.2801164056690808,1687.2,36692.92,931.5613616,26.8992,142187.626808,0.4608248454821719,0.3771459622024635,27423.4610312035,0.4874523989258137,0.3750403732716061,0.1897272502226155,-1.414890290235712
RUS,Sense organ diseases,2650.3330384615383,1675659.1456686135,0.264940867746496,-1.3282108749157002,LM,0.5238738769881611,6103.04,95354.44,3038.264508,45.41480000000001,1224673.333888,0.0957556262539488,0.6043420724679949,32776.237809188046,0.5134613066095881,-1.1015342507663797,-0.0844816665060912,-1.31777901329783
SAU,Sense organ diseases,13.14632857142857,187572.2259537244,0.0117400551078398,-4.443897348374045,UM,-0.3195537416096209,4051.96,88253.56,589.8781,22.165199999999995,63306.122842,1.087822954732511,0.8820262072369784,58198.93178177366,0.5981760344938795,-2.148347944755415,0.0678566205654127,-0.2326660492528014
SGP,Sense organ diseases,600.92983125,34546.060784851616,1.597403788407261,0.4683859392450805,H,1.8002535864272085,3571.44,149622.84,6402.609976000002,20.4104,12778.507642,1.640414410801008,1.2813405828551865,102904.17860234065,1.2278393043239095,-0.6695973160083207,0.943801771226561,-0.0975547074261829
SRB,Sense organ diseases,64.85544285714286,84824.54553130503,0.1280734394942461,-2.0550733563893644,UM,0.078537672786454,1172.16,24938.56,1709.916424,29.2386,39829.6700988,-0.9026283560717088,-0.0611818868956836,18124.0177351574,0.3217385013977691,-0.2903507809922484,0.1668765071618901,-1.6893352033210305
SVK,Sense organ diseases,37.593016666666664,45893.99695808489,0.0999305145429001,-2.30318012456122,UM,0.0790428851144737,711.76,20155.96,2604.693996,33.9888,34136.6889316,1.0561154061859035,0.8017043500723969,30335.36358264918,0.7200463447835627,1.0267537836496354,1.1646922874802412,-0.9588895115708752
SVN,Sense organ diseases,3.956533333333333,19831.07817606073,0.0105173366455774,-4.553779914973072,H,1.5688212044735264,826.24,27272.8,3843.0390280000006,27.227199999999996,9423.0723276,0.4858611588299455,0.9302193215357276,39279.976435910976,1.0529603631358675,0.9916268504883106,0.905717199458686,0.160001287930808
SWE,Sense organ diseases,3701.043772727272,66216.7461765871,9.362472835686246,2.2367105155371174,H,3.5012809270090774,10995.76,518697.44,6472.473894,38.8488,24547.856226400003,1.473524592750634,0.8613720153946574,57211.250518340894,1.2753984498028084,1.3132092607130048,1.522687262098276,0.4513351187444545
SYR,Sense organ diseases,132.0,107697.32624488648,0.2053067343292695,-1.5832014466899051,LM,-0.8144638413850175,151.84,2188.76,96.7019363996,14.2816,29217.336314799995,-0.2543426108629983,0.2853495540143702,6713.927078335845,-0.7689016941418123,-1.6607674610072929,-0.0959070380364544,0.0797789287212536
THA,Sense organ diseases,931.2057846153846,752354.9972134703,0.2073275618240198,-1.5734070804694218,LM,-0.0890658759016732,2742.76,67800.16,897.2197834,4.1786,146109.074908,-1.0712678786124514,0.67777919901847,17420.47860657954,0.1337312544264902,-0.8848663533022793,0.6924435975585773,0.886224750248882
TUN,Sense organ diseases,26.167316666666665,89004.994052553,0.0492469115818226,-3.0107055845235555,LM,0.0009232107428812,844.36,14196.08,1474.0663639999998,11.498,20373.418867999997,0.4116063108887263,0.2968241050378812,11883.999462028434,-0.0837527545863996,-0.5494507702839665,-0.5719641851349045,-0.8322226286084204
TUR,Sense organ diseases,552.74074375,605352.7346746755,0.1529491807585016,-1.8775841856132265,UM,0.2945397931399904,9173.76,161346.6,1180.9438388,17.195600000000002,205899.00472800003,0.2173835384083884,0.4092747050682964,24132.177663504997,0.2788857296902191,-0.4148493361348195,-1.417441678381752,-1.495112649445267
TWN,Sense organ diseases,4958.601558333333,195812.63954427623,4.241824303336776,1.4449957944028762,H,0.164071915090892,7309.68,202897.52,,,,0.9879854174359308,0.9554633337874534,49027.62762815805,1.1454777633252913,0.9052083777551394,0.1744934215154649,-0.1271103134507558
TZA,Sense organ diseases,352.0563333333334,261286.754650634,0.225698645125264,-1.488510292280054,L,-0.3009049953817357,574.24,14129.28,27.44056920000001,0.5366,34089.553026400004,-1.2874065621011082,-1.598771724046252,2943.8138350321356,-1.3787486533556326,-0.5241158583136302,0.7305281693264534,0.0628900109929266
UGA,Sense organ diseases,60.09755,132610.22527809444,0.0759126128660962,-2.5780407092282123,L,-0.5072401214689258,836.28,21372.24,30.2253728,1.1968,14749.42476,-1.2844238342586884,-1.3876399852136367,2351.4495322320777,-1.2984925953599873,-1.0811730638454349,-2.148665456324972,0.1177789936099899
UKR,Sense organ diseases,681.7066545454545,505997.2236989446,0.2256750693956585,-1.488614749780761,L,0.0263689861798188,1320.52,13619.72,1140.1403976,32.0196,359398.68044400006,1.3067507525185311,0.654830096971447,15902.135507178204,0.2677390549686009,-0.4111190423477763,-0.0235463516774898,-1.1193342299899844
USA,Sense organ diseases,45382.0007875,2650269.8568795915,2.868320832077075,1.053730268970751,H,2.8302856098528664,196098.56,8732175.16,3937.0878280000006,28.6468,934111.267824,1.531247288427929,1.1413510603683428,63579.52211583438,1.1916745374493285,1.1408386019700445,0.86763262769081,2.296449380564211
VEN,Sense organ diseases,281.3572,194853.9587684779,0.2418705459782716,-1.4193112863518254,UM,-0.341527656895934,225.92,8078.48,205.77687919999997,17.6204,27298.575182399996,-0.9929102806348242,0.3817357826118681,,0.0571907546713842,-0.8264250839719341,-0.2825214396990471,-0.9588895115708752
VNM,Sense organ diseases,152.112,791170.538508897,0.0322053152773094,-3.435313309777633,L,-0.4934521846142816,927.6,19423.76,525.8847767999999,7.8774,187418.696472,-0.514446394638925,0.0030755988359821,8760.437449736877,-0.1976965406295996,-1.6107193526977948,0.3268317085869689,-1.174223212607048
ZAF,Sense organ diseases,938.15681875,431990.54066523607,0.3637771260323092,-1.0111864010110476,UM,0.0291253425765472,4149.12,125429.28,404.9987222,7.338399999999999,123314.596444,0.1460837543893123,-0.0382327848486599,13658.44123280344,-0.2863745306371325,0.7082799515808104,-2.2553022572750243,-0.1271103134507558
ZMB,Sense organ diseases,1486.0,71202.73482442273,3.4958784166592096,1.2515875398523408,L,-0.5940702205720861,246.32,6149.96,41.90146,1.4438000000000002,26718.732488,-1.2878847399390634,-0.9814408789813224,3255.1775640080373,-1.212043940296777,-0.3951098648450484,-0.937576074106514,0.4006683655594721
ZWE,Sense organ diseases,3.2747,62245.25824800864,0.0087048735374247,-4.742724111024815,L,-0.5072401214689258,244.4,5941.76,95.1253,1.26488,25704.12307,-0.9015173122490596,-1.0938914790117371,4759.5101951403985,-1.2489518188194657,-1.1296668830769985,-0.6862179004385326,-0.6844445984855564
AFG,Skin and subcutaneous diseases,87.0,105161.0686794988,0.0888828892471158,-2.420323125633027,L,-0.5977808384269677,64.9,1727.86,,2.4104,13906.3606524,-1.2536259804415315,-1.562053160771015,2426.9467970680007,-1.6626173029328206,-1.168834967840953,0.2163864504601283,-0.2073326726603103
ARG,Skin and subcutaneous diseases,341.3573285714286,257980.9149647623,0.142159390936149,-1.95073603839696,UM,-0.1971266896177451,2264.52,74790.52,1070.2597744000002,44.25206,181393.79928400004,-0.1479497937403469,0.7764603378206705,25990.3505237228,0.6905695827419523,0.8295144996597187,0.3344486229405448,-0.4775553563135469
ASM,Skin and subcutaneous diseases,1.4801,451.1993118151604,0.0042685215459173,-5.454147762261099,UM,-0.3963829446946172,,,118.276418,,,-0.3724278953034905,0.5377896765316272,,0.3531968945010001,0.4585834112105977,0.2049610789297661,-0.409999685400238
AUS,Skin and subcutaneous diseases,2775.028514285714,123595.1401331814,2.4122369047974006,0.8805586387990338,H,1.686037901709881,22961.92,947877.52,4359.00251,33.058800000000005,85850.1701944,1.456383302363544,1.3180591461304236,54212.04883866928,1.2635086634330837,1.1629095068767166,0.669592854497853,2.2668937745396383
AUT,Skin and subcutaneous diseases,215.43690666666663,49363.31045790975,0.4688886596845523,-0.7573686113156074,H,2.655772449106955,5286.92,240017.96,4695.050182000001,48.396800000000006,63505.0815056,1.6309661067007597,0.8590771051899555,60268.85667814417,1.1438676880877248,1.1294922917011208,0.9514186855801358,1.3042254640249829
BEL,Skin and subcutaneous diseases,602.2146933333333,69176.30053400809,0.9352935008614058,-0.0668842025128133,H,2.2618360855426443,7814.2,391540.56,4406.680888,31.26,65894.4112724,1.0201304133783438,1.1229917787307244,56940.3921111463,1.2300686392682318,1.2583428562619086,1.24847834536957,-0.013110118784546
BGD,Skin and subcutaneous diseases,53.59155,691215.7295079342,0.0083298389978817,-4.7867113676081585,L,-0.5977808384269677,1578.28,27412.72,,4.420799999999999,98716.98583,-1.0628404320668117,-1.4312432791029814,5113.32897934955,-0.8813592568887959,-0.8733646141255625,-0.2672876109918965,-1.2797789484090936
BGR,Skin and subcutaneous diseases,276.9152363636363,29300.675444410343,0.7986072919471529,-0.224873431761048,LM,-0.0529334492358485,540.64,14482.68,1794.3050359999995,39.0588,51813.283158,0.3708480312202768,0.1866684152121687,22821.77151822954,0.4636728261863637,0.4064370126458878,0.3725331947084208,-1.5500016320623302
BIH,Skin and subcutaneous diseases,28.04020000000001,14224.799834975607,0.080866291366686,-2.5148345588488463,LM,-0.6863384046578135,267.0,3933.32,278.01888440000005,19.2996,8156.2943572,-0.6615872221458549,-0.2654288951141922,13009.191373023836,0.096080264255694,-0.0009421546808029,0.0602397062118369,-0.9926673470275296
BLR,Skin and subcutaneous diseases,21323.6554375,35389.30679672226,20.0,2.995732773553866,LM,-0.0607532128429428,198.64,3022.28,1472.9208640000004,39.4592,100249.4446188,0.8904415654722012,0.624996264310316,22194.85517432224,0.4379116223852935,-1.3315690343007185,0.0602397062118369,-1.030667411916266
BLZ,Skin and subcutaneous diseases,0.0789,1857.9948327260147,0.0002275429700512,-8.345162024323159,LM,-0.8004733066932486,8.96,548.92,,10.18359999992,368.9316336,-0.4238102430226781,0.1591294927557412,12039.714649972748,-0.0827619390555888,-0.0618702865358437,-0.5262626990134538,-0.0806657896978552
BRA,Skin and subcutaneous diseases,1437.4502055555556,1257293.265071344,0.1228316036342285,-2.0968595288364025,UM,0.5891447452387177,13637.08,322292.68,714.2783391999999,20.265399999999996,489032.7424200001,-0.3604685310344718,0.8039992602770988,17255.480171781295,0.1272909534762228,0.9720428081063328,-0.0844816665060912,-0.4606664385852196
CAN,Skin and subcutaneous diseases,2515.66015,198139.8583699199,1.364061727421355,0.310474144124708,H,1.489609040499211,29544.04,1275399.56,4570.958856,22.546620000000004,99529.369204,0.875489649203869,1.3731369910432796,54193.397774207595,1.2082706975904025,1.0116771795936688,0.9361848568729852,2.102226826688448
CHE,Skin and subcutaneous diseases,382.36483571428573,49037.12004346793,0.8377354450165386,-0.1770409895426875,H,2.83128423767282,11251.64,585294.32,4556.711074,40.1264,40273.9280124,1.5890091833903168,1.1229917787307244,75268.81661408668,1.322462187516304,1.262539436772333,0.9361848568729852,1.3760033643703735
CHL,Skin and subcutaneous diseases,152.3641,96185.9790095925,0.1701863729727255,-1.770802373453449,UM,-0.4130662354494351,1847.84,56678.32,427.5335204,18.3712,38510.5147576,1.0855542670616256,0.5905726112397812,25118.03849731798,0.6531662964538584,1.18093926018076,0.2963640511726688,0.316223776917836
CHN,Skin and subcutaneous diseases,15498.4786375,6945005.49530724,0.2397564927844621,-1.428089775991454,LM,1.4510467220526826,70455.56,1591215.32,1135.717754,17.930799999999998,4576265.56984,-0.4306275453050752,0.5951624316491857,12907.16100572696,-0.0636887400874875,-1.873083349053176,1.4389012042089502,-1.7653353330985035
CIV,Skin and subcutaneous diseases,41.0,98193.69604897437,0.0448594713274191,-3.103997641381038,L,-0.7664348184326426,112.92,2443.28,63.99303,1.6373999999999995,8218.7208,-1.1558010247055155,-1.642375017935597,5070.246318122955,-1.4575184880550616,-0.449976269296144,-2.10296397020352,-1.246001112952439
CMR,Skin and subcutaneous diseases,320.9252,106951.0501455088,0.3223833983356485,-1.1319827451857132,L,-0.5072401214689258,322.64,7905.04,,1.2016,62153.52664999999,-1.2878847399390634,-1.422063638284172,4525.251514428976,-1.2093191975870483,-1.0312803844437304,-2.64376488930736,-0.295999490734029
COD,Skin and subcutaneous diseases,2483.488125,343119.7551552711,0.7776250926704971,-0.2514978973911236,L,-0.4953296767226226,140.12,2689.56,10.10515,1.2394,48492.72640000001,-1.2770076933611387,-1.7525307077613093,1285.819981235234,-1.6878830989684863,-1.0872347912493805,-1.16608350471377,-1.3642235370507303
COL,Skin and subcutaneous diseases,769.5878181818182,230200.17661633165,0.3591752757387007,-1.023916935213042,LM,-0.5575000287062973,1535.84,34683.2,70.2291404,18.6208,74993.781868,-1.260564016157332,0.6410606357432325,15052.503408239549,0.096080264255694,0.2129280224430147,-0.0768647521525165,0.088223387585417
CRI,Skin and subcutaneous diseases,46.504533333333335,21881.959647822325,0.1341163451903017,-2.0089730487037367,UM,-0.3306758499618466,168.72,5317.68,325.1844104,21.7234,5792.390856399999,-1.0313112732057932,0.957758243992156,20060.82964907356,0.3494813362604607,1.2672023040061362,0.1364088497475889,0.3880016772632269
CYP,Skin and subcutaneous diseases,201.5555,7009.189111598835,0.5812742344761483,-0.5425154257915106,H,-0.2176931910684379,465.16,12374.08,1138.2687364,24.4508,2915.2800792,0.8165243500751518,0.4207492560918083,42427.20460720808,0.8961638053851175,0.9855651230843652,0.1135581066868635,0.4302239715840451
CZE,Skin and subcutaneous diseases,546.7258615384616,43795.37342559707,1.3412053760781333,0.2935761999627511,UM,1.1611697366947522,2464.28,83101.08,3115.7949599999997,38.12964,73756.44399880001,1.2863611701080897,0.9462836929686442,40335.77650259335,0.948181620752665,1.142082033232391,1.3551151463196212,-0.7013335162138837
DEU,Skin and subcutaneous diseases,6252.772894444444,578870.0433646264,1.1605008995718085,0.1488603388225086,H,2.728296832832491,34293.0,1532108.0,4359.623428000001,39.07,677483.163832,1.515365013659394,1.1138121379119152,57073.37934866153,1.3090861778503635,1.228189648149975,1.4998365190375504,0.8735580619526369
DNK,Skin and subcutaneous diseases,5135.365677777777,36387.04101672866,14.81009326515706,2.695309600919616,H,2.688188615952814,7153.56,338384.52,6645.832076,37.828,17918.6769232,1.518770655459118,0.8980905786698948,63245.14222976299,1.2768846730990249,1.3472481915197752,1.0732893152373375,1.0128916332113371
DOM,Skin and subcutaneous diseases,391.77025,50167.53169446893,0.8390012767617437,-0.1755311318880411,LM,-0.6163180276179551,76.56,1606.92,23.9788592,15.9652,13655.559303199998,-0.1924475372210277,0.4207492560918083,16818.470743654518,-0.0089461820102115,0.2587795502420891,0.288747136819093,0.3120015474857542
EGY,Skin and subcutaneous diseases,690.7523727272727,358321.8318482861,0.2071109293365008,-1.5744524566017366,LM,-0.1462666824577513,5285.44,71870.08,621.9283252000001,6.3452,133970.47101199997,-0.6458053506197035,0.4850067418234732,13357.879306684385,-0.2197421861901304,-1.449850433131551,-0.5491134420741792,-1.030667411916266
ESP,Skin and subcutaneous diseases,2481.38426,255105.42339109065,1.0450287371271745,0.0440539537509548,H,0.7212703352108207,17886.52,638478.0,2728.3601160000003,37.743199999999995,142394.354176,1.3191574531884838,0.8797312970322765,43711.9780393328,0.9521448828759064,1.1705255233585974,1.2256276023088415,-0.4944442740418742
EST,Skin and subcutaneous diseases,20.467041666666667,6255.675529793952,0.0590257471355686,-2.829612134896108,UM,0.9088682387994828,389.56,18838.48,3225.7261000000003,32.8172,6929.693693999999,1.3200029007099876,0.551559137759841,34147.59681739785,0.88303549960188,1.222438778561617,1.126607715712365,-1.0222229530521023
ETH,Skin and subcutaneous diseases,729.7251,605599.4815048971,0.1294576418375025,-2.044324299045925,L,-0.4948360047777304,1176.0,22007.16,52.3478988,0.5660000000000001,26162.863530400005,-1.6890782080036626,-2.3698615528262392,1821.9964066710625,-1.9155229671721832,-1.2364465427311138,0.3192147942333942,-0.6886668279176381
FIN,Skin and subcutaneous diseases,134.257,32712.75067068847,0.3871893096346378,-0.9488157065496986,H,3.215384091565292,4334.96,206147.32,7524.242588000001,34.032000000000004,27518.692702,1.2316545120575315,1.0449648317708449,53891.28379728628,1.2513711731806567,1.1834261227054552,1.3017967458445934,0.4555573481765362
FJI,Skin and subcutaneous diseases,16088.333333333334,6247.740035357219,20.0,2.995732773553866,LM,-0.8153788655405375,43.68,1989.56,,6.2498000000000005,1773.667734,-0.2303726007898308,0.0443839825206242,10802.049003318796,-0.1568253999836677,-0.9344481748883972,0.0602397062118369,-0.5387776830787335
FRA,Skin and subcutaneous diseases,2927.8448333333336,444408.5580097644,0.707814646169512,-0.3455588908667304,H,1.9322709532508728,21434.08,1005259.36,4058.14122,32.8628,422344.22919199994,1.2577313164408972,0.9003854888745976,50206.07391192202,1.0217496739153389,1.1953941486055528,1.3017967458445934,-0.5915555509797563
GAB,Skin and subcutaneous diseases,158.0,8254.81966543362,0.4556627283662883,-0.785980428089495,UM,-0.1834849309493806,51.88,1594.76,,3.39772,3474.87075,0.1460837543893123,-0.9332477646825736,19483.622283180644,-0.1801095649577127,-0.8352845317161619,-1.9734764261927416,-0.7055557456459655
GBR,Skin and subcutaneous diseases,16097.763452173916,392617.3214928925,4.405041326898391,1.4827519112835714,H,1.7873119443352363,50955.64,2309909.96,4100.1239000000005,26.6688,191846.488844,1.5557859539332275,1.1138121379119152,48709.53277199082,1.1844911248509518,1.127160858084218,1.2027768592481172,1.8531152901956205
GEO,Skin and subcutaneous diseases,21.076959999999996,18547.215564021823,0.0607847158181463,-2.800252404672736,L,-0.5943974545469862,150.76,4053.08,1033.0797744,49.87840000000001,15784.702178799998,-0.7122671795473384,0.193553145826276,13219.248340109913,0.3465088896680306,-0.0837857625347237,0.2582794794047928,-1.347334619322403
GHA,Skin and subcutaneous diseases,1096.2223833333333,117158.11336720428,1.0052641565515266,0.0052602968984899,L,-0.4399609701012515,789.04,17859.36,54.02035479999999,1.2055999999999998,18842.2045884,-1.482073723356602,-1.3371519607101856,5281.493507040973,-1.00991757201145,0.5940397043526083,-0.937576074106514,0.3837794478311452
GMB,Skin and subcutaneous diseases,4240.0,8163.041235505877,12.227911191601663,2.503721959094642,L,-0.7940840376880294,100.12,4097.76,62.712215400000005,0.9686,2436.9764118,-0.6645454941030067,-1.0548780055317974,2685.014329065316,-1.5952418468377114,-0.8657485976436823,-1.16608350471377,1.059336156964237
GNB,Skin and subcutaneous diseases,4848.0,7365.803157597377,13.98134751341624,2.637724836055346,L,-0.5072401214689258,20.92,718.84,,1.5402000000000005,1526.3769999999995,-1.3833148866787637,-1.5482836995428009,2281.855422997779,-1.647507366087962,-0.5252038606681847,-1.16608350471377,-0.5704444038193469
GRC,Skin and subcutaneous diseases,280.0944909090909,59668.25379847409,0.5043303918240402,-0.6845038582743567,H,0.2951881062187891,4336.72,150813.44,2715.1557740000003,56.946000000000005,48714.6293188,1.127178183699807,0.4230441662965101,34962.40147931398,0.9199433781245676,1.1296477206089144,0.4563192525977476,-1.8624466100363852
GTM,Skin and subcutaneous diseases,26.78442,69157.03038346149,0.0416102008231173,-3.179169632869296,LM,-0.8004733066932486,99.44,2566.92,23.9059628,8.4648,8965.4912772,-0.4238102430226781,-0.4077133278057371,10493.190490144729,-0.6571872430429359,-0.0018747281275638,-0.5262626990134538,0.7131133435335272
GUM,Skin and subcutaneous diseases,4.52095,1115.0302340163755,0.0130381545051112,-4.339108572446651,H,-0.5255624030807862,,,290.4553296,,,1.3025018884689163,1.2870778583669418,,1.2479033188228197,1.1885552766626395,0.8523987989836572,2.2668937745396383
HRV,Skin and subcutaneous diseases,108.72233333333332,17216.242273578417,0.3135488293735172,-1.159768283009836,UM,0.3697420586569883,1030.28,27929.72,1797.05422,30.722800000000003,24049.1890904,0.8242599381710966,0.4895965622328778,30424.392753499713,0.696019068161409,0.7939212797750141,0.9514186855801358,-1.3431123898903212
HUN,Skin and subcutaneous diseases,2787.896592307692,43572.70356659871,6.8741033159737714,1.9277626630130056,UM,0.6803707045015658,2102.56,78112.24,2685.499484,32.2488,71875.4526304,0.7481050872363765,0.7351519541360284,30921.08529583642,0.6828907623781721,0.4529102560761359,1.2637121740767174,-1.0686674768050024
IDN,Skin and subcutaneous diseases,1405.7344375,1502013.581167115,0.1005502897457622,-2.2969978333820777,L,-0.6656954802255216,3763.72,23272.12,210.39034100799995,3.1054000000000004,225577.216428,-0.3561563550969788,-0.5224588380408542,10027.896402198325,-0.31758521985766,0.27851902153186,-0.4196258980634005,1.2662253991362464
IND,Skin and subcutaneous diseases,4844.548518750001,6193652.297454889,0.0840350359960825,-2.4764024810015233,L,0.0720960873777242,20999.84,361898.64,187.8770994,7.322399999999999,2253635.67836,-0.61746182271422,-0.6119603360242456,5997.703428215718,-0.7773236261537012,0.1022626400940626,-0.6633671573778073,-0.9968895764596114
IRL,Skin and subcutaneous diseases,439.40214,27440.551538190968,1.267209987103708,0.2368255146049221,H,0.7307749947545085,3862.56,148567.64,4045.541872,34.0572,16883.00737,0.6240834065073566,0.7856399786394805,78796.19120554483,1.188206683091492,1.2448205412838769,1.0656724008837637,2.102226826688448
IRN,Skin and subcutaneous diseases,556.7002055555555,327155.2995335287,0.1828189977064376,-1.6992040017634196,LM,-0.1557949356736106,7732.64,138160.44,1107.6320056,11.578600000000002,135331.79713999998,-0.2543426108629983,0.5836878806256739,15041.31246333119,0.2729408365053547,-1.5152860033126028,0.5477222248406503,0.1431123702024811
IRQ,Skin and subcutaneous diseases,59.69815,139657.33918130974,0.0459251952311263,-3.0805236751071563,LM,-0.8030624557611098,686.48,7819.12,257.05344,7.317,39542.690875199994,-0.4867073888031044,0.005370509040684,12618.200750284284,-0.4709139232505756,-0.8753851899268775,-0.2596706966383217,-0.3973329971039924
ISL,Skin and subcutaneous diseases,0.6899166666666666,1930.3221913162708,0.0019896791815108,-6.214768520533724,H,2.279052798450904,355.56,19543.32,6682.198872,38.19,1133.7224292,1.2446929142492145,1.2331474685564368,59846.93658326752,1.3556545077984543,1.1394397417999025,1.0656724008837637,1.2408920225437552
ISR,Skin and subcutaneous diseases,1647.2409125,54469.85974832145,3.249037807024179,1.1783619709598034,H,4.973907159605384,5799.44,244241.44,,35.7984,25646.0703424,1.2440864165759786,0.9325142317404296,39990.70193898606,0.9964838778796736,0.658542701086899,0.9285679425194104,0.4006683655594721
ITA,Skin and subcutaneous diseases,2207.759685,348257.60310815467,0.6810909249583675,-0.3840447826997162,H,0.7472433779301987,27038.92,1044767.56,1939.442776,40.6904,211767.055088,0.8954470267798256,0.8728465664181693,49972.48038745556,0.995988470114268,1.086438484242328,1.24847834536957,0.1051123053137447
JOR,Skin and subcutaneous diseases,3.0312,36314.56773225793,0.0087418029254676,-4.738495551212838,LM,-0.1636011072739102,781.36,15669.68,369.9050768,23.2558,12540.478012,0.7812987562779177,0.5423794969410318,9665.93327239689,0.0128517596676184,-1.2883597979341332,0.0983242779797129,-1.195334359767457
JPN,Skin and subcutaneous diseases,3893.036094444444,738699.6270962832,0.5662059804888996,-0.568779682596485,H,3.232001217456847,32291.16,953951.56,5272.902023999999,22.9328,1709055.64024,1.5721622277790648,0.9554633337874534,42257.92967148511,1.1347026444277288,1.026598354741841,0.7000605119121542,-1.334667931026157
KEN,Skin and subcutaneous diseases,46.71044,236279.5597079665,0.0212393737387015,-3.851427855165921,L,-0.2059053308362432,958.72,28060.28,148.20428219999997,1.6988,59290.953204,-0.8837322135441875,-1.0617627361459043,4610.232110620364,-0.9873765186855128,-0.3242342828912252,-1.0670636181172928,1.22822533424751
KOR,Skin and subcutaneous diseases,1570.71783125,126057.42747013812,1.3387011477725237,0.2917073210870051,UM,3.817072996717791,15668.2,409587.4,6080.884064,20.5616,475607.754164,1.4261136430282402,1.0633241134084632,41569.26564396438,1.04181368841425,0.8637088593742831,1.019970914762314,-0.3466662439190105
LBN,Skin and subcutaneous diseases,1.5468,19962.097527820344,0.0044608804318795,-5.410169925125339,UM,-0.4678020161695108,793.44,24871.56,,24.6196,16220.9302684,-1.0788283613009042,0.0856923662052662,14167.592478390638,0.0965756720210983,-0.5667033790490419,-1.9277749400712896,-0.2875550318698647
LBR,Skin and subcutaneous diseases,170.45929999999998,18067.52766341916,0.491594618439289,-0.7100805066246864,L,-0.5072401214689258,28.6,743.24,,0.6732,4521.4085844,-1.2878847399390634,-1.6194259158885735,1595.545288408795,-1.5679944197404252,-0.0674657272164091,-1.16608350471377,0.7975579321751641
LKA,Skin and subcutaneous diseases,341.0,114922.12609769635,0.3187899552181897,-1.1431914725360064,LM,-0.690422161567146,442.4,10503.36,106.5670474,7.6884000000000015,74974.4832076,-0.2543426108629983,0.1430651213228248,10999.968054238268,0.1337312544264902,-0.2877084895597593,0.2658963937583676,1.6884483423444288
LTU,Skin and subcutaneous diseases,55.11747272727273,12535.028746624674,0.1589555569845796,-1.839067722966493,LM,0.2701680426927716,521.2,14151.84,2906.158892,41.2456,21687.603698,1.2541591137972343,0.4322238071153193,31533.10830529218,0.7931189901808314,0.969866803397224,0.5020207387191984,-1.7611131036664214
LVA,Skin and subcutaneous diseases,19.087830000000004,8371.710422867565,0.0550481816227334,-2.899364805190187,LM,-0.1041619792970423,209.6,6386.2,1829.198268,31.3912,13563.396933200002,1.1296947912680313,0.5056609336657943,27594.885351783112,0.7148445632468075,0.9765502464323438,0.6162744540228264,-1.1066675416937388
MDA,Skin and subcutaneous diseases,3.7377,14553.79927840218,0.0107793074671814,-4.529199684609575,L,-0.4348873047725504,57.52,1025.16,791.1779167999999,30.582399999999996,20742.6071924,1.3067507525185311,0.2601055417626437,10541.106021422418,0.1054930117983935,-0.0054495930068134,-0.4729442985384272,-0.8280003991763384
MDG,Skin and subcutaneous diseases,650.0,124725.23221994542,0.5599031839293894,-0.5799735359686518,L,-0.7500759406701825,57.36,1179.48,38.3749292,1.6177999999999997,7315.641778800001,-1.582183667795631,-2.1908585568594567,1642.483307567602,-1.508545487891799,-0.5452541897735428,-1.16608350471377,-1.752668644802258
MEX,Skin and subcutaneous diseases,1533.1457153846154,611467.8036271142,0.2693790027573581,-1.3115988370812577,UM,-0.4004159239181893,3497.52,89418.84,303.6330748,21.1272,118420.111624,-0.4816462417038926,0.5010711132563898,20862.6077118635,0.1892169241518748,0.3029213600554353,0.3572993660012702,-0.4184441442644015
MKD,Skin and subcutaneous diseases,40.83186666666666,8080.038557043701,0.1177567074026698,-2.1390496673808497,LM,-0.4447812599070674,178.08,4548.32,682.2130980000001,27.465800000000005,9242.013092,-1.4247478821841577,-0.0956055399662188,17335.33891683372,0.2236477638475373,-0.1380304513546449,-0.8461731018636114,-0.7562224988309474
MLI,Skin and subcutaneous diseases,125.5,88370.38470647467,0.1525776360479142,-1.8800161853807231,L,-0.4925217732812587,105.44,2811.88,33.941968599999996,1.0396,4003.253818400001,-1.3782146655675636,-1.7410561567377976,2679.265335748308,-2.0579526997261826,-0.2889519208221068,-1.265103391310248,-0.882889381793402
MNP,Skin and subcutaneous diseases,1.5339,390.3428663587966,0.0044236775888674,-5.418525883813044,H,0.7569952581257706,,,,,,1.3025018884689163,1.2870778583669418,,1.2479033188228197,1.1885552766626395,0.8523987989836572,2.2668937745396383
MWI,Skin and subcutaneous diseases,14214.0,91547.04899349793,16.681145227228516,2.8142796527594895,L,-0.5072401214689258,332.88,9001.64,42.9861488,0.3731999999999999,17978.519106400003,-0.9663518487866488,-1.369280703576018,1500.3485355091457,-1.5744347206906932,-0.2205632013929792,-1.16608350471377,0.4893351836331908
MYS,Skin and subcutaneous diseases,507.7320833333333,190944.5530489277,0.2856809193432489,-1.2528447541383514,UM,0.3205595102977949,2605.48,55587.32,1096.0548646,13.974800000000002,56728.86625879999,0.9490977587343962,0.7007283010654937,26017.720142413487,0.3222339091631748,-0.8323313824680858,-1.50122773627108,0.172667976227054
NGA,Skin and subcutaneous diseases,152.5032,952506.7596620104,0.017201439485825,-4.062181029849484,L,-0.5965390932024645,2139.6,34309.04,30.4566354,3.4715999999999996,70528.5225,-0.960798900109685,-1.5551684301569078,7594.354887665404,-1.3435747020118616,-0.3508126261239092,-2.2553022572750243,0.8017801616072459
NLD,Skin and subcutaneous diseases,3754.314004347826,105329.8568860692,3.8294199991171136,1.3427159668211786,H,1.6760164894550469,16957.44,859167.12,4281.813516,31.9052,62550.2333876,1.5517671302296476,0.9715277052203698,62999.86555815831,1.2560775469520056,1.1470557582817829,1.012354000408737,1.8024485370106376
NOR,Skin and subcutaneous diseases,4341.118976923077,29738.70462090524,12.519532387262275,2.5272908144658084,H,1.346422634431936,4862.76,209808.6,5739.830929999999,41.2756,20221.0005844,0.8433966781901925,1.0793884848413795,85207.42722944335,1.3868651970189827,1.2600525742476367,0.981886342994438,1.0213360920755006
NPL,Skin and subcutaneous diseases,120.86772,131028.94588678582,0.0991053236967803,-2.3114712209745365,L,-0.5849687050789807,901.52,11567.88,59.65797,5.1694,8137.124040399999,-0.842358014740521,-1.4518974709453023,3508.52037662225,-1.082247105760611,-0.3497246237693546,-0.015929437323915,-0.3762218499435834
NZL,Skin and subcutaneous diseases,624.8394090909092,26287.640511476813,1.802000189475589,0.5889028137071123,H,0.7569952581257706,3266.96,128033.0,4179.645111999999,28.086,11776.8108888,1.1486204745742885,1.2560965706034597,43747.40306150099,1.2322979742125555,1.2142010464485624,1.0352047434694611,2.2668937745396383
PAK,Skin and subcutaneous diseases,466.5,906236.0290182478,0.0553049781983598,-2.8947115536314723,L,-0.5323366079765423,2507.96,50960.8,218.36298560000003,8.3796,102724.429004,-0.61746182271422,-1.0938914790117371,4604.534345725936,-1.3683450902821224,-0.741250042501111,0.2163864504601283,-1.1700009831749665
PER,Skin and subcutaneous diseases,140.8254125,177996.62259491984,0.0850008310644492,-2.464976606321967,LM,-0.6981916603943965,622.88,16100.88,,14.3462,48266.29250039999,-0.6962755389557354,0.1453600315275267,12528.092016874456,0.0827042545897528,0.7769795288255256,-0.6024318425492058,-0.6380000747326562
PHL,Skin and subcutaneous diseases,450.4697444444444,609738.3277219142,0.0793735918287775,-2.53346358411503,LM,-0.6155235363528765,608.6,15265.12,115.4890196,8.777199999999999,99546.5422768,0.039412942133762,-0.0910157195568143,7275.56410305801,-0.306190841253341,-0.3525223441096372,0.517254567426349,0.2740014825970179
PNG,Skin and subcutaneous diseases,113715.00033333332,53664.02324199691,20.0,2.995732773553866,LM,-0.8153788655405375,49.68,1633.88,33.15884,0.5425999999999999,2306.65758,-1.3995141534759064,-2.1702043650171357,3770.9375784213335,-1.2950247410021507,-0.3334045884510399,0.0602397062118369,-0.5387776830787335
POL,Skin and subcutaneous diseases,2420.9612333333334,161771.4417826288,1.6078290854526232,0.4748910945133835,UM,0.3119632071327089,6545.88,171263.2,2251.738904,25.763999999999996,247467.471128,1.4163487598517872,0.6640097377902562,29884.23115253326,0.8156600435067692,0.9036540886772048,0.7762296554479063,-0.7562224988309474
PRI,Skin and subcutaneous diseases,36.84125,23863.68674535377,0.1062480031102817,-2.241885150623388,UM,-0.2912377446624314,,,293.1154456,,,-0.7259081394261464,0.6146691683891559,41285.88234229262,0.3102202708520987,0.9021775140531676,0.2963640511726688,0.2866681708932631
PRT,Skin and subcutaneous diseases,150.12381,62557.62220542784,0.2578239433845429,-1.3554395315718852,H,0.7576933230784961,4251.6,127431.44,3690.75784,44.1928,36170.0584736,0.7436194726614643,1.0449648317708449,37093.18332037167,0.7200463447835633,1.2093827503069654,0.631508282729977,-1.208001048063703
QAT,Skin and subcutaneous diseases,2.4176,7476.690014122441,0.0069722165322679,-4.964388857851515,H,-0.1760847243822053,762.52,20507.08,699.6647419999999,27.269,2408.958384,1.369961805366068,0.989886986857988,117119.99710764772,0.7299545000916665,-2.037060846775289,0.2392371935208548,1.371781134938292
ROU,Skin and subcutaneous diseases,187.50306666666663,77340.75381913302,0.2604677006121117,-1.3452380237095665,LM,-0.2801164056690808,1687.2,36692.92,931.5613616,26.8992,142187.626808,0.4608248454821719,0.3771459622024635,27423.4610312035,0.4874523989258137,0.3750403732716061,0.1897272502226155,-1.414890290235712
RUS,Skin and subcutaneous diseases,3826.1717538461535,683500.7890351347,0.6014220445734122,-0.5084417265525466,LM,0.5238738769881611,6103.04,95354.44,3038.264508,45.41480000000001,1224673.333888,0.0957556262539488,0.6043420724679949,32776.237809188046,0.5134613066095881,-1.1015342507663797,-0.0844816665060912,-1.31777901329783
RWA,Skin and subcutaneous diseases,702.0,59767.18344173432,1.2619095407215954,0.2326340067154009,L,0.0225057788146977,175.0,3518.68,35.758095000000004,0.71254,7801.1199232,-1.2878847399390634,-1.288958846411436,2101.280425014305,-1.447114924981552,-1.4361726892457254,-1.16608350471377,-1.7315574976418489
SAU,Skin and subcutaneous diseases,18.169925,130603.87918451724,0.0149468941812085,-4.20258293619736,UM,-0.3195537416096209,4051.96,88253.56,589.8781,22.165199999999995,63306.122842,1.087822954732511,0.8820262072369784,58198.93178177366,0.5981760344938795,-2.148347944755415,0.0678566205654127,-0.2326660492528014
SEN,Skin and subcutaneous diseases,305.3336,57606.0142319579,0.5694566548029985,-0.5630550495158815,L,-0.2795214348056261,181.24,3415.92,435.4852584,1.1557000000000002,10467.9669544,-1.1288642282346195,-1.5046804056534564,3670.3894565647,-1.5296003179215203,0.447470244303365,-0.6405164143170818,-0.5408887977947744
SGP,Skin and subcutaneous diseases,1659.3419333333334,26830.337089874603,4.785444763514294,1.5655810597858868,H,1.8002535864272085,3571.44,149622.84,6402.609976000002,20.4104,12778.507642,1.640414410801008,1.2813405828551865,102904.17860234065,1.2278393043239095,-0.6695973160083207,0.943801771226561,-0.0975547074261829
SLB,Skin and subcutaneous diseases,22855.0,3896.1767016978424,20.0,2.995732773553866,L,-0.5771758690325169,10.12,308.8,,1.8258,,-1.0628404320668117,-1.2568301035456035,2484.863991460149,-0.995550746814698,-0.0138427540276611,-0.4462850983009133,-0.5641110596712247
SRB,Skin and subcutaneous diseases,66.20601111111111,36960.269916689045,0.1909342509945423,-1.655773773150377,UM,0.078537672786454,1172.16,24938.56,1709.916424,29.2386,39829.6700988,-0.9026283560717088,-0.0611818868956836,18124.0177351574,0.3217385013977691,-0.2903507809922484,0.1668765071618901,-1.6893352033210305
SVK,Skin and subcutaneous diseases,63.41018181818181,21778.58036039983,0.1828712433764249,-1.698918280093783,UM,0.0790428851144737,711.76,20155.96,2604.693996,33.9888,34136.6889316,1.0561154061859035,0.8017043500723969,30335.36358264918,0.7200463447835627,1.0267537836496354,1.1646922874802412,-0.9588895115708752
SVN,Skin and subcutaneous diseases,32.359033333333336,8398.334358790718,0.0933215532655844,-2.3715970368173256,H,1.5688212044735264,826.24,27272.8,3843.0390280000006,27.227199999999996,9423.0723276,0.4858611588299455,0.9302193215357276,39279.976435910976,1.0529603631358675,0.9916268504883106,0.905717199458686,0.160001287930808
SWE,Skin and subcutaneous diseases,369.53111875,58983.8154103983,0.6730883237152129,-0.3958638623634409,H,3.5012809270090774,10995.76,518697.44,6472.473894,38.8488,24547.856226400003,1.473524592750634,0.8613720153946574,57211.250518340894,1.2753984498028084,1.3132092607130048,1.522687262098276,0.4513351187444545
THA,Skin and subcutaneous diseases,519.3097076923077,414868.37172103825,0.1344838135960737,-2.006237076566297,LM,-0.0890658759016732,2742.76,67800.16,897.2197834,4.1786,146109.074908,-1.0712678786124514,0.67777919901847,17420.47860657954,0.1337312544264902,-0.8848663533022793,0.6924435975585773,0.886224750248882
TUN,Skin and subcutaneous diseases,72.18246666666667,45036.9779102554,0.1721933519069316,-1.7590792219809035,LM,0.0009232107428812,844.36,14196.08,1474.0663639999998,11.498,20373.418867999997,0.4116063108887263,0.2968241050378812,11883.999462028434,-0.0837527545863996,-0.5494507702839665,-0.5719641851349045,-0.8322226286084204
TUR,Skin and subcutaneous diseases,3140.686694444444,341404.23477034323,0.9883473736630852,-0.0117109324031997,UM,0.2945397931399904,9173.76,161346.6,1180.9438388,17.195600000000002,205899.00472800003,0.2173835384083884,0.4092747050682964,24132.177663504997,0.2788857296902191,-0.4148493361348195,-1.417441678381752,-1.495112649445267
TWN,Skin and subcutaneous diseases,3632.530015384616,139822.49206407985,2.791168626817961,1.026463953515868,H,0.164071915090892,7309.68,202897.52,,,,0.9879854174359308,0.9554633337874534,49027.62762815805,1.1454777633252913,0.9052083777551394,0.1744934215154649,-0.1271103134507558
UGA,Skin and subcutaneous diseases,7737.425183333333,203926.16281405193,4.076405857588819,1.4052181360611993,L,-0.5072401214689258,836.28,21372.24,30.2253728,1.1968,14749.42476,-1.2844238342586884,-1.3876399852136367,2351.4495322320777,-1.2984925953599873,-1.0811730638454349,-2.148665456324972,0.1177789936099899
UKR,Skin and subcutaneous diseases,813.52659,175662.9577340907,0.4975600045674292,-0.6980190195842425,L,0.0263689861798188,1320.52,13619.72,1140.1403976,32.0196,359398.68044400006,1.3067507525185311,0.654830096971447,15902.135507178204,0.2677390549686009,-0.4111190423477763,-0.0235463516774898,-1.1193342299899844
USA,Skin and subcutaneous diseases,24048.02104583333,1942159.1581077068,1.3302964372635393,0.2854093196522953,H,2.8302856098528664,196098.56,8732175.16,3937.0878280000006,28.6468,934111.267824,1.531247288427929,1.1413510603683428,63579.52211583438,1.1916745374493285,1.1408386019700445,0.86763262769081,2.296449380564211
VEN,Skin and subcutaneous diseases,450.84825,130981.8896540112,0.369805221004072,-0.9947518007786214,UM,-0.341527656895934,225.92,8078.48,205.77687919999997,17.6204,27298.575182399996,-0.9929102806348242,0.3817357826118681,,0.0571907546713842,-0.8264250839719341,-0.2825214396990471,-0.9588895115708752
VNM,Skin and subcutaneous diseases,363.2623,517910.1219402911,0.075356345942693,-2.585394443890286,L,-0.4934521846142816,927.6,19423.76,525.8847767999999,7.8774,187418.696472,-0.514446394638925,0.0030755988359821,8760.437449736877,-0.1976965406295996,-1.6107193526977948,0.3268317085869689,-1.174223212607048
ZAF,Skin and subcutaneous diseases,546.4713857142857,240222.8323539574,0.2444032883531851,-1.408894681832219,UM,0.0291253425765472,4149.12,125429.28,404.9987222,7.338399999999999,123314.596444,0.1460837543893123,-0.0382327848486599,13658.44123280344,-0.2863745306371325,0.7082799515808104,-2.2553022572750243,-0.1271103134507558
AFG,Substance use disorders,2400.0,49781.60702488635,2.7985234346838337,1.029095506636791,L,-0.5977808384269677,64.9,1727.86,,2.4104,13906.3606524,-1.2536259804415315,-1.562053160771015,2426.9467970680007,-1.6626173029328206,-1.168834967840953,0.2163864504601283,-0.2073326726603103
ARE,Substance use disorders,143.9911,28318.086737228863,0.2783811706142942,-1.278728065772302,H,0.1920029761475444,1116.96,24179.72,2305.6505460000003,21.4316,11601.6235952,1.5859591123627317,0.739741774545433,75883.36711327448,0.799806995013803,-1.9344777676315972,-0.4500935554777018,0.6962244258052003
ARG,Substance use disorders,129.24516666666668,159296.61329746875,0.0470971239068432,-3.0553310387209183,UM,-0.1971266896177451,2264.52,74790.52,1070.2597744000002,44.25206,181393.79928400004,-0.1479497937403469,0.7764603378206705,25990.3505237228,0.6905695827419523,0.8295144996597187,0.3344486229405448,-0.4775553563135469
AUS,Substance use disorders,34109.33920588235,168997.0973690913,11.716035503314952,2.4609593128189,H,1.686037901709881,22961.92,947877.52,4359.00251,33.058800000000005,85850.1701944,1.456383302363544,1.3180591461304236,54212.04883866928,1.2635086634330837,1.1629095068767166,0.669592854497853,2.2668937745396383
AUT,Substance use disorders,229.493925,62663.49098304231,0.2125901930975828,-1.548341904807614,H,2.655772449106955,5286.92,240017.96,4695.050182000001,48.396800000000006,63505.0815056,1.6309661067007597,0.8590771051899555,60268.85667814417,1.1438676880877248,1.1294922917011208,0.9514186855801358,1.3042254640249829
BEL,Substance use disorders,469.35472,65167.66779466606,0.4180763774108215,-0.872067223281923,H,2.2618360855426443,7814.2,391540.56,4406.680888,31.26,65894.4112724,1.0201304133783438,1.1229917787307244,56940.3921111463,1.2300686392682318,1.2583428562619086,1.24847834536957,-0.013110118784546
BGD,Substance use disorders,1049.3366,272565.75859891274,0.2234756161131818,-1.49840822443497,L,-0.5977808384269677,1578.28,27412.72,,4.420799999999999,98716.98583,-1.0628404320668117,-1.4312432791029814,5113.32897934955,-0.8813592568887959,-0.8733646141255625,-0.2672876109918965,-1.2797789484090936
BGR,Substance use disorders,6.9867,31024.988109510195,0.0130721520380246,-4.336506417585513,LM,-0.0529334492358485,540.64,14482.68,1794.3050359999995,39.0588,51813.283158,0.3708480312202768,0.1866684152121687,22821.77151822954,0.4636728261863637,0.4064370126458878,0.3725331947084208,-1.5500016320623302
BLR,Substance use disorders,14.7126,171371.3708340641,0.0049835380148263,-5.299610599448073,LM,-0.0607532128429428,198.64,3022.28,1472.9208640000004,39.4592,100249.4446188,0.8904415654722012,0.624996264310316,22194.85517432224,0.4379116223852935,-1.3315690343007185,0.0602397062118369,-1.030667411916266
BRA,Substance use disorders,4498.9072352941175,1215627.352616175,0.2148291417122899,-1.5378657089617491,UM,0.5891447452387177,13637.08,322292.68,714.2783391999999,20.265399999999996,489032.7424200001,-0.3604685310344718,0.8039992602770988,17255.480171781295,0.1272909534762228,0.9720428081063328,-0.0844816665060912,-0.4606664385852196
CAN,Substance use disorders,2777.949985,338797.3155670837,0.4759606842645784,-0.7423990143267732,H,1.489609040499211,29544.04,1275399.56,4570.958856,22.546620000000004,99529.369204,0.875489649203869,1.3731369910432796,54193.397774207595,1.2082706975904025,1.0116771795936688,0.9361848568729852,2.102226826688448
CHE,Substance use disorders,3869.141406666667,56423.72859582055,3.980516595788938,1.3814141210438171,H,2.83128423767282,11251.64,585294.32,4556.711074,40.1264,40273.9280124,1.5890091833903168,1.1229917787307244,75268.81661408668,1.322462187516304,1.262539436772333,0.9361848568729852,1.3760033643703735
CHL,Substance use disorders,935.79285,86997.25730776213,0.6243969599388409,-0.4709529438000988,UM,-0.4130662354494351,1847.84,56678.32,427.5335204,18.3712,38510.5147576,1.0855542670616256,0.5905726112397812,25118.03849731798,0.6531662964538584,1.18093926018076,0.2963640511726688,0.316223776917836
CHN,Substance use disorders,3178.826053333333,4573763.682433957,0.040344065531471,-3.210063132675843,LM,1.4510467220526826,70455.56,1591215.32,1135.717754,17.930799999999998,4576265.56984,-0.4306275453050752,0.5951624316491857,12907.16100572696,-0.0636887400874875,-1.873083349053176,1.4389012042089502,-1.7653353330985035
COL,Substance use disorders,46.639,156138.4450661053,0.0173390779269702,-4.05421591942112,LM,-0.5575000287062973,1535.84,34683.2,70.2291404,18.6208,74993.781868,-1.260564016157332,0.6410606357432325,15052.503408239549,0.096080264255694,0.2129280224430147,-0.0768647521525165,0.088223387585417
CZE,Substance use disorders,806.01824,58695.22320683443,0.7971292213261836,-0.2267259337328386,UM,1.1611697366947522,2464.28,83101.08,3115.7949599999997,38.12964,73756.44399880001,1.2863611701080897,0.9462836929686442,40335.77650259335,0.948181620752665,1.142082033232391,1.3551151463196212,-0.7013335162138837
DEU,Substance use disorders,27601.585314285712,564116.7668850112,2.8402177488916966,1.0438842422295302,H,2.728296832832491,34293.0,1532108.0,4359.623428000001,39.07,677483.163832,1.515365013659394,1.1138121379119152,57073.37934866153,1.3090861778503635,1.228189648149975,1.4998365190375504,0.8735580619526369
DNK,Substance use disorders,1314.9987833333332,63230.40567075641,1.2072188312911416,0.1883275109655888,H,2.688188615952814,7153.56,338384.52,6645.832076,37.828,17918.6769232,1.518770655459118,0.8980905786698948,63245.14222976299,1.2768846730990249,1.3472481915197752,1.0732893152373375,1.0128916332113371
DOM,Substance use disorders,1675.2638,27370.85745624553,3.238824467149364,1.1752135327237232,LM,-0.6163180276179551,76.56,1606.92,23.9788592,15.9652,13655.559303199998,-0.1924475372210277,0.4207492560918083,16818.470743654518,-0.0089461820102115,0.2587795502420891,0.288747136819093,0.3120015474857542
ECU,Substance use disorders,24.4968,49064.52087368527,0.0289820040461968,-3.540735209559047,LM,-0.465617549869982,328.24,6772.68,240.1625596,15.6632,22522.0236884,-0.2250687763546017,0.487301652028176,12441.051274374971,0.0782455847011063,0.2217874701872428,-0.983277560227966,-1.0180007236200206
EGY,Substance use disorders,202.8492,117584.69310885402,0.1001403552496597,-2.301082669700768,LM,-0.1462666824577513,5285.44,71870.08,621.9283252000001,6.3452,133970.47101199997,-0.6458053506197035,0.4850067418234732,13357.879306684385,-0.2197421861901304,-1.449850433131551,-0.5491134420741792,-1.030667411916266
ESP,Substance use disorders,4647.880958823529,216924.35059190137,1.243750616180831,0.2181395450770159,H,0.7212703352108207,17886.52,638478.0,2728.3601160000003,37.743199999999995,142394.354176,1.3191574531884838,0.8797312970322765,43711.9780393328,0.9521448828759064,1.1705255233585974,1.2256276023088415,-0.4944442740418742
EST,Substance use disorders,1178.0,22179.822621134183,2.277453391102912,0.823062275863801,UM,0.9088682387994828,389.56,18838.48,3225.7261000000003,32.8172,6929.693693999999,1.3200029007099876,0.551559137759841,34147.59681739785,0.88303549960188,1.222438778561617,1.126607715712365,-1.0222229530521023
ETH,Substance use disorders,13540.0,223190.41954684124,3.52151655393331,1.2588945756926635,L,-0.4948360047777304,1176.0,22007.16,52.3478988,0.5660000000000001,26162.863530400005,-1.6890782080036626,-2.3698615528262392,1821.9964066710625,-1.9155229671721832,-1.2364465427311138,0.3192147942333942,-0.6886668279176381
FIN,Substance use disorders,465.7560888888889,57688.617050098575,0.4686569175814772,-0.7578629598996719,H,3.215384091565292,4334.96,206147.32,7524.242588000001,34.032000000000004,27518.692702,1.2316545120575315,1.0449648317708449,53891.28379728628,1.2513711731806567,1.1834261227054552,1.3017967458445934,0.4555573481765362
FRA,Substance use disorders,1689.9425733333333,409773.9202769867,0.239394545385855,-1.429600499464342,H,1.9322709532508728,21434.08,1005259.36,4058.14122,32.8628,422344.22919199994,1.2577313164408972,0.9003854888745976,50206.07391192202,1.0217496739153389,1.1953941486055528,1.3017967458445934,-0.5915555509797563
GBR,Substance use disorders,30413.16905909091,573671.0148790024,3.0774101875643955,1.124091644561262,H,1.7873119443352363,50955.64,2309909.96,4100.1239000000005,26.6688,191846.488844,1.5557859539332275,1.1138121379119152,48709.53277199082,1.1844911248509518,1.127160858084218,1.2027768592481172,1.8531152901956205
GEO,Substance use disorders,164.9786,18226.88309488611,0.3189567674273437,-1.1426683589678788,L,-0.5943974545469862,150.76,4053.08,1033.0797744,49.87840000000001,15784.702178799998,-0.7122671795473384,0.193553145826276,13219.248340109913,0.3465088896680306,-0.0837857625347237,0.2582794794047928,-1.347334619322403
GRC,Substance use disorders,353.6604333333333,50684.41563781215,0.4050406856145758,-0.9037430700405448,H,0.2951881062187891,4336.72,150813.44,2715.1557740000003,56.946000000000005,48714.6293188,1.127178183699807,0.4230441662965101,34962.40147931398,0.9199433781245676,1.1296477206089144,0.4563192525977476,-1.8624466100363852
GTM,Substance use disorders,682.3396,124261.84566173558,0.3187494140856778,-1.1433186485591922,LM,-0.8004733066932486,99.44,2566.92,23.9059628,8.4648,8965.4912772,-0.4238102430226781,-0.4077133278057371,10493.190490144729,-0.6571872430429359,-0.0018747281275638,-0.5262626990134538,0.7131133435335272
HUN,Substance use disorders,15.6929,61012.90330164088,0.0149302862528529,-4.203693939296831,UM,0.6803707045015658,2102.56,78112.24,2685.499484,32.2488,71875.4526304,0.7481050872363765,0.7351519541360284,30921.08529583642,0.6828907623781721,0.4529102560761359,1.2637121740767174,-1.0686674768050024
IDN,Substance use disorders,165.0,262553.2453621543,0.036479860744894,-3.310720844794993,L,-0.6656954802255216,3763.72,23272.12,210.39034100799995,3.1054000000000004,225577.216428,-0.3561563550969788,-0.5224588380408542,10027.896402198325,-0.31758521985766,0.27851902153186,-0.4196258980634005,1.2662253991362464
IND,Substance use disorders,9385.3531,3384251.7856063764,0.1609809804939362,-1.826406937343746,L,0.0720960873777242,20999.84,361898.64,187.8770994,7.322399999999999,2253635.67836,-0.61746182271422,-0.6119603360242456,5997.703428215718,-0.7773236261537012,0.1022626400940626,-0.6633671573778073,-0.9968895764596114
IRL,Substance use disorders,2497.60876,37469.69198193196,3.869286645393351,1.353072745147603,H,0.7307749947545085,3862.56,148567.64,4045.541872,34.0572,16883.00737,0.6240834065073566,0.7856399786394805,78796.19120554483,1.188206683091492,1.2448205412838769,1.0656724008837637,2.102226826688448
IRN,Substance use disorders,376.2,381783.3927087611,0.0571989921694214,-2.8610441871927987,LM,-0.1557949356736106,7732.64,138160.44,1107.6320056,11.578600000000002,135331.79713999998,-0.2543426108629983,0.5836878806256739,15041.31246333119,0.2729408365053547,-1.5152860033126028,0.5477222248406503,0.1431123702024811
ISL,Substance use disorders,200.0,2348.815179892793,0.3866644127509189,-0.9501722507739792,H,2.279052798450904,355.56,19543.32,6682.198872,38.19,1133.7224292,1.2446929142492145,1.2331474685564368,59846.93658326752,1.3556545077984543,1.1394397417999025,1.0656724008837637,1.2408920225437552
ISR,Substance use disorders,2129.31275,22450.790539014164,4.116647320208972,1.4150415040087172,H,4.973907159605384,5799.44,244241.44,,35.7984,25646.0703424,1.2440864165759786,0.9325142317404296,39990.70193898606,0.9964838778796736,0.658542701086899,0.9285679425194104,0.4006683655594721
ITA,Substance use disorders,1231.6222272727273,213894.00588631793,0.3342454641226577,-1.0958497157211131,H,0.7472433779301987,27038.92,1044767.56,1939.442776,40.6904,211767.055088,0.8954470267798256,0.8728465664181693,49972.48038745556,0.995988470114268,1.086438484242328,1.24847834536957,0.1051123053137447
JPN,Substance use disorders,931.1684181818182,200068.98622581403,0.2701687322190189,-1.308671567808488,H,3.232001217456847,32291.16,953951.56,5272.902023999999,22.9328,1709055.64024,1.5721622277790648,0.9554633337874534,42257.92967148511,1.1347026444277288,1.026598354741841,0.7000605119121542,-1.334667931026157
KAZ,Substance use disorders,1070.0,212859.73538276536,0.2917943498852823,-1.2316717359268283,LM,-0.6258432033983137,310.16,6497.16,535.2867768,36.1964,113626.77276320002,-0.2543426108629983,0.9095651296934067,27333.243732460403,0.3777195788885594,-1.2653563195806996,0.0602397062118369,-1.0180007236200206
KEN,Substance use disorders,2617.300685714286,51886.29998969158,2.9281109935949576,1.0743609181943932,L,-0.2059053308362432,958.72,28060.28,148.20428219999997,1.6988,59290.953204,-0.8837322135441875,-1.0617627361459043,4610.232110620364,-0.9873765186855128,-0.3242342828912252,-1.0670636181172928,1.22822533424751
KHM,Substance use disorders,2396.0,25597.66840695289,4.632239664756009,1.5330426388086444,L,-0.7358589580161591,118.96,3149.44,25.740740800000005,1.9989999999999997,10587.494602,-0.8422434767823592,-1.0525830953270952,4524.759432725333,-1.1194026881660022,-1.150183498905737,0.3344486229405448,-1.495112649445267
KOR,Substance use disorders,404.625,65708.6908583805,0.3574509998882336,-1.0287290140206788,UM,3.817072996717791,15668.2,409587.4,6080.884064,20.5616,475607.754164,1.4261136430282402,1.0633241134084632,41569.26564396438,1.04181368841425,0.8637088593742831,1.019970914762314,-0.3466662439190105
LBN,Substance use disorders,22.4541,8740.43580021834,0.043411006951752,-3.136811923834706,UM,-0.4678020161695108,793.44,24871.56,,24.6196,16220.9302684,-1.0788283613009042,0.0856923662052662,14167.592478390638,0.0965756720210983,-0.5667033790490419,-1.9277749400712896,-0.2875550318698647
LKA,Substance use disorders,1360.0,55663.33139538366,1.418261559576504,0.349438918643638,LM,-0.690422161567146,442.4,10503.36,106.5670474,7.6884000000000015,74974.4832076,-0.2543426108629983,0.1430651213228248,10999.968054238268,0.1337312544264902,-0.2877084895597593,0.2658963937583676,1.6884483423444288
LSO,Substance use disorders,742.0,5681.159458631321,1.4345249713059092,0.3608407348844814,L,-0.8014752684016613,24.64,516.4,17.112728,1.8528,2528.5819,-0.833959060508108,-1.0479932749176906,2572.4743171143664,-1.4245738716556144,0.0138235915595765,-1.16608350471377,-0.3931107676719107
MCO,Substance use disorders,0.3992,102.9412538418538,0.0007717821678508,-7.153934413958882,H,-0.8069646439759053,,,303.57021199999997,78.2864,641.2279255999999,1.640414410801008,1.0013615378815,,1.1641794064693385,1.1709918100819778,1.0656724008837637,0.6371132137560546
MEX,Substance use disorders,1900.30657,419589.7286822256,0.262896884805705,-1.3359553596633529,UM,-0.4004159239181893,3497.52,89418.84,303.6330748,21.1272,118420.111624,-0.4816462417038926,0.5010711132563898,20862.6077118635,0.1892169241518748,0.3029213600554353,0.3572993660012702,-0.4184441442644015
MWI,Substance use disorders,16.7454,31237.406604452037,0.031117677383575,-3.469657907540978,L,-0.5072401214689258,332.88,9001.64,42.9861488,0.3731999999999999,17978.519106400003,-0.9663518487866488,-1.369280703576018,1500.3485355091457,-1.5744347206906932,-0.2205632013929792,-1.16608350471377,0.4893351836331908
MYS,Substance use disorders,1324.0,44053.29808420015,1.744601236007675,0.556531743445442,UM,0.3205595102977949,2605.48,55587.32,1096.0548646,13.974800000000002,56728.86625879999,0.9490977587343962,0.7007283010654937,26017.720142413487,0.3222339091631748,-0.8323313824680858,-1.50122773627108,0.172667976227054
NAM,Substance use disorders,165.7332,6906.3180400840565,0.3204156522566529,-1.13810500376981,LM,-0.4431584255864033,64.68,1245.32,168.65080719999995,4.247199999999999,5608.9638,-0.3877370729215434,-0.4077133278057371,10254.713643524048,-0.7473514563466852,0.3315202790894335,-2.415257458700104,-0.4311108325606471
NGA,Substance use disorders,926.0,166567.4517473647,0.3227063145071842,-1.1309816249356934,L,-0.5965390932024645,2139.6,34309.04,30.4566354,3.4715999999999996,70528.5225,-0.960798900109685,-1.5551684301569078,7594.354887665404,-1.3435747020118616,-0.3508126261239092,-2.2553022572750243,0.8017801616072459
NLD,Substance use disorders,5150.766744444444,66226.57835242184,4.51467179861655,1.5073347078884751,H,1.6760164894550469,16957.44,859167.12,4281.813516,31.9052,62550.2333876,1.5517671302296476,0.9715277052203698,62999.86555815831,1.2560775469520056,1.1470557582817829,1.012354000408737,1.8024485370106376
NOR,Substance use disorders,494.33346666666665,43621.4149508713,0.6578197119333262,-0.4188091776043125,H,1.346422634431936,4862.76,209808.6,5739.830929999999,41.2756,20221.0005844,0.8433966781901925,1.0793884848413795,85207.42722944335,1.3868651970189827,1.2600525742476367,0.981886342994438,1.0213360920755006
NPL,Substance use disorders,306.0,52716.69412682375,0.3369456680340467,-1.087803906143481,L,-0.5849687050789807,901.52,11567.88,59.65797,5.1694,8137.124040399999,-0.842358014740521,-1.4518974709453023,3508.52037662225,-1.082247105760611,-0.3497246237693546,-0.015929437323915,-0.3762218499435834
NZL,Substance use disorders,1707.3942444444444,24874.90248894871,3.3009429643120503,1.1942112038486212,H,0.7569952581257706,3266.96,128033.0,4179.645111999999,28.086,11776.8108888,1.1486204745742885,1.2560965706034597,43747.40306150099,1.2322979742125555,1.2142010464485624,1.0352047434694611,2.2668937745396383
PAK,Substance use disorders,2880.74152,438277.339075269,0.38154159804962,-0.9635091869454244,L,-0.5323366079765423,2507.96,50960.8,218.36298560000003,8.3796,102724.429004,-0.61746182271422,-1.0938914790117371,4604.534345725936,-1.3683450902821224,-0.741250042501111,0.2163864504601283,-1.1700009831749665
PAN,Substance use disorders,4.584,10320.39927800079,0.008862348340251,-4.724815766827126,UM,-0.6140284156054884,76.24,4280.52,118.2820104,14.8664,7854.0216504,-0.7564787574548428,0.6731893786090654,25958.763735724344,0.3569124527415395,0.6501495400660523,0.2468541078744295,-0.0088878893524642
PER,Substance use disorders,16568.591266666666,74614.83211872562,12.889825461501742,2.556439052052072,LM,-0.6981916603943965,622.88,16100.88,,14.3462,48266.29250039999,-0.6962755389557354,0.1453600315275267,12528.092016874456,0.0827042545897528,0.7769795288255256,-0.6024318425492058,-0.6380000747326562
POL,Substance use disorders,1044.6952285714283,353155.86521404027,0.1717156215639643,-1.7618572993577228,UM,0.3119632071327089,6545.88,171263.2,2251.738904,25.763999999999996,247467.471128,1.4163487598517872,0.6640097377902562,29884.23115253326,0.8156600435067692,0.9036540886772048,0.7762296554479063,-0.7562224988309474
PRI,Substance use disorders,1253.0028,26308.728381491954,2.422457959186285,0.8847868383532247,UM,-0.2912377446624314,,,293.1154456,,,-0.7259081394261464,0.6146691683891559,41285.88234229262,0.3102202708520987,0.9021775140531676,0.2963640511726688,0.2866681708932631
PRT,Substance use disorders,656.032,56404.91823802669,0.6751412887758595,-0.392818481703532,H,0.7576933230784961,4251.6,127431.44,3690.75784,44.1928,36170.0584736,0.7436194726614643,1.0449648317708449,37093.18332037167,0.7200463447835633,1.2093827503069654,0.631508282729977,-1.208001048063703
PRY,Substance use disorders,45.3312,29625.75872314522,0.0876398091364722,-2.4344058451817565,LM,-0.7439433810763073,61.48,1653.72,119.17626299999998,17.148000000000003,5292.8180728,0.0087721680868115,0.3473121295413333,13192.181127501142,-0.0763216381053215,0.0716431452587482,-0.7928547013885858,-0.4395552914248105
QAT,Substance use disorders,400.0,3902.895280144503,0.7733288255018379,-0.257038001073078,H,-0.1760847243822053,762.52,20507.08,699.6647419999999,27.269,2408.958384,1.369961805366068,0.989886986857988,117119.99710764772,0.7299545000916665,-2.037060846775289,0.2392371935208548,1.371781134938292
RUS,Substance use disorders,2110.32796875,3103369.066688035,0.039473273739452,-3.231878146389299,LM,0.5238738769881611,6103.04,95354.44,3038.264508,45.41480000000001,1224673.333888,0.0957556262539488,0.6043420724679949,32776.237809188046,0.5134613066095881,-1.1015342507663797,-0.0844816665060912,-1.31777901329783
SAU,Substance use disorders,2717.9973,49164.4158157211,3.2091111267518184,1.16599710736482,UM,-0.3195537416096209,4051.96,88253.56,589.8781,22.165199999999995,63306.122842,1.087822954732511,0.8820262072369784,58198.93178177366,0.5981760344938795,-2.148347944755415,0.0678566205654127,-0.2326660492528014
SGP,Substance use disorders,133.70736,10126.064952903313,0.2584993891743785,-1.3528232639355215,H,1.8002535864272085,3571.44,149622.84,6402.609976000002,20.4104,12778.507642,1.640414410801008,1.2813405828551865,102904.17860234065,1.2278393043239095,-0.6695973160083207,0.943801771226561,-0.0975547074261829
SRB,Substance use disorders,6.9636000000000005,48275.17056198323,0.0083732993591471,-4.78151372369953,UM,0.078537672786454,1172.16,24938.56,1709.916424,29.2386,39829.6700988,-0.9026283560717088,-0.0611818868956836,18124.0177351574,0.3217385013977691,-0.2903507809922484,0.1668765071618901,-1.6893352033210305
SVK,Substance use disorders,598.0528,28362.49517387326,1.156228673530214,0.1451722139307571,UM,0.0790428851144737,711.76,20155.96,2604.693996,33.9888,34136.6889316,1.0561154061859035,0.8017043500723969,30335.36358264918,0.7200463447835627,1.0267537836496354,1.1646922874802412,-0.9588895115708752
SVN,Substance use disorders,717.88275,17343.918457827574,1.3878985597638236,0.3277979807817955,H,1.5688212044735264,826.24,27272.8,3843.0390280000006,27.227199999999996,9423.0723276,0.4858611588299455,0.9302193215357276,39279.976435910976,1.0529603631358675,0.9916268504883106,0.905717199458686,0.160001287930808
SWE,Substance use disorders,3959.7837625,73703.54394239461,3.118672121630644,1.1374105156734304,H,3.5012809270090774,10995.76,518697.44,6472.473894,38.8488,24547.856226400003,1.473524592750634,0.8613720153946574,57211.250518340894,1.2753984498028084,1.3132092607130048,1.522687262098276,0.4513351187444545
SYR,Substance use disorders,538.0,29899.13327368382,1.040127270299972,0.0393526951163288,LM,-0.8144638413850175,151.84,2188.76,96.7019363996,14.2816,29217.336314799995,-0.2543426108629983,0.2853495540143702,6713.927078335845,-0.7689016941418123,-1.6607674610072929,-0.0959070380364544,0.0797789287212536
THA,Substance use disorders,1532.664288888889,214707.33270421572,0.414368544788866,-0.8809753635353337,LM,-0.0890658759016732,2742.76,67800.16,897.2197834,4.1786,146109.074908,-1.0712678786124514,0.67777919901847,17420.47860657954,0.1337312544264902,-0.8848663533022793,0.6924435975585773,0.886224750248882
TUN,Substance use disorders,1300.0,24508.05562030728,2.5133186828809726,0.9216080430374328,LM,0.0009232107428812,844.36,14196.08,1474.0663639999998,11.498,20373.418867999997,0.4116063108887263,0.2968241050378812,11883.999462028434,-0.0837527545863996,-0.5494507702839665,-0.5719641851349045,-0.8322226286084204
TUR,Substance use disorders,2920.3843333333334,130142.70686548424,1.3025871602514894,0.2643600870659802,UM,0.2945397931399904,9173.76,161346.6,1180.9438388,17.195600000000002,205899.00472800003,0.2173835384083884,0.4092747050682964,24132.177663504997,0.2788857296902191,-0.4148493361348195,-1.417441678381752,-1.495112649445267
TWN,Substance use disorders,29498.9043,67062.66201092508,20.0,2.995732773553866,H,0.164071915090892,7309.68,202897.52,,,,0.9879854174359308,0.9554633337874534,49027.62762815805,1.1454777633252913,0.9052083777551394,0.1744934215154649,-0.1271103134507558
TZA,Substance use disorders,13001.2054,96717.02291597404,7.803102615171498,2.0545227073220977,L,-0.3009049953817357,574.24,14129.28,27.44056920000001,0.5366,34089.553026400004,-1.2874065621011082,-1.598771724046252,2943.8138350321356,-1.3787486533556326,-0.5241158583136302,0.7305281693264534,0.0628900109929266
UGA,Substance use disorders,5117.303933333334,53039.49869064316,5.600520867546133,1.7228613910241737,L,-0.5072401214689258,836.28,21372.24,30.2253728,1.1968,14749.42476,-1.2844238342586884,-1.3876399852136367,2351.4495322320777,-1.2984925953599873,-1.0811730638454349,-2.148665456324972,0.1177789936099899
UKR,Substance use disorders,2728.7929999999997,658339.36933367,0.2406065155441264,-1.424550834638097,L,0.0263689861798188,1320.52,13619.72,1140.1403976,32.0196,359398.68044400006,1.3067507525185311,0.654830096971447,15902.135507178204,0.2677390549686009,-0.4111190423477763,-0.0235463516774898,-1.1193342299899844
URY,Substance use disorders,2.9524,12083.22089114189,0.005707940061029,-5.1641466676432435,UM,-0.3238726658817929,296.0,10230.92,615.0790922,41.8794,6442.1798528,-0.4592438262531174,0.9210396807169186,25109.14942301282,0.4971128503512155,1.2160661933420849,0.4715530813048982,-0.5408887977947744
USA,Substance use disorders,242157.6871,5245475.738349732,2.6797852709974057,0.9857404001859138,H,2.8302856098528664,196098.56,8732175.16,3937.0878280000006,28.6468,934111.267824,1.531247288427929,1.1413510603683428,63579.52211583438,1.1916745374493285,1.1408386019700445,0.86763262769081,2.296449380564211
VEN,Substance use disorders,25.3648,72853.05486664429,0.0202101852095645,-3.901073905710468,UM,-0.341527656895934,225.92,8078.48,205.77687919999997,17.6204,27298.575182399996,-0.9929102806348242,0.3817357826118681,,0.0571907546713842,-0.8264250839719341,-0.2825214396990471,-0.9588895115708752
VNM,Substance use disorders,1856.2,278794.68911582744,0.3864798806659029,-0.9506495932743796,L,-0.4934521846142816,927.6,19423.76,525.8847767999999,7.8774,187418.696472,-0.514446394638925,0.0030755988359821,8760.437449736877,-0.1976965406295996,-1.6107193526977948,0.3268317085869689,-1.174223212607048
YEM,Substance use disorders,367.1029,39806.708062052494,0.5353257942669393,-0.6248610761423888,L,-0.5637744067861599,135.0,2537.48,,2.4524,15647.7173784,-0.5495704689222048,-1.217816630065664,,-1.5566000411361047,-1.345557636002131,0.2582794794047928,-1.478223731716939
ZAF,Substance use disorders,5223.969464705882,236509.2004860391,1.2821510968794174,0.2485470111962167,UM,0.0291253425765472,4149.12,125429.28,404.9987222,7.338399999999999,123314.596444,0.1460837543893123,-0.0382327848486599,13658.44123280344,-0.2863745306371325,0.7082799515808104,-2.2553022572750243,-0.1271103134507558
ZMB,Substance use disorders,799.9808333333334,31922.174613626412,1.4547009803945412,0.3748072419880404,L,-0.5940702205720861,246.32,6149.96,41.90146,1.4438000000000002,26718.732488,-1.2878847399390634,-0.9814408789813224,3255.1775640080373,-1.212043940296777,-0.3951098648450484,-0.937576074106514,0.4006683655594721
ZWE,Substance use disorders,919.5153,31299.582498007243,1.7053245092002034,0.533761284571433,L,-0.5072401214689258,244.4,5941.76,95.1253,1.26488,25704.12307,-0.9015173122490596,-1.0938914790117371,4759.5101951403985,-1.2489518188194657,-1.1296668830769985,-0.6862179004385326,-0.6844445984855564
